[2024-10-28T08:10:54.029+0000] {processor.py:186} INFO - Started process (PID=35) to work on /opt/airflow/dags/crawl/db/database.py
[2024-10-28T08:10:54.030+0000] {processor.py:914} INFO - Processing file /opt/airflow/dags/crawl/db/database.py for tasks to queue
[2024-10-28T08:10:54.032+0000] {logging_mixin.py:190} INFO - [2024-10-28T08:10:54.032+0000] {dagbag.py:588} INFO - Filling up the DagBag from /opt/airflow/dags/crawl/db/database.py
[2024-10-28T08:10:54.039+0000] {processor.py:927} WARNING - No viable dags retrieved from /opt/airflow/dags/crawl/db/database.py
[2024-10-28T08:10:54.050+0000] {processor.py:208} INFO - Processing /opt/airflow/dags/crawl/db/database.py took 0.028 seconds
[2024-10-28T08:11:24.282+0000] {processor.py:186} INFO - Started process (PID=42) to work on /opt/airflow/dags/crawl/db/database.py
[2024-10-28T08:11:24.282+0000] {processor.py:914} INFO - Processing file /opt/airflow/dags/crawl/db/database.py for tasks to queue
[2024-10-28T08:11:24.284+0000] {logging_mixin.py:190} INFO - [2024-10-28T08:11:24.284+0000] {dagbag.py:588} INFO - Filling up the DagBag from /opt/airflow/dags/crawl/db/database.py
[2024-10-28T08:11:24.289+0000] {processor.py:927} WARNING - No viable dags retrieved from /opt/airflow/dags/crawl/db/database.py
[2024-10-28T08:11:24.299+0000] {processor.py:208} INFO - Processing /opt/airflow/dags/crawl/db/database.py took 0.023 seconds
[2024-10-28T08:11:54.526+0000] {processor.py:186} INFO - Started process (PID=49) to work on /opt/airflow/dags/crawl/db/database.py
[2024-10-28T08:11:54.527+0000] {processor.py:914} INFO - Processing file /opt/airflow/dags/crawl/db/database.py for tasks to queue
[2024-10-28T08:11:54.529+0000] {logging_mixin.py:190} INFO - [2024-10-28T08:11:54.528+0000] {dagbag.py:588} INFO - Filling up the DagBag from /opt/airflow/dags/crawl/db/database.py
[2024-10-28T08:11:54.535+0000] {processor.py:927} WARNING - No viable dags retrieved from /opt/airflow/dags/crawl/db/database.py
[2024-10-28T08:11:54.546+0000] {processor.py:208} INFO - Processing /opt/airflow/dags/crawl/db/database.py took 0.024 seconds
[2024-10-28T08:12:24.802+0000] {processor.py:186} INFO - Started process (PID=56) to work on /opt/airflow/dags/crawl/db/database.py
[2024-10-28T08:12:24.802+0000] {processor.py:914} INFO - Processing file /opt/airflow/dags/crawl/db/database.py for tasks to queue
[2024-10-28T08:12:24.804+0000] {logging_mixin.py:190} INFO - [2024-10-28T08:12:24.804+0000] {dagbag.py:588} INFO - Filling up the DagBag from /opt/airflow/dags/crawl/db/database.py
[2024-10-28T08:12:24.809+0000] {processor.py:927} WARNING - No viable dags retrieved from /opt/airflow/dags/crawl/db/database.py
[2024-10-28T08:12:24.819+0000] {processor.py:208} INFO - Processing /opt/airflow/dags/crawl/db/database.py took 0.022 seconds
[2024-10-28T08:12:55.094+0000] {processor.py:186} INFO - Started process (PID=63) to work on /opt/airflow/dags/crawl/db/database.py
[2024-10-28T08:12:55.095+0000] {processor.py:914} INFO - Processing file /opt/airflow/dags/crawl/db/database.py for tasks to queue
[2024-10-28T08:12:55.097+0000] {logging_mixin.py:190} INFO - [2024-10-28T08:12:55.097+0000] {dagbag.py:588} INFO - Filling up the DagBag from /opt/airflow/dags/crawl/db/database.py
[2024-10-28T08:12:55.101+0000] {processor.py:927} WARNING - No viable dags retrieved from /opt/airflow/dags/crawl/db/database.py
[2024-10-28T08:12:55.111+0000] {processor.py:208} INFO - Processing /opt/airflow/dags/crawl/db/database.py took 0.021 seconds
[2024-10-28T08:13:25.378+0000] {processor.py:186} INFO - Started process (PID=80) to work on /opt/airflow/dags/crawl/db/database.py
[2024-10-28T08:13:25.379+0000] {processor.py:914} INFO - Processing file /opt/airflow/dags/crawl/db/database.py for tasks to queue
[2024-10-28T08:13:25.382+0000] {logging_mixin.py:190} INFO - [2024-10-28T08:13:25.382+0000] {dagbag.py:588} INFO - Filling up the DagBag from /opt/airflow/dags/crawl/db/database.py
[2024-10-28T08:13:25.389+0000] {processor.py:927} WARNING - No viable dags retrieved from /opt/airflow/dags/crawl/db/database.py
[2024-10-28T08:13:25.400+0000] {processor.py:208} INFO - Processing /opt/airflow/dags/crawl/db/database.py took 0.032 seconds
[2024-10-28T08:13:55.652+0000] {processor.py:186} INFO - Started process (PID=87) to work on /opt/airflow/dags/crawl/db/database.py
[2024-10-28T08:13:55.653+0000] {processor.py:914} INFO - Processing file /opt/airflow/dags/crawl/db/database.py for tasks to queue
[2024-10-28T08:13:55.656+0000] {logging_mixin.py:190} INFO - [2024-10-28T08:13:55.655+0000] {dagbag.py:588} INFO - Filling up the DagBag from /opt/airflow/dags/crawl/db/database.py
[2024-10-28T08:13:55.663+0000] {processor.py:927} WARNING - No viable dags retrieved from /opt/airflow/dags/crawl/db/database.py
[2024-10-28T08:13:55.674+0000] {processor.py:208} INFO - Processing /opt/airflow/dags/crawl/db/database.py took 0.034 seconds
[2024-10-28T08:14:25.945+0000] {processor.py:186} INFO - Started process (PID=94) to work on /opt/airflow/dags/crawl/db/database.py
[2024-10-28T08:14:25.946+0000] {processor.py:914} INFO - Processing file /opt/airflow/dags/crawl/db/database.py for tasks to queue
[2024-10-28T08:14:25.949+0000] {logging_mixin.py:190} INFO - [2024-10-28T08:14:25.948+0000] {dagbag.py:588} INFO - Filling up the DagBag from /opt/airflow/dags/crawl/db/database.py
[2024-10-28T08:14:25.958+0000] {processor.py:927} WARNING - No viable dags retrieved from /opt/airflow/dags/crawl/db/database.py
[2024-10-28T08:14:25.975+0000] {processor.py:208} INFO - Processing /opt/airflow/dags/crawl/db/database.py took 0.039 seconds
[2024-10-28T08:14:56.237+0000] {processor.py:186} INFO - Started process (PID=101) to work on /opt/airflow/dags/crawl/db/database.py
[2024-10-28T08:14:56.237+0000] {processor.py:914} INFO - Processing file /opt/airflow/dags/crawl/db/database.py for tasks to queue
[2024-10-28T08:14:56.239+0000] {logging_mixin.py:190} INFO - [2024-10-28T08:14:56.239+0000] {dagbag.py:588} INFO - Filling up the DagBag from /opt/airflow/dags/crawl/db/database.py
[2024-10-28T08:14:56.244+0000] {processor.py:927} WARNING - No viable dags retrieved from /opt/airflow/dags/crawl/db/database.py
[2024-10-28T08:14:56.255+0000] {processor.py:208} INFO - Processing /opt/airflow/dags/crawl/db/database.py took 0.023 seconds
[2024-10-28T08:15:26.541+0000] {processor.py:186} INFO - Started process (PID=108) to work on /opt/airflow/dags/crawl/db/database.py
[2024-10-28T08:15:26.542+0000] {processor.py:914} INFO - Processing file /opt/airflow/dags/crawl/db/database.py for tasks to queue
[2024-10-28T08:15:26.543+0000] {logging_mixin.py:190} INFO - [2024-10-28T08:15:26.543+0000] {dagbag.py:588} INFO - Filling up the DagBag from /opt/airflow/dags/crawl/db/database.py
[2024-10-28T08:15:26.548+0000] {processor.py:927} WARNING - No viable dags retrieved from /opt/airflow/dags/crawl/db/database.py
[2024-10-28T08:15:26.558+0000] {processor.py:208} INFO - Processing /opt/airflow/dags/crawl/db/database.py took 0.022 seconds
[2024-10-28T08:15:56.893+0000] {processor.py:186} INFO - Started process (PID=115) to work on /opt/airflow/dags/crawl/db/database.py
[2024-10-28T08:15:56.894+0000] {processor.py:914} INFO - Processing file /opt/airflow/dags/crawl/db/database.py for tasks to queue
[2024-10-28T08:15:56.897+0000] {logging_mixin.py:190} INFO - [2024-10-28T08:15:56.896+0000] {dagbag.py:588} INFO - Filling up the DagBag from /opt/airflow/dags/crawl/db/database.py
[2024-10-28T08:15:56.902+0000] {processor.py:927} WARNING - No viable dags retrieved from /opt/airflow/dags/crawl/db/database.py
[2024-10-28T08:15:56.914+0000] {processor.py:208} INFO - Processing /opt/airflow/dags/crawl/db/database.py took 0.026 seconds
[2024-10-28T08:16:27.152+0000] {processor.py:186} INFO - Started process (PID=122) to work on /opt/airflow/dags/crawl/db/database.py
[2024-10-28T08:16:27.153+0000] {processor.py:914} INFO - Processing file /opt/airflow/dags/crawl/db/database.py for tasks to queue
[2024-10-28T08:16:27.155+0000] {logging_mixin.py:190} INFO - [2024-10-28T08:16:27.155+0000] {dagbag.py:588} INFO - Filling up the DagBag from /opt/airflow/dags/crawl/db/database.py
[2024-10-28T08:16:27.160+0000] {processor.py:927} WARNING - No viable dags retrieved from /opt/airflow/dags/crawl/db/database.py
[2024-10-28T08:16:27.170+0000] {processor.py:208} INFO - Processing /opt/airflow/dags/crawl/db/database.py took 0.022 seconds
[2024-10-28T08:16:57.345+0000] {processor.py:186} INFO - Started process (PID=129) to work on /opt/airflow/dags/crawl/db/database.py
[2024-10-28T08:16:57.346+0000] {processor.py:914} INFO - Processing file /opt/airflow/dags/crawl/db/database.py for tasks to queue
[2024-10-28T08:16:57.348+0000] {logging_mixin.py:190} INFO - [2024-10-28T08:16:57.348+0000] {dagbag.py:588} INFO - Filling up the DagBag from /opt/airflow/dags/crawl/db/database.py
[2024-10-28T08:16:57.353+0000] {processor.py:927} WARNING - No viable dags retrieved from /opt/airflow/dags/crawl/db/database.py
[2024-10-28T08:16:57.363+0000] {processor.py:208} INFO - Processing /opt/airflow/dags/crawl/db/database.py took 0.022 seconds
[2024-10-28T08:17:27.558+0000] {processor.py:186} INFO - Started process (PID=136) to work on /opt/airflow/dags/crawl/db/database.py
[2024-10-28T08:17:27.559+0000] {processor.py:914} INFO - Processing file /opt/airflow/dags/crawl/db/database.py for tasks to queue
[2024-10-28T08:17:27.561+0000] {logging_mixin.py:190} INFO - [2024-10-28T08:17:27.561+0000] {dagbag.py:588} INFO - Filling up the DagBag from /opt/airflow/dags/crawl/db/database.py
[2024-10-28T08:17:27.566+0000] {processor.py:927} WARNING - No viable dags retrieved from /opt/airflow/dags/crawl/db/database.py
[2024-10-28T08:17:27.576+0000] {processor.py:208} INFO - Processing /opt/airflow/dags/crawl/db/database.py took 0.022 seconds
[2024-10-28T08:17:57.793+0000] {processor.py:186} INFO - Started process (PID=142) to work on /opt/airflow/dags/crawl/db/database.py
[2024-10-28T08:17:57.793+0000] {processor.py:914} INFO - Processing file /opt/airflow/dags/crawl/db/database.py for tasks to queue
[2024-10-28T08:17:57.796+0000] {logging_mixin.py:190} INFO - [2024-10-28T08:17:57.795+0000] {dagbag.py:588} INFO - Filling up the DagBag from /opt/airflow/dags/crawl/db/database.py
[2024-10-28T08:17:57.802+0000] {processor.py:927} WARNING - No viable dags retrieved from /opt/airflow/dags/crawl/db/database.py
[2024-10-28T08:17:57.815+0000] {processor.py:208} INFO - Processing /opt/airflow/dags/crawl/db/database.py took 0.027 seconds
[2024-10-28T08:18:28.038+0000] {processor.py:186} INFO - Started process (PID=148) to work on /opt/airflow/dags/crawl/db/database.py
[2024-10-28T08:18:28.039+0000] {processor.py:914} INFO - Processing file /opt/airflow/dags/crawl/db/database.py for tasks to queue
[2024-10-28T08:18:28.041+0000] {logging_mixin.py:190} INFO - [2024-10-28T08:18:28.040+0000] {dagbag.py:588} INFO - Filling up the DagBag from /opt/airflow/dags/crawl/db/database.py
[2024-10-28T08:18:28.046+0000] {processor.py:927} WARNING - No viable dags retrieved from /opt/airflow/dags/crawl/db/database.py
[2024-10-28T08:18:28.057+0000] {processor.py:208} INFO - Processing /opt/airflow/dags/crawl/db/database.py took 0.024 seconds
[2024-10-28T08:18:58.283+0000] {processor.py:186} INFO - Started process (PID=155) to work on /opt/airflow/dags/crawl/db/database.py
[2024-10-28T08:18:58.284+0000] {processor.py:914} INFO - Processing file /opt/airflow/dags/crawl/db/database.py for tasks to queue
[2024-10-28T08:18:58.286+0000] {logging_mixin.py:190} INFO - [2024-10-28T08:18:58.286+0000] {dagbag.py:588} INFO - Filling up the DagBag from /opt/airflow/dags/crawl/db/database.py
[2024-10-28T08:18:58.292+0000] {processor.py:927} WARNING - No viable dags retrieved from /opt/airflow/dags/crawl/db/database.py
[2024-10-28T08:18:58.302+0000] {processor.py:208} INFO - Processing /opt/airflow/dags/crawl/db/database.py took 0.023 seconds
[2024-10-28T08:19:28.496+0000] {processor.py:186} INFO - Started process (PID=162) to work on /opt/airflow/dags/crawl/db/database.py
[2024-10-28T08:19:28.496+0000] {processor.py:914} INFO - Processing file /opt/airflow/dags/crawl/db/database.py for tasks to queue
[2024-10-28T08:19:28.498+0000] {logging_mixin.py:190} INFO - [2024-10-28T08:19:28.498+0000] {dagbag.py:588} INFO - Filling up the DagBag from /opt/airflow/dags/crawl/db/database.py
[2024-10-28T08:19:28.504+0000] {processor.py:927} WARNING - No viable dags retrieved from /opt/airflow/dags/crawl/db/database.py
[2024-10-28T08:19:28.515+0000] {processor.py:208} INFO - Processing /opt/airflow/dags/crawl/db/database.py took 0.024 seconds
[2024-10-28T08:19:58.735+0000] {processor.py:186} INFO - Started process (PID=169) to work on /opt/airflow/dags/crawl/db/database.py
[2024-10-28T08:19:58.736+0000] {processor.py:914} INFO - Processing file /opt/airflow/dags/crawl/db/database.py for tasks to queue
[2024-10-28T08:19:58.737+0000] {logging_mixin.py:190} INFO - [2024-10-28T08:19:58.737+0000] {dagbag.py:588} INFO - Filling up the DagBag from /opt/airflow/dags/crawl/db/database.py
[2024-10-28T08:19:58.743+0000] {processor.py:927} WARNING - No viable dags retrieved from /opt/airflow/dags/crawl/db/database.py
[2024-10-28T08:19:58.753+0000] {processor.py:208} INFO - Processing /opt/airflow/dags/crawl/db/database.py took 0.023 seconds
[2024-10-28T08:20:28.954+0000] {processor.py:186} INFO - Started process (PID=176) to work on /opt/airflow/dags/crawl/db/database.py
[2024-10-28T08:20:28.955+0000] {processor.py:914} INFO - Processing file /opt/airflow/dags/crawl/db/database.py for tasks to queue
[2024-10-28T08:20:28.957+0000] {logging_mixin.py:190} INFO - [2024-10-28T08:20:28.956+0000] {dagbag.py:588} INFO - Filling up the DagBag from /opt/airflow/dags/crawl/db/database.py
[2024-10-28T08:20:28.963+0000] {processor.py:927} WARNING - No viable dags retrieved from /opt/airflow/dags/crawl/db/database.py
[2024-10-28T08:20:28.974+0000] {processor.py:208} INFO - Processing /opt/airflow/dags/crawl/db/database.py took 0.027 seconds
[2024-10-28T08:20:59.246+0000] {processor.py:186} INFO - Started process (PID=183) to work on /opt/airflow/dags/crawl/db/database.py
[2024-10-28T08:20:59.247+0000] {processor.py:914} INFO - Processing file /opt/airflow/dags/crawl/db/database.py for tasks to queue
[2024-10-28T08:20:59.250+0000] {logging_mixin.py:190} INFO - [2024-10-28T08:20:59.249+0000] {dagbag.py:588} INFO - Filling up the DagBag from /opt/airflow/dags/crawl/db/database.py
[2024-10-28T08:20:59.257+0000] {processor.py:927} WARNING - No viable dags retrieved from /opt/airflow/dags/crawl/db/database.py
[2024-10-28T08:20:59.269+0000] {processor.py:208} INFO - Processing /opt/airflow/dags/crawl/db/database.py took 0.033 seconds
[2024-10-28T08:21:29.529+0000] {processor.py:186} INFO - Started process (PID=190) to work on /opt/airflow/dags/crawl/db/database.py
[2024-10-28T08:21:29.530+0000] {processor.py:914} INFO - Processing file /opt/airflow/dags/crawl/db/database.py for tasks to queue
[2024-10-28T08:21:29.532+0000] {logging_mixin.py:190} INFO - [2024-10-28T08:21:29.532+0000] {dagbag.py:588} INFO - Filling up the DagBag from /opt/airflow/dags/crawl/db/database.py
[2024-10-28T08:21:29.539+0000] {processor.py:927} WARNING - No viable dags retrieved from /opt/airflow/dags/crawl/db/database.py
[2024-10-28T08:21:29.550+0000] {processor.py:208} INFO - Processing /opt/airflow/dags/crawl/db/database.py took 0.034 seconds
[2024-10-28T08:21:59.798+0000] {processor.py:186} INFO - Started process (PID=197) to work on /opt/airflow/dags/crawl/db/database.py
[2024-10-28T08:21:59.800+0000] {processor.py:914} INFO - Processing file /opt/airflow/dags/crawl/db/database.py for tasks to queue
[2024-10-28T08:21:59.803+0000] {logging_mixin.py:190} INFO - [2024-10-28T08:21:59.803+0000] {dagbag.py:588} INFO - Filling up the DagBag from /opt/airflow/dags/crawl/db/database.py
[2024-10-28T08:21:59.812+0000] {processor.py:927} WARNING - No viable dags retrieved from /opt/airflow/dags/crawl/db/database.py
[2024-10-28T08:21:59.825+0000] {processor.py:208} INFO - Processing /opt/airflow/dags/crawl/db/database.py took 0.042 seconds
[2024-10-28T08:22:30.023+0000] {processor.py:186} INFO - Started process (PID=204) to work on /opt/airflow/dags/crawl/db/database.py
[2024-10-28T08:22:30.024+0000] {processor.py:914} INFO - Processing file /opt/airflow/dags/crawl/db/database.py for tasks to queue
[2024-10-28T08:22:30.026+0000] {logging_mixin.py:190} INFO - [2024-10-28T08:22:30.025+0000] {dagbag.py:588} INFO - Filling up the DagBag from /opt/airflow/dags/crawl/db/database.py
[2024-10-28T08:22:30.031+0000] {processor.py:927} WARNING - No viable dags retrieved from /opt/airflow/dags/crawl/db/database.py
[2024-10-28T08:22:30.043+0000] {processor.py:208} INFO - Processing /opt/airflow/dags/crawl/db/database.py took 0.025 seconds
[2024-10-28T08:23:00.219+0000] {processor.py:186} INFO - Started process (PID=211) to work on /opt/airflow/dags/crawl/db/database.py
[2024-10-28T08:23:00.220+0000] {processor.py:914} INFO - Processing file /opt/airflow/dags/crawl/db/database.py for tasks to queue
[2024-10-28T08:23:00.222+0000] {logging_mixin.py:190} INFO - [2024-10-28T08:23:00.221+0000] {dagbag.py:588} INFO - Filling up the DagBag from /opt/airflow/dags/crawl/db/database.py
[2024-10-28T08:23:00.227+0000] {processor.py:927} WARNING - No viable dags retrieved from /opt/airflow/dags/crawl/db/database.py
[2024-10-28T08:23:00.237+0000] {processor.py:208} INFO - Processing /opt/airflow/dags/crawl/db/database.py took 0.024 seconds
[2024-10-28T08:23:30.448+0000] {processor.py:186} INFO - Started process (PID=218) to work on /opt/airflow/dags/crawl/db/database.py
[2024-10-28T08:23:30.449+0000] {processor.py:914} INFO - Processing file /opt/airflow/dags/crawl/db/database.py for tasks to queue
[2024-10-28T08:23:30.452+0000] {logging_mixin.py:190} INFO - [2024-10-28T08:23:30.451+0000] {dagbag.py:588} INFO - Filling up the DagBag from /opt/airflow/dags/crawl/db/database.py
[2024-10-28T08:23:30.459+0000] {processor.py:927} WARNING - No viable dags retrieved from /opt/airflow/dags/crawl/db/database.py
[2024-10-28T08:23:30.470+0000] {processor.py:208} INFO - Processing /opt/airflow/dags/crawl/db/database.py took 0.034 seconds
[2024-10-28T08:24:00.711+0000] {processor.py:186} INFO - Started process (PID=225) to work on /opt/airflow/dags/crawl/db/database.py
[2024-10-28T08:24:00.712+0000] {processor.py:914} INFO - Processing file /opt/airflow/dags/crawl/db/database.py for tasks to queue
[2024-10-28T08:24:00.715+0000] {logging_mixin.py:190} INFO - [2024-10-28T08:24:00.715+0000] {dagbag.py:588} INFO - Filling up the DagBag from /opt/airflow/dags/crawl/db/database.py
[2024-10-28T08:24:00.724+0000] {processor.py:927} WARNING - No viable dags retrieved from /opt/airflow/dags/crawl/db/database.py
[2024-10-28T08:24:00.737+0000] {processor.py:208} INFO - Processing /opt/airflow/dags/crawl/db/database.py took 0.038 seconds
[2024-10-28T08:24:30.986+0000] {processor.py:186} INFO - Started process (PID=232) to work on /opt/airflow/dags/crawl/db/database.py
[2024-10-28T08:24:30.987+0000] {processor.py:914} INFO - Processing file /opt/airflow/dags/crawl/db/database.py for tasks to queue
[2024-10-28T08:24:30.988+0000] {logging_mixin.py:190} INFO - [2024-10-28T08:24:30.988+0000] {dagbag.py:588} INFO - Filling up the DagBag from /opt/airflow/dags/crawl/db/database.py
[2024-10-28T08:24:30.993+0000] {processor.py:927} WARNING - No viable dags retrieved from /opt/airflow/dags/crawl/db/database.py
[2024-10-28T08:24:31.003+0000] {processor.py:208} INFO - Processing /opt/airflow/dags/crawl/db/database.py took 0.022 seconds
[2024-10-28T08:25:01.289+0000] {processor.py:186} INFO - Started process (PID=239) to work on /opt/airflow/dags/crawl/db/database.py
[2024-10-28T08:25:01.290+0000] {processor.py:914} INFO - Processing file /opt/airflow/dags/crawl/db/database.py for tasks to queue
[2024-10-28T08:25:01.292+0000] {logging_mixin.py:190} INFO - [2024-10-28T08:25:01.291+0000] {dagbag.py:588} INFO - Filling up the DagBag from /opt/airflow/dags/crawl/db/database.py
[2024-10-28T08:25:01.296+0000] {processor.py:927} WARNING - No viable dags retrieved from /opt/airflow/dags/crawl/db/database.py
[2024-10-28T08:25:01.306+0000] {processor.py:208} INFO - Processing /opt/airflow/dags/crawl/db/database.py took 0.021 seconds
[2024-10-28T08:25:31.604+0000] {processor.py:186} INFO - Started process (PID=246) to work on /opt/airflow/dags/crawl/db/database.py
[2024-10-28T08:25:31.606+0000] {processor.py:914} INFO - Processing file /opt/airflow/dags/crawl/db/database.py for tasks to queue
[2024-10-28T08:25:31.609+0000] {logging_mixin.py:190} INFO - [2024-10-28T08:25:31.609+0000] {dagbag.py:588} INFO - Filling up the DagBag from /opt/airflow/dags/crawl/db/database.py
[2024-10-28T08:25:31.621+0000] {processor.py:927} WARNING - No viable dags retrieved from /opt/airflow/dags/crawl/db/database.py
[2024-10-28T08:25:31.647+0000] {processor.py:208} INFO - Processing /opt/airflow/dags/crawl/db/database.py took 0.055 seconds
[2024-10-28T08:26:01.947+0000] {processor.py:186} INFO - Started process (PID=253) to work on /opt/airflow/dags/crawl/db/database.py
[2024-10-28T08:26:01.948+0000] {processor.py:914} INFO - Processing file /opt/airflow/dags/crawl/db/database.py for tasks to queue
[2024-10-28T08:26:01.951+0000] {logging_mixin.py:190} INFO - [2024-10-28T08:26:01.950+0000] {dagbag.py:588} INFO - Filling up the DagBag from /opt/airflow/dags/crawl/db/database.py
[2024-10-28T08:26:01.960+0000] {processor.py:927} WARNING - No viable dags retrieved from /opt/airflow/dags/crawl/db/database.py
[2024-10-28T08:26:01.973+0000] {processor.py:208} INFO - Processing /opt/airflow/dags/crawl/db/database.py took 0.037 seconds
[2024-10-28T08:26:32.204+0000] {processor.py:186} INFO - Started process (PID=261) to work on /opt/airflow/dags/crawl/db/database.py
[2024-10-28T08:26:32.205+0000] {processor.py:914} INFO - Processing file /opt/airflow/dags/crawl/db/database.py for tasks to queue
[2024-10-28T08:26:32.206+0000] {logging_mixin.py:190} INFO - [2024-10-28T08:26:32.206+0000] {dagbag.py:588} INFO - Filling up the DagBag from /opt/airflow/dags/crawl/db/database.py
[2024-10-28T08:26:32.212+0000] {processor.py:927} WARNING - No viable dags retrieved from /opt/airflow/dags/crawl/db/database.py
[2024-10-28T08:26:32.222+0000] {processor.py:208} INFO - Processing /opt/airflow/dags/crawl/db/database.py took 0.023 seconds
[2024-10-28T08:27:02.487+0000] {processor.py:186} INFO - Started process (PID=268) to work on /opt/airflow/dags/crawl/db/database.py
[2024-10-28T08:27:02.488+0000] {processor.py:914} INFO - Processing file /opt/airflow/dags/crawl/db/database.py for tasks to queue
[2024-10-28T08:27:02.490+0000] {logging_mixin.py:190} INFO - [2024-10-28T08:27:02.490+0000] {dagbag.py:588} INFO - Filling up the DagBag from /opt/airflow/dags/crawl/db/database.py
[2024-10-28T08:27:02.497+0000] {processor.py:927} WARNING - No viable dags retrieved from /opt/airflow/dags/crawl/db/database.py
[2024-10-28T08:27:02.509+0000] {processor.py:208} INFO - Processing /opt/airflow/dags/crawl/db/database.py took 0.029 seconds
[2024-10-28T08:27:32.756+0000] {processor.py:186} INFO - Started process (PID=281) to work on /opt/airflow/dags/crawl/db/database.py
[2024-10-28T08:27:32.757+0000] {processor.py:914} INFO - Processing file /opt/airflow/dags/crawl/db/database.py for tasks to queue
[2024-10-28T08:27:32.758+0000] {logging_mixin.py:190} INFO - [2024-10-28T08:27:32.758+0000] {dagbag.py:588} INFO - Filling up the DagBag from /opt/airflow/dags/crawl/db/database.py
[2024-10-28T08:27:32.763+0000] {processor.py:927} WARNING - No viable dags retrieved from /opt/airflow/dags/crawl/db/database.py
[2024-10-28T08:27:32.774+0000] {processor.py:208} INFO - Processing /opt/airflow/dags/crawl/db/database.py took 0.023 seconds
[2024-10-28T08:28:03.034+0000] {processor.py:186} INFO - Started process (PID=288) to work on /opt/airflow/dags/crawl/db/database.py
[2024-10-28T08:28:03.036+0000] {processor.py:914} INFO - Processing file /opt/airflow/dags/crawl/db/database.py for tasks to queue
[2024-10-28T08:28:03.039+0000] {logging_mixin.py:190} INFO - [2024-10-28T08:28:03.039+0000] {dagbag.py:588} INFO - Filling up the DagBag from /opt/airflow/dags/crawl/db/database.py
[2024-10-28T08:28:03.046+0000] {processor.py:927} WARNING - No viable dags retrieved from /opt/airflow/dags/crawl/db/database.py
[2024-10-28T08:28:03.057+0000] {processor.py:208} INFO - Processing /opt/airflow/dags/crawl/db/database.py took 0.033 seconds
[2024-10-28T08:28:33.316+0000] {processor.py:186} INFO - Started process (PID=295) to work on /opt/airflow/dags/crawl/db/database.py
[2024-10-28T08:28:33.317+0000] {processor.py:914} INFO - Processing file /opt/airflow/dags/crawl/db/database.py for tasks to queue
[2024-10-28T08:28:33.319+0000] {logging_mixin.py:190} INFO - [2024-10-28T08:28:33.318+0000] {dagbag.py:588} INFO - Filling up the DagBag from /opt/airflow/dags/crawl/db/database.py
[2024-10-28T08:28:33.324+0000] {processor.py:927} WARNING - No viable dags retrieved from /opt/airflow/dags/crawl/db/database.py
[2024-10-28T08:28:33.334+0000] {processor.py:208} INFO - Processing /opt/airflow/dags/crawl/db/database.py took 0.023 seconds
[2024-10-28T08:29:03.619+0000] {processor.py:186} INFO - Started process (PID=302) to work on /opt/airflow/dags/crawl/db/database.py
[2024-10-28T08:29:03.619+0000] {processor.py:914} INFO - Processing file /opt/airflow/dags/crawl/db/database.py for tasks to queue
[2024-10-28T08:29:03.621+0000] {logging_mixin.py:190} INFO - [2024-10-28T08:29:03.621+0000] {dagbag.py:588} INFO - Filling up the DagBag from /opt/airflow/dags/crawl/db/database.py
[2024-10-28T08:29:03.626+0000] {processor.py:927} WARNING - No viable dags retrieved from /opt/airflow/dags/crawl/db/database.py
[2024-10-28T08:29:03.636+0000] {processor.py:208} INFO - Processing /opt/airflow/dags/crawl/db/database.py took 0.023 seconds
[2024-10-28T08:29:33.847+0000] {processor.py:186} INFO - Started process (PID=309) to work on /opt/airflow/dags/crawl/db/database.py
[2024-10-28T08:29:33.847+0000] {processor.py:914} INFO - Processing file /opt/airflow/dags/crawl/db/database.py for tasks to queue
[2024-10-28T08:29:33.849+0000] {logging_mixin.py:190} INFO - [2024-10-28T08:29:33.849+0000] {dagbag.py:588} INFO - Filling up the DagBag from /opt/airflow/dags/crawl/db/database.py
[2024-10-28T08:29:33.854+0000] {processor.py:927} WARNING - No viable dags retrieved from /opt/airflow/dags/crawl/db/database.py
[2024-10-28T08:29:33.864+0000] {processor.py:208} INFO - Processing /opt/airflow/dags/crawl/db/database.py took 0.022 seconds
[2024-10-28T08:30:04.156+0000] {processor.py:186} INFO - Started process (PID=316) to work on /opt/airflow/dags/crawl/db/database.py
[2024-10-28T08:30:04.156+0000] {processor.py:914} INFO - Processing file /opt/airflow/dags/crawl/db/database.py for tasks to queue
[2024-10-28T08:30:04.158+0000] {logging_mixin.py:190} INFO - [2024-10-28T08:30:04.158+0000] {dagbag.py:588} INFO - Filling up the DagBag from /opt/airflow/dags/crawl/db/database.py
[2024-10-28T08:30:04.163+0000] {processor.py:927} WARNING - No viable dags retrieved from /opt/airflow/dags/crawl/db/database.py
[2024-10-28T08:30:04.173+0000] {processor.py:208} INFO - Processing /opt/airflow/dags/crawl/db/database.py took 0.023 seconds
[2024-10-28T08:31:55.516+0000] {processor.py:186} INFO - Started process (PID=34) to work on /opt/airflow/dags/crawl/db/database.py
[2024-10-28T08:31:55.519+0000] {processor.py:914} INFO - Processing file /opt/airflow/dags/crawl/db/database.py for tasks to queue
[2024-10-28T08:31:55.527+0000] {logging_mixin.py:190} INFO - [2024-10-28T08:31:55.526+0000] {dagbag.py:588} INFO - Filling up the DagBag from /opt/airflow/dags/crawl/db/database.py
[2024-10-28T08:31:55.551+0000] {processor.py:927} WARNING - No viable dags retrieved from /opt/airflow/dags/crawl/db/database.py
[2024-10-28T08:31:55.593+0000] {processor.py:208} INFO - Processing /opt/airflow/dags/crawl/db/database.py took 0.098 seconds
[2024-10-28T08:32:25.784+0000] {processor.py:186} INFO - Started process (PID=41) to work on /opt/airflow/dags/crawl/db/database.py
[2024-10-28T08:32:25.784+0000] {processor.py:914} INFO - Processing file /opt/airflow/dags/crawl/db/database.py for tasks to queue
[2024-10-28T08:32:25.786+0000] {logging_mixin.py:190} INFO - [2024-10-28T08:32:25.785+0000] {dagbag.py:588} INFO - Filling up the DagBag from /opt/airflow/dags/crawl/db/database.py
[2024-10-28T08:32:25.791+0000] {processor.py:927} WARNING - No viable dags retrieved from /opt/airflow/dags/crawl/db/database.py
[2024-10-28T08:32:25.801+0000] {processor.py:208} INFO - Processing /opt/airflow/dags/crawl/db/database.py took 0.021 seconds
[2024-10-28T08:32:56.060+0000] {processor.py:186} INFO - Started process (PID=48) to work on /opt/airflow/dags/crawl/db/database.py
[2024-10-28T08:32:56.061+0000] {processor.py:914} INFO - Processing file /opt/airflow/dags/crawl/db/database.py for tasks to queue
[2024-10-28T08:32:56.062+0000] {logging_mixin.py:190} INFO - [2024-10-28T08:32:56.062+0000] {dagbag.py:588} INFO - Filling up the DagBag from /opt/airflow/dags/crawl/db/database.py
[2024-10-28T08:32:56.067+0000] {processor.py:927} WARNING - No viable dags retrieved from /opt/airflow/dags/crawl/db/database.py
[2024-10-28T08:32:56.077+0000] {processor.py:208} INFO - Processing /opt/airflow/dags/crawl/db/database.py took 0.022 seconds
[2024-10-28T08:33:26.341+0000] {processor.py:186} INFO - Started process (PID=55) to work on /opt/airflow/dags/crawl/db/database.py
[2024-10-28T08:33:26.341+0000] {processor.py:914} INFO - Processing file /opt/airflow/dags/crawl/db/database.py for tasks to queue
[2024-10-28T08:33:26.343+0000] {logging_mixin.py:190} INFO - [2024-10-28T08:33:26.343+0000] {dagbag.py:588} INFO - Filling up the DagBag from /opt/airflow/dags/crawl/db/database.py
[2024-10-28T08:33:26.348+0000] {processor.py:927} WARNING - No viable dags retrieved from /opt/airflow/dags/crawl/db/database.py
[2024-10-28T08:33:26.358+0000] {processor.py:208} INFO - Processing /opt/airflow/dags/crawl/db/database.py took 0.022 seconds
[2024-10-28T08:33:56.664+0000] {processor.py:186} INFO - Started process (PID=62) to work on /opt/airflow/dags/crawl/db/database.py
[2024-10-28T08:33:56.666+0000] {processor.py:914} INFO - Processing file /opt/airflow/dags/crawl/db/database.py for tasks to queue
[2024-10-28T08:33:56.669+0000] {logging_mixin.py:190} INFO - [2024-10-28T08:33:56.668+0000] {dagbag.py:588} INFO - Filling up the DagBag from /opt/airflow/dags/crawl/db/database.py
[2024-10-28T08:33:56.676+0000] {processor.py:927} WARNING - No viable dags retrieved from /opt/airflow/dags/crawl/db/database.py
[2024-10-28T08:33:56.687+0000] {processor.py:208} INFO - Processing /opt/airflow/dags/crawl/db/database.py took 0.034 seconds
[2024-10-28T08:34:26.947+0000] {processor.py:186} INFO - Started process (PID=69) to work on /opt/airflow/dags/crawl/db/database.py
[2024-10-28T08:34:26.947+0000] {processor.py:914} INFO - Processing file /opt/airflow/dags/crawl/db/database.py for tasks to queue
[2024-10-28T08:34:26.950+0000] {logging_mixin.py:190} INFO - [2024-10-28T08:34:26.949+0000] {dagbag.py:588} INFO - Filling up the DagBag from /opt/airflow/dags/crawl/db/database.py
[2024-10-28T08:34:26.955+0000] {processor.py:927} WARNING - No viable dags retrieved from /opt/airflow/dags/crawl/db/database.py
[2024-10-28T08:34:26.967+0000] {processor.py:208} INFO - Processing /opt/airflow/dags/crawl/db/database.py took 0.026 seconds
[2024-10-28T08:34:57.250+0000] {processor.py:186} INFO - Started process (PID=76) to work on /opt/airflow/dags/crawl/db/database.py
[2024-10-28T08:34:57.251+0000] {processor.py:914} INFO - Processing file /opt/airflow/dags/crawl/db/database.py for tasks to queue
[2024-10-28T08:34:57.256+0000] {logging_mixin.py:190} INFO - [2024-10-28T08:34:57.255+0000] {dagbag.py:588} INFO - Filling up the DagBag from /opt/airflow/dags/crawl/db/database.py
[2024-10-28T08:34:57.264+0000] {processor.py:927} WARNING - No viable dags retrieved from /opt/airflow/dags/crawl/db/database.py
[2024-10-28T08:34:57.279+0000] {processor.py:208} INFO - Processing /opt/airflow/dags/crawl/db/database.py took 0.044 seconds
[2024-10-28T08:35:27.566+0000] {processor.py:186} INFO - Started process (PID=83) to work on /opt/airflow/dags/crawl/db/database.py
[2024-10-28T08:35:27.567+0000] {processor.py:914} INFO - Processing file /opt/airflow/dags/crawl/db/database.py for tasks to queue
[2024-10-28T08:35:27.569+0000] {logging_mixin.py:190} INFO - [2024-10-28T08:35:27.568+0000] {dagbag.py:588} INFO - Filling up the DagBag from /opt/airflow/dags/crawl/db/database.py
[2024-10-28T08:35:27.574+0000] {processor.py:927} WARNING - No viable dags retrieved from /opt/airflow/dags/crawl/db/database.py
[2024-10-28T08:35:27.584+0000] {processor.py:208} INFO - Processing /opt/airflow/dags/crawl/db/database.py took 0.024 seconds
[2024-10-28T08:35:57.872+0000] {processor.py:186} INFO - Started process (PID=90) to work on /opt/airflow/dags/crawl/db/database.py
[2024-10-28T08:35:57.873+0000] {processor.py:914} INFO - Processing file /opt/airflow/dags/crawl/db/database.py for tasks to queue
[2024-10-28T08:35:57.875+0000] {logging_mixin.py:190} INFO - [2024-10-28T08:35:57.874+0000] {dagbag.py:588} INFO - Filling up the DagBag from /opt/airflow/dags/crawl/db/database.py
[2024-10-28T08:35:57.879+0000] {processor.py:927} WARNING - No viable dags retrieved from /opt/airflow/dags/crawl/db/database.py
[2024-10-28T08:35:57.889+0000] {processor.py:208} INFO - Processing /opt/airflow/dags/crawl/db/database.py took 0.022 seconds
[2024-10-28T08:36:28.181+0000] {processor.py:186} INFO - Started process (PID=97) to work on /opt/airflow/dags/crawl/db/database.py
[2024-10-28T08:36:28.181+0000] {processor.py:914} INFO - Processing file /opt/airflow/dags/crawl/db/database.py for tasks to queue
[2024-10-28T08:36:28.183+0000] {logging_mixin.py:190} INFO - [2024-10-28T08:36:28.182+0000] {dagbag.py:588} INFO - Filling up the DagBag from /opt/airflow/dags/crawl/db/database.py
[2024-10-28T08:36:28.188+0000] {processor.py:927} WARNING - No viable dags retrieved from /opt/airflow/dags/crawl/db/database.py
[2024-10-28T08:36:28.198+0000] {processor.py:208} INFO - Processing /opt/airflow/dags/crawl/db/database.py took 0.022 seconds
[2024-10-28T08:36:58.526+0000] {processor.py:186} INFO - Started process (PID=114) to work on /opt/airflow/dags/crawl/db/database.py
[2024-10-28T08:36:58.526+0000] {processor.py:914} INFO - Processing file /opt/airflow/dags/crawl/db/database.py for tasks to queue
[2024-10-28T08:36:58.529+0000] {logging_mixin.py:190} INFO - [2024-10-28T08:36:58.528+0000] {dagbag.py:588} INFO - Filling up the DagBag from /opt/airflow/dags/crawl/db/database.py
[2024-10-28T08:36:58.536+0000] {processor.py:927} WARNING - No viable dags retrieved from /opt/airflow/dags/crawl/db/database.py
[2024-10-28T08:36:58.548+0000] {processor.py:208} INFO - Processing /opt/airflow/dags/crawl/db/database.py took 0.028 seconds
[2024-10-28T08:37:28.820+0000] {processor.py:186} INFO - Started process (PID=122) to work on /opt/airflow/dags/crawl/db/database.py
[2024-10-28T08:37:28.821+0000] {processor.py:914} INFO - Processing file /opt/airflow/dags/crawl/db/database.py for tasks to queue
[2024-10-28T08:37:28.823+0000] {logging_mixin.py:190} INFO - [2024-10-28T08:37:28.823+0000] {dagbag.py:588} INFO - Filling up the DagBag from /opt/airflow/dags/crawl/db/database.py
[2024-10-28T08:37:28.829+0000] {processor.py:927} WARNING - No viable dags retrieved from /opt/airflow/dags/crawl/db/database.py
[2024-10-28T08:37:28.842+0000] {processor.py:208} INFO - Processing /opt/airflow/dags/crawl/db/database.py took 0.029 seconds
[2024-10-28T08:37:59.122+0000] {processor.py:186} INFO - Started process (PID=130) to work on /opt/airflow/dags/crawl/db/database.py
[2024-10-28T08:37:59.123+0000] {processor.py:914} INFO - Processing file /opt/airflow/dags/crawl/db/database.py for tasks to queue
[2024-10-28T08:37:59.126+0000] {logging_mixin.py:190} INFO - [2024-10-28T08:37:59.126+0000] {dagbag.py:588} INFO - Filling up the DagBag from /opt/airflow/dags/crawl/db/database.py
[2024-10-28T08:37:59.135+0000] {processor.py:927} WARNING - No viable dags retrieved from /opt/airflow/dags/crawl/db/database.py
[2024-10-28T08:37:59.149+0000] {processor.py:208} INFO - Processing /opt/airflow/dags/crawl/db/database.py took 0.036 seconds
[2024-10-28T08:38:29.467+0000] {processor.py:186} INFO - Started process (PID=138) to work on /opt/airflow/dags/crawl/db/database.py
[2024-10-28T08:38:29.468+0000] {processor.py:914} INFO - Processing file /opt/airflow/dags/crawl/db/database.py for tasks to queue
[2024-10-28T08:38:29.471+0000] {logging_mixin.py:190} INFO - [2024-10-28T08:38:29.470+0000] {dagbag.py:588} INFO - Filling up the DagBag from /opt/airflow/dags/crawl/db/database.py
[2024-10-28T08:38:29.481+0000] {processor.py:927} WARNING - No viable dags retrieved from /opt/airflow/dags/crawl/db/database.py
[2024-10-28T08:38:29.493+0000] {processor.py:208} INFO - Processing /opt/airflow/dags/crawl/db/database.py took 0.040 seconds
[2024-10-28T08:38:59.792+0000] {processor.py:186} INFO - Started process (PID=146) to work on /opt/airflow/dags/crawl/db/database.py
[2024-10-28T08:38:59.793+0000] {processor.py:914} INFO - Processing file /opt/airflow/dags/crawl/db/database.py for tasks to queue
[2024-10-28T08:38:59.796+0000] {logging_mixin.py:190} INFO - [2024-10-28T08:38:59.796+0000] {dagbag.py:588} INFO - Filling up the DagBag from /opt/airflow/dags/crawl/db/database.py
[2024-10-28T08:38:59.804+0000] {processor.py:927} WARNING - No viable dags retrieved from /opt/airflow/dags/crawl/db/database.py
[2024-10-28T08:38:59.815+0000] {processor.py:208} INFO - Processing /opt/airflow/dags/crawl/db/database.py took 0.035 seconds
[2024-10-28T08:39:30.132+0000] {processor.py:186} INFO - Started process (PID=154) to work on /opt/airflow/dags/crawl/db/database.py
[2024-10-28T08:39:30.134+0000] {processor.py:914} INFO - Processing file /opt/airflow/dags/crawl/db/database.py for tasks to queue
[2024-10-28T08:39:30.138+0000] {logging_mixin.py:190} INFO - [2024-10-28T08:39:30.137+0000] {dagbag.py:588} INFO - Filling up the DagBag from /opt/airflow/dags/crawl/db/database.py
[2024-10-28T08:39:30.148+0000] {processor.py:927} WARNING - No viable dags retrieved from /opt/airflow/dags/crawl/db/database.py
[2024-10-28T08:39:30.161+0000] {processor.py:208} INFO - Processing /opt/airflow/dags/crawl/db/database.py took 0.048 seconds
[2024-10-28T08:40:00.360+0000] {processor.py:186} INFO - Started process (PID=162) to work on /opt/airflow/dags/crawl/db/database.py
[2024-10-28T08:40:00.361+0000] {processor.py:914} INFO - Processing file /opt/airflow/dags/crawl/db/database.py for tasks to queue
[2024-10-28T08:40:00.363+0000] {logging_mixin.py:190} INFO - [2024-10-28T08:40:00.363+0000] {dagbag.py:588} INFO - Filling up the DagBag from /opt/airflow/dags/crawl/db/database.py
[2024-10-28T08:40:00.368+0000] {processor.py:927} WARNING - No viable dags retrieved from /opt/airflow/dags/crawl/db/database.py
[2024-10-28T08:40:00.379+0000] {processor.py:208} INFO - Processing /opt/airflow/dags/crawl/db/database.py took 0.024 seconds
[2024-10-28T08:40:30.713+0000] {processor.py:186} INFO - Started process (PID=170) to work on /opt/airflow/dags/crawl/db/database.py
[2024-10-28T08:40:30.714+0000] {processor.py:914} INFO - Processing file /opt/airflow/dags/crawl/db/database.py for tasks to queue
[2024-10-28T08:40:30.718+0000] {logging_mixin.py:190} INFO - [2024-10-28T08:40:30.718+0000] {dagbag.py:588} INFO - Filling up the DagBag from /opt/airflow/dags/crawl/db/database.py
[2024-10-28T08:40:30.725+0000] {processor.py:927} WARNING - No viable dags retrieved from /opt/airflow/dags/crawl/db/database.py
[2024-10-28T08:40:30.737+0000] {processor.py:208} INFO - Processing /opt/airflow/dags/crawl/db/database.py took 0.037 seconds
[2024-10-28T08:41:01.021+0000] {processor.py:186} INFO - Started process (PID=178) to work on /opt/airflow/dags/crawl/db/database.py
[2024-10-28T08:41:01.022+0000] {processor.py:914} INFO - Processing file /opt/airflow/dags/crawl/db/database.py for tasks to queue
[2024-10-28T08:41:01.024+0000] {logging_mixin.py:190} INFO - [2024-10-28T08:41:01.023+0000] {dagbag.py:588} INFO - Filling up the DagBag from /opt/airflow/dags/crawl/db/database.py
[2024-10-28T08:41:01.029+0000] {processor.py:927} WARNING - No viable dags retrieved from /opt/airflow/dags/crawl/db/database.py
[2024-10-28T08:41:01.039+0000] {processor.py:208} INFO - Processing /opt/airflow/dags/crawl/db/database.py took 0.023 seconds
[2024-10-28T08:41:31.320+0000] {processor.py:186} INFO - Started process (PID=186) to work on /opt/airflow/dags/crawl/db/database.py
[2024-10-28T08:41:31.322+0000] {processor.py:914} INFO - Processing file /opt/airflow/dags/crawl/db/database.py for tasks to queue
[2024-10-28T08:41:31.324+0000] {logging_mixin.py:190} INFO - [2024-10-28T08:41:31.324+0000] {dagbag.py:588} INFO - Filling up the DagBag from /opt/airflow/dags/crawl/db/database.py
[2024-10-28T08:41:31.332+0000] {processor.py:927} WARNING - No viable dags retrieved from /opt/airflow/dags/crawl/db/database.py
[2024-10-28T08:41:31.346+0000] {processor.py:208} INFO - Processing /opt/airflow/dags/crawl/db/database.py took 0.037 seconds
[2024-10-28T08:42:01.672+0000] {processor.py:186} INFO - Started process (PID=194) to work on /opt/airflow/dags/crawl/db/database.py
[2024-10-28T08:42:01.673+0000] {processor.py:914} INFO - Processing file /opt/airflow/dags/crawl/db/database.py for tasks to queue
[2024-10-28T08:42:01.678+0000] {logging_mixin.py:190} INFO - [2024-10-28T08:42:01.677+0000] {dagbag.py:588} INFO - Filling up the DagBag from /opt/airflow/dags/crawl/db/database.py
[2024-10-28T08:42:01.692+0000] {processor.py:927} WARNING - No viable dags retrieved from /opt/airflow/dags/crawl/db/database.py
[2024-10-28T08:42:01.707+0000] {processor.py:208} INFO - Processing /opt/airflow/dags/crawl/db/database.py took 0.048 seconds
[2024-10-28T08:42:31.944+0000] {processor.py:186} INFO - Started process (PID=202) to work on /opt/airflow/dags/crawl/db/database.py
[2024-10-28T08:42:31.945+0000] {processor.py:914} INFO - Processing file /opt/airflow/dags/crawl/db/database.py for tasks to queue
[2024-10-28T08:42:31.948+0000] {logging_mixin.py:190} INFO - [2024-10-28T08:42:31.947+0000] {dagbag.py:588} INFO - Filling up the DagBag from /opt/airflow/dags/crawl/db/database.py
[2024-10-28T08:42:31.956+0000] {processor.py:927} WARNING - No viable dags retrieved from /opt/airflow/dags/crawl/db/database.py
[2024-10-28T08:42:31.968+0000] {processor.py:208} INFO - Processing /opt/airflow/dags/crawl/db/database.py took 0.033 seconds
[2024-10-28T08:43:02.234+0000] {processor.py:186} INFO - Started process (PID=210) to work on /opt/airflow/dags/crawl/db/database.py
[2024-10-28T08:43:02.235+0000] {processor.py:914} INFO - Processing file /opt/airflow/dags/crawl/db/database.py for tasks to queue
[2024-10-28T08:43:02.238+0000] {logging_mixin.py:190} INFO - [2024-10-28T08:43:02.238+0000] {dagbag.py:588} INFO - Filling up the DagBag from /opt/airflow/dags/crawl/db/database.py
[2024-10-28T08:43:02.247+0000] {processor.py:927} WARNING - No viable dags retrieved from /opt/airflow/dags/crawl/db/database.py
[2024-10-28T08:43:02.260+0000] {processor.py:208} INFO - Processing /opt/airflow/dags/crawl/db/database.py took 0.039 seconds
[2024-10-28T08:43:32.512+0000] {processor.py:186} INFO - Started process (PID=218) to work on /opt/airflow/dags/crawl/db/database.py
[2024-10-28T08:43:32.513+0000] {processor.py:914} INFO - Processing file /opt/airflow/dags/crawl/db/database.py for tasks to queue
[2024-10-28T08:43:32.515+0000] {logging_mixin.py:190} INFO - [2024-10-28T08:43:32.514+0000] {dagbag.py:588} INFO - Filling up the DagBag from /opt/airflow/dags/crawl/db/database.py
[2024-10-28T08:43:32.520+0000] {processor.py:927} WARNING - No viable dags retrieved from /opt/airflow/dags/crawl/db/database.py
[2024-10-28T08:43:32.531+0000] {processor.py:208} INFO - Processing /opt/airflow/dags/crawl/db/database.py took 0.024 seconds
[2024-10-28T08:44:02.805+0000] {processor.py:186} INFO - Started process (PID=226) to work on /opt/airflow/dags/crawl/db/database.py
[2024-10-28T08:44:02.806+0000] {processor.py:914} INFO - Processing file /opt/airflow/dags/crawl/db/database.py for tasks to queue
[2024-10-28T08:44:02.807+0000] {logging_mixin.py:190} INFO - [2024-10-28T08:44:02.807+0000] {dagbag.py:588} INFO - Filling up the DagBag from /opt/airflow/dags/crawl/db/database.py
[2024-10-28T08:44:02.812+0000] {processor.py:927} WARNING - No viable dags retrieved from /opt/airflow/dags/crawl/db/database.py
[2024-10-28T08:44:02.822+0000] {processor.py:208} INFO - Processing /opt/airflow/dags/crawl/db/database.py took 0.023 seconds
[2024-10-28T08:44:33.128+0000] {processor.py:186} INFO - Started process (PID=234) to work on /opt/airflow/dags/crawl/db/database.py
[2024-10-28T08:44:33.129+0000] {processor.py:914} INFO - Processing file /opt/airflow/dags/crawl/db/database.py for tasks to queue
[2024-10-28T08:44:33.132+0000] {logging_mixin.py:190} INFO - [2024-10-28T08:44:33.132+0000] {dagbag.py:588} INFO - Filling up the DagBag from /opt/airflow/dags/crawl/db/database.py
[2024-10-28T08:44:33.141+0000] {processor.py:927} WARNING - No viable dags retrieved from /opt/airflow/dags/crawl/db/database.py
[2024-10-28T08:44:33.153+0000] {processor.py:208} INFO - Processing /opt/airflow/dags/crawl/db/database.py took 0.037 seconds
[2024-10-28T08:45:03.376+0000] {processor.py:186} INFO - Started process (PID=242) to work on /opt/airflow/dags/crawl/db/database.py
[2024-10-28T08:45:03.376+0000] {processor.py:914} INFO - Processing file /opt/airflow/dags/crawl/db/database.py for tasks to queue
[2024-10-28T08:45:03.378+0000] {logging_mixin.py:190} INFO - [2024-10-28T08:45:03.378+0000] {dagbag.py:588} INFO - Filling up the DagBag from /opt/airflow/dags/crawl/db/database.py
[2024-10-28T08:45:03.383+0000] {processor.py:927} WARNING - No viable dags retrieved from /opt/airflow/dags/crawl/db/database.py
[2024-10-28T08:45:03.393+0000] {processor.py:208} INFO - Processing /opt/airflow/dags/crawl/db/database.py took 0.022 seconds
[2024-10-28T08:45:33.699+0000] {processor.py:186} INFO - Started process (PID=256) to work on /opt/airflow/dags/crawl/db/database.py
[2024-10-28T08:45:33.700+0000] {processor.py:914} INFO - Processing file /opt/airflow/dags/crawl/db/database.py for tasks to queue
[2024-10-28T08:45:33.702+0000] {logging_mixin.py:190} INFO - [2024-10-28T08:45:33.702+0000] {dagbag.py:588} INFO - Filling up the DagBag from /opt/airflow/dags/crawl/db/database.py
[2024-10-28T08:45:33.711+0000] {processor.py:927} WARNING - No viable dags retrieved from /opt/airflow/dags/crawl/db/database.py
[2024-10-28T08:45:33.723+0000] {processor.py:208} INFO - Processing /opt/airflow/dags/crawl/db/database.py took 0.031 seconds
[2024-10-28T08:46:04.019+0000] {processor.py:186} INFO - Started process (PID=264) to work on /opt/airflow/dags/crawl/db/database.py
[2024-10-28T08:46:04.019+0000] {processor.py:914} INFO - Processing file /opt/airflow/dags/crawl/db/database.py for tasks to queue
[2024-10-28T08:46:04.021+0000] {logging_mixin.py:190} INFO - [2024-10-28T08:46:04.021+0000] {dagbag.py:588} INFO - Filling up the DagBag from /opt/airflow/dags/crawl/db/database.py
[2024-10-28T08:46:04.026+0000] {processor.py:927} WARNING - No viable dags retrieved from /opt/airflow/dags/crawl/db/database.py
[2024-10-28T08:46:04.036+0000] {processor.py:208} INFO - Processing /opt/airflow/dags/crawl/db/database.py took 0.023 seconds
[2024-10-28T08:46:34.311+0000] {processor.py:186} INFO - Started process (PID=272) to work on /opt/airflow/dags/crawl/db/database.py
[2024-10-28T08:46:34.312+0000] {processor.py:914} INFO - Processing file /opt/airflow/dags/crawl/db/database.py for tasks to queue
[2024-10-28T08:46:34.313+0000] {logging_mixin.py:190} INFO - [2024-10-28T08:46:34.313+0000] {dagbag.py:588} INFO - Filling up the DagBag from /opt/airflow/dags/crawl/db/database.py
[2024-10-28T08:46:34.318+0000] {processor.py:927} WARNING - No viable dags retrieved from /opt/airflow/dags/crawl/db/database.py
[2024-10-28T08:46:34.328+0000] {processor.py:208} INFO - Processing /opt/airflow/dags/crawl/db/database.py took 0.022 seconds
[2024-10-28T08:47:04.672+0000] {processor.py:186} INFO - Started process (PID=280) to work on /opt/airflow/dags/crawl/db/database.py
[2024-10-28T08:47:04.673+0000] {processor.py:914} INFO - Processing file /opt/airflow/dags/crawl/db/database.py for tasks to queue
[2024-10-28T08:47:04.675+0000] {logging_mixin.py:190} INFO - [2024-10-28T08:47:04.674+0000] {dagbag.py:588} INFO - Filling up the DagBag from /opt/airflow/dags/crawl/db/database.py
[2024-10-28T08:47:04.680+0000] {processor.py:927} WARNING - No viable dags retrieved from /opt/airflow/dags/crawl/db/database.py
[2024-10-28T08:47:04.690+0000] {processor.py:208} INFO - Processing /opt/airflow/dags/crawl/db/database.py took 0.023 seconds
[2024-10-28T08:47:34.940+0000] {processor.py:186} INFO - Started process (PID=288) to work on /opt/airflow/dags/crawl/db/database.py
[2024-10-28T08:47:34.940+0000] {processor.py:914} INFO - Processing file /opt/airflow/dags/crawl/db/database.py for tasks to queue
[2024-10-28T08:47:34.942+0000] {logging_mixin.py:190} INFO - [2024-10-28T08:47:34.942+0000] {dagbag.py:588} INFO - Filling up the DagBag from /opt/airflow/dags/crawl/db/database.py
[2024-10-28T08:47:34.947+0000] {processor.py:927} WARNING - No viable dags retrieved from /opt/airflow/dags/crawl/db/database.py
[2024-10-28T08:47:34.957+0000] {processor.py:208} INFO - Processing /opt/airflow/dags/crawl/db/database.py took 0.022 seconds
[2024-10-28T08:48:05.235+0000] {processor.py:186} INFO - Started process (PID=296) to work on /opt/airflow/dags/crawl/db/database.py
[2024-10-28T08:48:05.236+0000] {processor.py:914} INFO - Processing file /opt/airflow/dags/crawl/db/database.py for tasks to queue
[2024-10-28T08:48:05.237+0000] {logging_mixin.py:190} INFO - [2024-10-28T08:48:05.237+0000] {dagbag.py:588} INFO - Filling up the DagBag from /opt/airflow/dags/crawl/db/database.py
[2024-10-28T08:48:05.243+0000] {processor.py:927} WARNING - No viable dags retrieved from /opt/airflow/dags/crawl/db/database.py
[2024-10-28T08:48:05.253+0000] {processor.py:208} INFO - Processing /opt/airflow/dags/crawl/db/database.py took 0.023 seconds
[2024-10-28T08:48:35.533+0000] {processor.py:186} INFO - Started process (PID=304) to work on /opt/airflow/dags/crawl/db/database.py
[2024-10-28T08:48:35.533+0000] {processor.py:914} INFO - Processing file /opt/airflow/dags/crawl/db/database.py for tasks to queue
[2024-10-28T08:48:35.535+0000] {logging_mixin.py:190} INFO - [2024-10-28T08:48:35.535+0000] {dagbag.py:588} INFO - Filling up the DagBag from /opt/airflow/dags/crawl/db/database.py
[2024-10-28T08:48:35.540+0000] {processor.py:927} WARNING - No viable dags retrieved from /opt/airflow/dags/crawl/db/database.py
[2024-10-28T08:48:35.551+0000] {processor.py:208} INFO - Processing /opt/airflow/dags/crawl/db/database.py took 0.023 seconds
[2024-10-28T08:49:05.843+0000] {processor.py:186} INFO - Started process (PID=312) to work on /opt/airflow/dags/crawl/db/database.py
[2024-10-28T08:49:05.844+0000] {processor.py:914} INFO - Processing file /opt/airflow/dags/crawl/db/database.py for tasks to queue
[2024-10-28T08:49:05.846+0000] {logging_mixin.py:190} INFO - [2024-10-28T08:49:05.845+0000] {dagbag.py:588} INFO - Filling up the DagBag from /opt/airflow/dags/crawl/db/database.py
[2024-10-28T08:49:05.851+0000] {processor.py:927} WARNING - No viable dags retrieved from /opt/airflow/dags/crawl/db/database.py
[2024-10-28T08:49:05.861+0000] {processor.py:208} INFO - Processing /opt/airflow/dags/crawl/db/database.py took 0.023 seconds
[2024-10-28T08:49:36.129+0000] {processor.py:186} INFO - Started process (PID=320) to work on /opt/airflow/dags/crawl/db/database.py
[2024-10-28T08:49:36.130+0000] {processor.py:914} INFO - Processing file /opt/airflow/dags/crawl/db/database.py for tasks to queue
[2024-10-28T08:49:36.132+0000] {logging_mixin.py:190} INFO - [2024-10-28T08:49:36.132+0000] {dagbag.py:588} INFO - Filling up the DagBag from /opt/airflow/dags/crawl/db/database.py
[2024-10-28T08:49:36.137+0000] {processor.py:927} WARNING - No viable dags retrieved from /opt/airflow/dags/crawl/db/database.py
[2024-10-28T08:49:36.147+0000] {processor.py:208} INFO - Processing /opt/airflow/dags/crawl/db/database.py took 0.024 seconds
[2024-10-28T08:50:06.416+0000] {processor.py:186} INFO - Started process (PID=328) to work on /opt/airflow/dags/crawl/db/database.py
[2024-10-28T08:50:06.417+0000] {processor.py:914} INFO - Processing file /opt/airflow/dags/crawl/db/database.py for tasks to queue
[2024-10-28T08:50:06.419+0000] {logging_mixin.py:190} INFO - [2024-10-28T08:50:06.418+0000] {dagbag.py:588} INFO - Filling up the DagBag from /opt/airflow/dags/crawl/db/database.py
[2024-10-28T08:50:06.424+0000] {processor.py:927} WARNING - No viable dags retrieved from /opt/airflow/dags/crawl/db/database.py
[2024-10-28T08:50:06.434+0000] {processor.py:208} INFO - Processing /opt/airflow/dags/crawl/db/database.py took 0.023 seconds
[2024-10-28T08:50:36.742+0000] {processor.py:186} INFO - Started process (PID=336) to work on /opt/airflow/dags/crawl/db/database.py
[2024-10-28T08:50:36.742+0000] {processor.py:914} INFO - Processing file /opt/airflow/dags/crawl/db/database.py for tasks to queue
[2024-10-28T08:50:36.744+0000] {logging_mixin.py:190} INFO - [2024-10-28T08:50:36.744+0000] {dagbag.py:588} INFO - Filling up the DagBag from /opt/airflow/dags/crawl/db/database.py
[2024-10-28T08:50:36.749+0000] {processor.py:927} WARNING - No viable dags retrieved from /opt/airflow/dags/crawl/db/database.py
[2024-10-28T08:50:36.759+0000] {processor.py:208} INFO - Processing /opt/airflow/dags/crawl/db/database.py took 0.022 seconds
[2024-10-28T08:51:07.036+0000] {processor.py:186} INFO - Started process (PID=344) to work on /opt/airflow/dags/crawl/db/database.py
[2024-10-28T08:51:07.037+0000] {processor.py:914} INFO - Processing file /opt/airflow/dags/crawl/db/database.py for tasks to queue
[2024-10-28T08:51:07.039+0000] {logging_mixin.py:190} INFO - [2024-10-28T08:51:07.038+0000] {dagbag.py:588} INFO - Filling up the DagBag from /opt/airflow/dags/crawl/db/database.py
[2024-10-28T08:51:07.044+0000] {processor.py:927} WARNING - No viable dags retrieved from /opt/airflow/dags/crawl/db/database.py
[2024-10-28T08:51:07.055+0000] {processor.py:208} INFO - Processing /opt/airflow/dags/crawl/db/database.py took 0.023 seconds
[2024-10-28T08:51:37.357+0000] {processor.py:186} INFO - Started process (PID=352) to work on /opt/airflow/dags/crawl/db/database.py
[2024-10-28T08:51:37.358+0000] {processor.py:914} INFO - Processing file /opt/airflow/dags/crawl/db/database.py for tasks to queue
[2024-10-28T08:51:37.359+0000] {logging_mixin.py:190} INFO - [2024-10-28T08:51:37.359+0000] {dagbag.py:588} INFO - Filling up the DagBag from /opt/airflow/dags/crawl/db/database.py
[2024-10-28T08:51:37.365+0000] {processor.py:927} WARNING - No viable dags retrieved from /opt/airflow/dags/crawl/db/database.py
[2024-10-28T08:51:37.375+0000] {processor.py:208} INFO - Processing /opt/airflow/dags/crawl/db/database.py took 0.023 seconds
[2024-10-28T08:52:07.662+0000] {processor.py:186} INFO - Started process (PID=360) to work on /opt/airflow/dags/crawl/db/database.py
[2024-10-28T08:52:07.663+0000] {processor.py:914} INFO - Processing file /opt/airflow/dags/crawl/db/database.py for tasks to queue
[2024-10-28T08:52:07.665+0000] {logging_mixin.py:190} INFO - [2024-10-28T08:52:07.664+0000] {dagbag.py:588} INFO - Filling up the DagBag from /opt/airflow/dags/crawl/db/database.py
[2024-10-28T08:52:07.669+0000] {processor.py:927} WARNING - No viable dags retrieved from /opt/airflow/dags/crawl/db/database.py
[2024-10-28T08:52:07.679+0000] {processor.py:208} INFO - Processing /opt/airflow/dags/crawl/db/database.py took 0.022 seconds
[2024-10-28T08:52:37.935+0000] {processor.py:186} INFO - Started process (PID=368) to work on /opt/airflow/dags/crawl/db/database.py
[2024-10-28T08:52:37.936+0000] {processor.py:914} INFO - Processing file /opt/airflow/dags/crawl/db/database.py for tasks to queue
[2024-10-28T08:52:37.938+0000] {logging_mixin.py:190} INFO - [2024-10-28T08:52:37.938+0000] {dagbag.py:588} INFO - Filling up the DagBag from /opt/airflow/dags/crawl/db/database.py
[2024-10-28T08:52:37.943+0000] {processor.py:927} WARNING - No viable dags retrieved from /opt/airflow/dags/crawl/db/database.py
[2024-10-28T08:52:37.954+0000] {processor.py:208} INFO - Processing /opt/airflow/dags/crawl/db/database.py took 0.024 seconds
[2024-10-28T08:53:08.180+0000] {processor.py:186} INFO - Started process (PID=376) to work on /opt/airflow/dags/crawl/db/database.py
[2024-10-28T08:53:08.180+0000] {processor.py:914} INFO - Processing file /opt/airflow/dags/crawl/db/database.py for tasks to queue
[2024-10-28T08:53:08.183+0000] {logging_mixin.py:190} INFO - [2024-10-28T08:53:08.182+0000] {dagbag.py:588} INFO - Filling up the DagBag from /opt/airflow/dags/crawl/db/database.py
[2024-10-28T08:53:08.187+0000] {processor.py:927} WARNING - No viable dags retrieved from /opt/airflow/dags/crawl/db/database.py
[2024-10-28T08:53:08.198+0000] {processor.py:208} INFO - Processing /opt/airflow/dags/crawl/db/database.py took 0.023 seconds
[2024-10-28T08:53:38.501+0000] {processor.py:186} INFO - Started process (PID=384) to work on /opt/airflow/dags/crawl/db/database.py
[2024-10-28T08:53:38.502+0000] {processor.py:914} INFO - Processing file /opt/airflow/dags/crawl/db/database.py for tasks to queue
[2024-10-28T08:53:38.504+0000] {logging_mixin.py:190} INFO - [2024-10-28T08:53:38.503+0000] {dagbag.py:588} INFO - Filling up the DagBag from /opt/airflow/dags/crawl/db/database.py
[2024-10-28T08:53:38.509+0000] {processor.py:927} WARNING - No viable dags retrieved from /opt/airflow/dags/crawl/db/database.py
[2024-10-28T08:53:38.519+0000] {processor.py:208} INFO - Processing /opt/airflow/dags/crawl/db/database.py took 0.023 seconds
[2024-10-28T08:54:08.815+0000] {processor.py:186} INFO - Started process (PID=392) to work on /opt/airflow/dags/crawl/db/database.py
[2024-10-28T08:54:08.816+0000] {processor.py:914} INFO - Processing file /opt/airflow/dags/crawl/db/database.py for tasks to queue
[2024-10-28T08:54:08.817+0000] {logging_mixin.py:190} INFO - [2024-10-28T08:54:08.817+0000] {dagbag.py:588} INFO - Filling up the DagBag from /opt/airflow/dags/crawl/db/database.py
[2024-10-28T08:54:08.822+0000] {processor.py:927} WARNING - No viable dags retrieved from /opt/airflow/dags/crawl/db/database.py
[2024-10-28T08:54:08.832+0000] {processor.py:208} INFO - Processing /opt/airflow/dags/crawl/db/database.py took 0.022 seconds
[2024-10-28T08:54:39.120+0000] {processor.py:186} INFO - Started process (PID=400) to work on /opt/airflow/dags/crawl/db/database.py
[2024-10-28T08:54:39.121+0000] {processor.py:914} INFO - Processing file /opt/airflow/dags/crawl/db/database.py for tasks to queue
[2024-10-28T08:54:39.124+0000] {logging_mixin.py:190} INFO - [2024-10-28T08:54:39.124+0000] {dagbag.py:588} INFO - Filling up the DagBag from /opt/airflow/dags/crawl/db/database.py
[2024-10-28T08:54:39.133+0000] {processor.py:927} WARNING - No viable dags retrieved from /opt/airflow/dags/crawl/db/database.py
[2024-10-28T08:54:39.145+0000] {processor.py:208} INFO - Processing /opt/airflow/dags/crawl/db/database.py took 0.038 seconds
[2024-10-28T08:55:09.435+0000] {processor.py:186} INFO - Started process (PID=408) to work on /opt/airflow/dags/crawl/db/database.py
[2024-10-28T08:55:09.435+0000] {processor.py:914} INFO - Processing file /opt/airflow/dags/crawl/db/database.py for tasks to queue
[2024-10-28T08:55:09.437+0000] {logging_mixin.py:190} INFO - [2024-10-28T08:55:09.437+0000] {dagbag.py:588} INFO - Filling up the DagBag from /opt/airflow/dags/crawl/db/database.py
[2024-10-28T08:55:09.442+0000] {processor.py:927} WARNING - No viable dags retrieved from /opt/airflow/dags/crawl/db/database.py
[2024-10-28T08:55:09.452+0000] {processor.py:208} INFO - Processing /opt/airflow/dags/crawl/db/database.py took 0.022 seconds
[2024-10-28T08:55:39.739+0000] {processor.py:186} INFO - Started process (PID=416) to work on /opt/airflow/dags/crawl/db/database.py
[2024-10-28T08:55:39.740+0000] {processor.py:914} INFO - Processing file /opt/airflow/dags/crawl/db/database.py for tasks to queue
[2024-10-28T08:55:39.742+0000] {logging_mixin.py:190} INFO - [2024-10-28T08:55:39.741+0000] {dagbag.py:588} INFO - Filling up the DagBag from /opt/airflow/dags/crawl/db/database.py
[2024-10-28T08:55:39.747+0000] {processor.py:927} WARNING - No viable dags retrieved from /opt/airflow/dags/crawl/db/database.py
[2024-10-28T08:55:39.757+0000] {processor.py:208} INFO - Processing /opt/airflow/dags/crawl/db/database.py took 0.023 seconds
[2024-10-28T08:56:10.080+0000] {processor.py:186} INFO - Started process (PID=424) to work on /opt/airflow/dags/crawl/db/database.py
[2024-10-28T08:56:10.081+0000] {processor.py:914} INFO - Processing file /opt/airflow/dags/crawl/db/database.py for tasks to queue
[2024-10-28T08:56:10.083+0000] {logging_mixin.py:190} INFO - [2024-10-28T08:56:10.083+0000] {dagbag.py:588} INFO - Filling up the DagBag from /opt/airflow/dags/crawl/db/database.py
[2024-10-28T08:56:10.088+0000] {processor.py:927} WARNING - No viable dags retrieved from /opt/airflow/dags/crawl/db/database.py
[2024-10-28T08:56:10.098+0000] {processor.py:208} INFO - Processing /opt/airflow/dags/crawl/db/database.py took 0.023 seconds
[2024-10-28T09:03:53.288+0000] {processor.py:186} INFO - Started process (PID=426) to work on /opt/airflow/dags/crawl/db/database.py
[2024-10-28T09:03:53.289+0000] {processor.py:914} INFO - Processing file /opt/airflow/dags/crawl/db/database.py for tasks to queue
[2024-10-28T09:03:53.291+0000] {logging_mixin.py:190} INFO - [2024-10-28T09:03:53.291+0000] {dagbag.py:588} INFO - Filling up the DagBag from /opt/airflow/dags/crawl/db/database.py
[2024-10-28T09:03:53.298+0000] {processor.py:927} WARNING - No viable dags retrieved from /opt/airflow/dags/crawl/db/database.py
[2024-10-28T09:03:53.310+0000] {processor.py:208} INFO - Processing /opt/airflow/dags/crawl/db/database.py took 0.029 seconds
[2024-10-28T09:04:23.559+0000] {processor.py:186} INFO - Started process (PID=434) to work on /opt/airflow/dags/crawl/db/database.py
[2024-10-28T09:04:23.560+0000] {processor.py:914} INFO - Processing file /opt/airflow/dags/crawl/db/database.py for tasks to queue
[2024-10-28T09:04:23.563+0000] {logging_mixin.py:190} INFO - [2024-10-28T09:04:23.563+0000] {dagbag.py:588} INFO - Filling up the DagBag from /opt/airflow/dags/crawl/db/database.py
[2024-10-28T09:04:23.570+0000] {processor.py:927} WARNING - No viable dags retrieved from /opt/airflow/dags/crawl/db/database.py
[2024-10-28T09:04:23.583+0000] {processor.py:208} INFO - Processing /opt/airflow/dags/crawl/db/database.py took 0.032 seconds
[2024-10-28T09:04:53.884+0000] {processor.py:186} INFO - Started process (PID=442) to work on /opt/airflow/dags/crawl/db/database.py
[2024-10-28T09:04:53.885+0000] {processor.py:914} INFO - Processing file /opt/airflow/dags/crawl/db/database.py for tasks to queue
[2024-10-28T09:04:53.887+0000] {logging_mixin.py:190} INFO - [2024-10-28T09:04:53.887+0000] {dagbag.py:588} INFO - Filling up the DagBag from /opt/airflow/dags/crawl/db/database.py
[2024-10-28T09:04:53.894+0000] {processor.py:927} WARNING - No viable dags retrieved from /opt/airflow/dags/crawl/db/database.py
[2024-10-28T09:04:53.906+0000] {processor.py:208} INFO - Processing /opt/airflow/dags/crawl/db/database.py took 0.031 seconds
[2024-10-28T09:05:24.220+0000] {processor.py:186} INFO - Started process (PID=450) to work on /opt/airflow/dags/crawl/db/database.py
[2024-10-28T09:05:24.220+0000] {processor.py:914} INFO - Processing file /opt/airflow/dags/crawl/db/database.py for tasks to queue
[2024-10-28T09:05:24.224+0000] {logging_mixin.py:190} INFO - [2024-10-28T09:05:24.223+0000] {dagbag.py:588} INFO - Filling up the DagBag from /opt/airflow/dags/crawl/db/database.py
[2024-10-28T09:05:24.231+0000] {processor.py:927} WARNING - No viable dags retrieved from /opt/airflow/dags/crawl/db/database.py
[2024-10-28T09:05:24.244+0000] {processor.py:208} INFO - Processing /opt/airflow/dags/crawl/db/database.py took 0.033 seconds
[2024-10-28T09:05:54.522+0000] {processor.py:186} INFO - Started process (PID=458) to work on /opt/airflow/dags/crawl/db/database.py
[2024-10-28T09:05:54.523+0000] {processor.py:914} INFO - Processing file /opt/airflow/dags/crawl/db/database.py for tasks to queue
[2024-10-28T09:05:54.525+0000] {logging_mixin.py:190} INFO - [2024-10-28T09:05:54.525+0000] {dagbag.py:588} INFO - Filling up the DagBag from /opt/airflow/dags/crawl/db/database.py
[2024-10-28T09:05:54.531+0000] {processor.py:927} WARNING - No viable dags retrieved from /opt/airflow/dags/crawl/db/database.py
[2024-10-28T09:05:54.543+0000] {processor.py:208} INFO - Processing /opt/airflow/dags/crawl/db/database.py took 0.026 seconds
[2024-10-28T09:06:24.804+0000] {processor.py:186} INFO - Started process (PID=466) to work on /opt/airflow/dags/crawl/db/database.py
[2024-10-28T09:06:24.804+0000] {processor.py:914} INFO - Processing file /opt/airflow/dags/crawl/db/database.py for tasks to queue
[2024-10-28T09:06:24.806+0000] {logging_mixin.py:190} INFO - [2024-10-28T09:06:24.806+0000] {dagbag.py:588} INFO - Filling up the DagBag from /opt/airflow/dags/crawl/db/database.py
[2024-10-28T09:06:24.812+0000] {processor.py:927} WARNING - No viable dags retrieved from /opt/airflow/dags/crawl/db/database.py
[2024-10-28T09:06:24.823+0000] {processor.py:208} INFO - Processing /opt/airflow/dags/crawl/db/database.py took 0.024 seconds
[2024-10-28T09:06:55.090+0000] {processor.py:186} INFO - Started process (PID=474) to work on /opt/airflow/dags/crawl/db/database.py
[2024-10-28T09:06:55.091+0000] {processor.py:914} INFO - Processing file /opt/airflow/dags/crawl/db/database.py for tasks to queue
[2024-10-28T09:06:55.093+0000] {logging_mixin.py:190} INFO - [2024-10-28T09:06:55.092+0000] {dagbag.py:588} INFO - Filling up the DagBag from /opt/airflow/dags/crawl/db/database.py
[2024-10-28T09:06:55.099+0000] {processor.py:927} WARNING - No viable dags retrieved from /opt/airflow/dags/crawl/db/database.py
[2024-10-28T09:06:55.111+0000] {processor.py:208} INFO - Processing /opt/airflow/dags/crawl/db/database.py took 0.026 seconds
[2024-10-28T09:07:25.309+0000] {processor.py:186} INFO - Started process (PID=482) to work on /opt/airflow/dags/crawl/db/database.py
[2024-10-28T09:07:25.310+0000] {processor.py:914} INFO - Processing file /opt/airflow/dags/crawl/db/database.py for tasks to queue
[2024-10-28T09:07:25.312+0000] {logging_mixin.py:190} INFO - [2024-10-28T09:07:25.312+0000] {dagbag.py:588} INFO - Filling up the DagBag from /opt/airflow/dags/crawl/db/database.py
[2024-10-28T09:07:25.318+0000] {processor.py:927} WARNING - No viable dags retrieved from /opt/airflow/dags/crawl/db/database.py
[2024-10-28T09:07:25.330+0000] {processor.py:208} INFO - Processing /opt/airflow/dags/crawl/db/database.py took 0.027 seconds
[2024-10-28T09:07:55.604+0000] {processor.py:186} INFO - Started process (PID=496) to work on /opt/airflow/dags/crawl/db/database.py
[2024-10-28T09:07:55.604+0000] {processor.py:914} INFO - Processing file /opt/airflow/dags/crawl/db/database.py for tasks to queue
[2024-10-28T09:07:55.606+0000] {logging_mixin.py:190} INFO - [2024-10-28T09:07:55.606+0000] {dagbag.py:588} INFO - Filling up the DagBag from /opt/airflow/dags/crawl/db/database.py
[2024-10-28T09:07:55.611+0000] {processor.py:927} WARNING - No viable dags retrieved from /opt/airflow/dags/crawl/db/database.py
[2024-10-28T09:07:55.624+0000] {processor.py:208} INFO - Processing /opt/airflow/dags/crawl/db/database.py took 0.026 seconds
[2024-10-28T09:10:56.016+0000] {processor.py:186} INFO - Started process (PID=35) to work on /opt/airflow/dags/crawl/db/database.py
[2024-10-28T09:10:56.017+0000] {processor.py:914} INFO - Processing file /opt/airflow/dags/crawl/db/database.py for tasks to queue
[2024-10-28T09:10:56.020+0000] {logging_mixin.py:190} INFO - [2024-10-28T09:10:56.020+0000] {dagbag.py:588} INFO - Filling up the DagBag from /opt/airflow/dags/crawl/db/database.py
[2024-10-28T09:10:56.027+0000] {processor.py:927} WARNING - No viable dags retrieved from /opt/airflow/dags/crawl/db/database.py
[2024-10-28T09:10:56.044+0000] {processor.py:208} INFO - Processing /opt/airflow/dags/crawl/db/database.py took 0.037 seconds
[2024-10-28T09:11:26.319+0000] {processor.py:186} INFO - Started process (PID=42) to work on /opt/airflow/dags/crawl/db/database.py
[2024-10-28T09:11:26.321+0000] {processor.py:914} INFO - Processing file /opt/airflow/dags/crawl/db/database.py for tasks to queue
[2024-10-28T09:11:26.324+0000] {logging_mixin.py:190} INFO - [2024-10-28T09:11:26.324+0000] {dagbag.py:588} INFO - Filling up the DagBag from /opt/airflow/dags/crawl/db/database.py
[2024-10-28T09:11:26.334+0000] {processor.py:927} WARNING - No viable dags retrieved from /opt/airflow/dags/crawl/db/database.py
[2024-10-28T09:11:26.347+0000] {processor.py:208} INFO - Processing /opt/airflow/dags/crawl/db/database.py took 0.048 seconds
[2024-10-28T09:11:56.590+0000] {processor.py:186} INFO - Started process (PID=51) to work on /opt/airflow/dags/crawl/db/database.py
[2024-10-28T09:11:56.642+0000] {processor.py:914} INFO - Processing file /opt/airflow/dags/crawl/db/database.py for tasks to queue
[2024-10-28T09:11:56.657+0000] {logging_mixin.py:190} INFO - [2024-10-28T09:11:56.655+0000] {dagbag.py:588} INFO - Filling up the DagBag from /opt/airflow/dags/crawl/db/database.py
[2024-10-28T09:11:56.675+0000] {processor.py:927} WARNING - No viable dags retrieved from /opt/airflow/dags/crawl/db/database.py
[2024-10-28T09:11:56.692+0000] {processor.py:208} INFO - Processing /opt/airflow/dags/crawl/db/database.py took 0.107 seconds
[2024-10-28T09:12:26.986+0000] {processor.py:186} INFO - Started process (PID=59) to work on /opt/airflow/dags/crawl/db/database.py
[2024-10-28T09:12:26.987+0000] {processor.py:914} INFO - Processing file /opt/airflow/dags/crawl/db/database.py for tasks to queue
[2024-10-28T09:12:26.989+0000] {logging_mixin.py:190} INFO - [2024-10-28T09:12:26.989+0000] {dagbag.py:588} INFO - Filling up the DagBag from /opt/airflow/dags/crawl/db/database.py
[2024-10-28T09:12:26.994+0000] {processor.py:927} WARNING - No viable dags retrieved from /opt/airflow/dags/crawl/db/database.py
[2024-10-28T09:12:27.004+0000] {processor.py:208} INFO - Processing /opt/airflow/dags/crawl/db/database.py took 0.023 seconds
[2024-10-28T09:12:57.328+0000] {processor.py:186} INFO - Started process (PID=67) to work on /opt/airflow/dags/crawl/db/database.py
[2024-10-28T09:12:57.329+0000] {processor.py:914} INFO - Processing file /opt/airflow/dags/crawl/db/database.py for tasks to queue
[2024-10-28T09:12:57.332+0000] {logging_mixin.py:190} INFO - [2024-10-28T09:12:57.331+0000] {dagbag.py:588} INFO - Filling up the DagBag from /opt/airflow/dags/crawl/db/database.py
[2024-10-28T09:12:57.337+0000] {processor.py:927} WARNING - No viable dags retrieved from /opt/airflow/dags/crawl/db/database.py
[2024-10-28T09:12:57.349+0000] {processor.py:208} INFO - Processing /opt/airflow/dags/crawl/db/database.py took 0.028 seconds
[2024-10-28T09:13:27.665+0000] {processor.py:186} INFO - Started process (PID=75) to work on /opt/airflow/dags/crawl/db/database.py
[2024-10-28T09:13:27.666+0000] {processor.py:914} INFO - Processing file /opt/airflow/dags/crawl/db/database.py for tasks to queue
[2024-10-28T09:13:27.669+0000] {logging_mixin.py:190} INFO - [2024-10-28T09:13:27.668+0000] {dagbag.py:588} INFO - Filling up the DagBag from /opt/airflow/dags/crawl/db/database.py
[2024-10-28T09:13:27.677+0000] {processor.py:927} WARNING - No viable dags retrieved from /opt/airflow/dags/crawl/db/database.py
[2024-10-28T09:13:27.692+0000] {processor.py:208} INFO - Processing /opt/airflow/dags/crawl/db/database.py took 0.037 seconds
[2024-10-28T09:13:57.997+0000] {processor.py:186} INFO - Started process (PID=83) to work on /opt/airflow/dags/crawl/db/database.py
[2024-10-28T09:13:57.997+0000] {processor.py:914} INFO - Processing file /opt/airflow/dags/crawl/db/database.py for tasks to queue
[2024-10-28T09:13:58.000+0000] {logging_mixin.py:190} INFO - [2024-10-28T09:13:57.999+0000] {dagbag.py:588} INFO - Filling up the DagBag from /opt/airflow/dags/crawl/db/database.py
[2024-10-28T09:13:58.006+0000] {processor.py:927} WARNING - No viable dags retrieved from /opt/airflow/dags/crawl/db/database.py
[2024-10-28T09:13:58.019+0000] {processor.py:208} INFO - Processing /opt/airflow/dags/crawl/db/database.py took 0.031 seconds
[2024-10-28T09:14:28.331+0000] {processor.py:186} INFO - Started process (PID=91) to work on /opt/airflow/dags/crawl/db/database.py
[2024-10-28T09:14:28.332+0000] {processor.py:914} INFO - Processing file /opt/airflow/dags/crawl/db/database.py for tasks to queue
[2024-10-28T09:14:28.335+0000] {logging_mixin.py:190} INFO - [2024-10-28T09:14:28.335+0000] {dagbag.py:588} INFO - Filling up the DagBag from /opt/airflow/dags/crawl/db/database.py
[2024-10-28T09:14:28.342+0000] {processor.py:927} WARNING - No viable dags retrieved from /opt/airflow/dags/crawl/db/database.py
[2024-10-28T09:14:28.356+0000] {processor.py:208} INFO - Processing /opt/airflow/dags/crawl/db/database.py took 0.033 seconds
[2024-10-28T09:14:58.634+0000] {processor.py:186} INFO - Started process (PID=99) to work on /opt/airflow/dags/crawl/db/database.py
[2024-10-28T09:14:58.635+0000] {processor.py:914} INFO - Processing file /opt/airflow/dags/crawl/db/database.py for tasks to queue
[2024-10-28T09:14:58.637+0000] {logging_mixin.py:190} INFO - [2024-10-28T09:14:58.637+0000] {dagbag.py:588} INFO - Filling up the DagBag from /opt/airflow/dags/crawl/db/database.py
[2024-10-28T09:14:58.642+0000] {processor.py:927} WARNING - No viable dags retrieved from /opt/airflow/dags/crawl/db/database.py
[2024-10-28T09:14:58.654+0000] {processor.py:208} INFO - Processing /opt/airflow/dags/crawl/db/database.py took 0.025 seconds
[2024-10-28T09:15:28.954+0000] {processor.py:186} INFO - Started process (PID=107) to work on /opt/airflow/dags/crawl/db/database.py
[2024-10-28T09:15:28.955+0000] {processor.py:914} INFO - Processing file /opt/airflow/dags/crawl/db/database.py for tasks to queue
[2024-10-28T09:15:28.957+0000] {logging_mixin.py:190} INFO - [2024-10-28T09:15:28.957+0000] {dagbag.py:588} INFO - Filling up the DagBag from /opt/airflow/dags/crawl/db/database.py
[2024-10-28T09:15:28.962+0000] {processor.py:927} WARNING - No viable dags retrieved from /opt/airflow/dags/crawl/db/database.py
[2024-10-28T09:15:28.972+0000] {processor.py:208} INFO - Processing /opt/airflow/dags/crawl/db/database.py took 0.024 seconds
[2024-10-28T09:15:59.253+0000] {processor.py:186} INFO - Started process (PID=115) to work on /opt/airflow/dags/crawl/db/database.py
[2024-10-28T09:15:59.254+0000] {processor.py:914} INFO - Processing file /opt/airflow/dags/crawl/db/database.py for tasks to queue
[2024-10-28T09:15:59.256+0000] {logging_mixin.py:190} INFO - [2024-10-28T09:15:59.256+0000] {dagbag.py:588} INFO - Filling up the DagBag from /opt/airflow/dags/crawl/db/database.py
[2024-10-28T09:15:59.262+0000] {processor.py:927} WARNING - No viable dags retrieved from /opt/airflow/dags/crawl/db/database.py
[2024-10-28T09:15:59.275+0000] {processor.py:208} INFO - Processing /opt/airflow/dags/crawl/db/database.py took 0.028 seconds
[2024-10-28T09:16:29.561+0000] {processor.py:186} INFO - Started process (PID=123) to work on /opt/airflow/dags/crawl/db/database.py
[2024-10-28T09:16:29.562+0000] {processor.py:914} INFO - Processing file /opt/airflow/dags/crawl/db/database.py for tasks to queue
[2024-10-28T09:16:29.563+0000] {logging_mixin.py:190} INFO - [2024-10-28T09:16:29.563+0000] {dagbag.py:588} INFO - Filling up the DagBag from /opt/airflow/dags/crawl/db/database.py
[2024-10-28T09:16:29.570+0000] {processor.py:927} WARNING - No viable dags retrieved from /opt/airflow/dags/crawl/db/database.py
[2024-10-28T09:16:29.583+0000] {processor.py:208} INFO - Processing /opt/airflow/dags/crawl/db/database.py took 0.029 seconds
[2024-10-28T09:16:59.876+0000] {processor.py:186} INFO - Started process (PID=130) to work on /opt/airflow/dags/crawl/db/database.py
[2024-10-28T09:16:59.877+0000] {processor.py:914} INFO - Processing file /opt/airflow/dags/crawl/db/database.py for tasks to queue
[2024-10-28T09:16:59.879+0000] {logging_mixin.py:190} INFO - [2024-10-28T09:16:59.879+0000] {dagbag.py:588} INFO - Filling up the DagBag from /opt/airflow/dags/crawl/db/database.py
[2024-10-28T09:16:59.887+0000] {processor.py:927} WARNING - No viable dags retrieved from /opt/airflow/dags/crawl/db/database.py
[2024-10-28T09:16:59.899+0000] {processor.py:208} INFO - Processing /opt/airflow/dags/crawl/db/database.py took 0.032 seconds
[2024-10-28T09:17:30.200+0000] {processor.py:186} INFO - Started process (PID=138) to work on /opt/airflow/dags/crawl/db/database.py
[2024-10-28T09:17:30.201+0000] {processor.py:914} INFO - Processing file /opt/airflow/dags/crawl/db/database.py for tasks to queue
[2024-10-28T09:17:30.203+0000] {logging_mixin.py:190} INFO - [2024-10-28T09:17:30.203+0000] {dagbag.py:588} INFO - Filling up the DagBag from /opt/airflow/dags/crawl/db/database.py
[2024-10-28T09:17:30.211+0000] {processor.py:927} WARNING - No viable dags retrieved from /opt/airflow/dags/crawl/db/database.py
[2024-10-28T09:17:30.223+0000] {processor.py:208} INFO - Processing /opt/airflow/dags/crawl/db/database.py took 0.031 seconds
[2024-10-28T09:18:00.432+0000] {processor.py:186} INFO - Started process (PID=146) to work on /opt/airflow/dags/crawl/db/database.py
[2024-10-28T09:18:00.433+0000] {processor.py:914} INFO - Processing file /opt/airflow/dags/crawl/db/database.py for tasks to queue
[2024-10-28T09:18:00.435+0000] {logging_mixin.py:190} INFO - [2024-10-28T09:18:00.435+0000] {dagbag.py:588} INFO - Filling up the DagBag from /opt/airflow/dags/crawl/db/database.py
[2024-10-28T09:18:00.441+0000] {processor.py:927} WARNING - No viable dags retrieved from /opt/airflow/dags/crawl/db/database.py
[2024-10-28T09:18:00.454+0000] {processor.py:208} INFO - Processing /opt/airflow/dags/crawl/db/database.py took 0.027 seconds
[2024-10-28T09:18:30.723+0000] {processor.py:186} INFO - Started process (PID=154) to work on /opt/airflow/dags/crawl/db/database.py
[2024-10-28T09:18:30.724+0000] {processor.py:914} INFO - Processing file /opt/airflow/dags/crawl/db/database.py for tasks to queue
[2024-10-28T09:18:30.726+0000] {logging_mixin.py:190} INFO - [2024-10-28T09:18:30.725+0000] {dagbag.py:588} INFO - Filling up the DagBag from /opt/airflow/dags/crawl/db/database.py
[2024-10-28T09:18:30.731+0000] {processor.py:927} WARNING - No viable dags retrieved from /opt/airflow/dags/crawl/db/database.py
[2024-10-28T09:18:30.742+0000] {processor.py:208} INFO - Processing /opt/airflow/dags/crawl/db/database.py took 0.024 seconds
[2024-10-28T09:19:01.043+0000] {processor.py:186} INFO - Started process (PID=162) to work on /opt/airflow/dags/crawl/db/database.py
[2024-10-28T09:19:01.044+0000] {processor.py:914} INFO - Processing file /opt/airflow/dags/crawl/db/database.py for tasks to queue
[2024-10-28T09:19:01.046+0000] {logging_mixin.py:190} INFO - [2024-10-28T09:19:01.046+0000] {dagbag.py:588} INFO - Filling up the DagBag from /opt/airflow/dags/crawl/db/database.py
[2024-10-28T09:19:01.053+0000] {processor.py:927} WARNING - No viable dags retrieved from /opt/airflow/dags/crawl/db/database.py
[2024-10-28T09:19:01.064+0000] {processor.py:208} INFO - Processing /opt/airflow/dags/crawl/db/database.py took 0.030 seconds
[2024-10-28T09:19:31.345+0000] {processor.py:186} INFO - Started process (PID=170) to work on /opt/airflow/dags/crawl/db/database.py
[2024-10-28T09:19:31.346+0000] {processor.py:914} INFO - Processing file /opt/airflow/dags/crawl/db/database.py for tasks to queue
[2024-10-28T09:19:31.348+0000] {logging_mixin.py:190} INFO - [2024-10-28T09:19:31.348+0000] {dagbag.py:588} INFO - Filling up the DagBag from /opt/airflow/dags/crawl/db/database.py
[2024-10-28T09:19:31.354+0000] {processor.py:927} WARNING - No viable dags retrieved from /opt/airflow/dags/crawl/db/database.py
[2024-10-28T09:19:31.366+0000] {processor.py:208} INFO - Processing /opt/airflow/dags/crawl/db/database.py took 0.026 seconds
[2024-10-28T09:20:01.695+0000] {processor.py:186} INFO - Started process (PID=178) to work on /opt/airflow/dags/crawl/db/database.py
[2024-10-28T09:20:01.696+0000] {processor.py:914} INFO - Processing file /opt/airflow/dags/crawl/db/database.py for tasks to queue
[2024-10-28T09:20:01.698+0000] {logging_mixin.py:190} INFO - [2024-10-28T09:20:01.698+0000] {dagbag.py:588} INFO - Filling up the DagBag from /opt/airflow/dags/crawl/db/database.py
[2024-10-28T09:20:01.705+0000] {processor.py:927} WARNING - No viable dags retrieved from /opt/airflow/dags/crawl/db/database.py
[2024-10-28T09:20:01.716+0000] {processor.py:208} INFO - Processing /opt/airflow/dags/crawl/db/database.py took 0.030 seconds
[2024-10-28T09:20:32.048+0000] {processor.py:186} INFO - Started process (PID=186) to work on /opt/airflow/dags/crawl/db/database.py
[2024-10-28T09:20:32.049+0000] {processor.py:914} INFO - Processing file /opt/airflow/dags/crawl/db/database.py for tasks to queue
[2024-10-28T09:20:32.052+0000] {logging_mixin.py:190} INFO - [2024-10-28T09:20:32.051+0000] {dagbag.py:588} INFO - Filling up the DagBag from /opt/airflow/dags/crawl/db/database.py
[2024-10-28T09:20:32.058+0000] {processor.py:927} WARNING - No viable dags retrieved from /opt/airflow/dags/crawl/db/database.py
[2024-10-28T09:20:32.070+0000] {processor.py:208} INFO - Processing /opt/airflow/dags/crawl/db/database.py took 0.030 seconds
[2024-10-28T09:21:02.412+0000] {processor.py:186} INFO - Started process (PID=194) to work on /opt/airflow/dags/crawl/db/database.py
[2024-10-28T09:21:02.413+0000] {processor.py:914} INFO - Processing file /opt/airflow/dags/crawl/db/database.py for tasks to queue
[2024-10-28T09:21:02.415+0000] {logging_mixin.py:190} INFO - [2024-10-28T09:21:02.414+0000] {dagbag.py:588} INFO - Filling up the DagBag from /opt/airflow/dags/crawl/db/database.py
[2024-10-28T09:21:02.421+0000] {processor.py:927} WARNING - No viable dags retrieved from /opt/airflow/dags/crawl/db/database.py
[2024-10-28T09:21:02.432+0000] {processor.py:208} INFO - Processing /opt/airflow/dags/crawl/db/database.py took 0.029 seconds
[2024-10-28T09:21:32.701+0000] {processor.py:186} INFO - Started process (PID=202) to work on /opt/airflow/dags/crawl/db/database.py
[2024-10-28T09:21:32.702+0000] {processor.py:914} INFO - Processing file /opt/airflow/dags/crawl/db/database.py for tasks to queue
[2024-10-28T09:21:32.704+0000] {logging_mixin.py:190} INFO - [2024-10-28T09:21:32.704+0000] {dagbag.py:588} INFO - Filling up the DagBag from /opt/airflow/dags/crawl/db/database.py
[2024-10-28T09:21:32.710+0000] {processor.py:927} WARNING - No viable dags retrieved from /opt/airflow/dags/crawl/db/database.py
[2024-10-28T09:21:32.723+0000] {processor.py:208} INFO - Processing /opt/airflow/dags/crawl/db/database.py took 0.027 seconds
[2024-10-28T09:22:03.022+0000] {processor.py:186} INFO - Started process (PID=210) to work on /opt/airflow/dags/crawl/db/database.py
[2024-10-28T09:22:03.023+0000] {processor.py:914} INFO - Processing file /opt/airflow/dags/crawl/db/database.py for tasks to queue
[2024-10-28T09:22:03.026+0000] {logging_mixin.py:190} INFO - [2024-10-28T09:22:03.025+0000] {dagbag.py:588} INFO - Filling up the DagBag from /opt/airflow/dags/crawl/db/database.py
[2024-10-28T09:22:03.031+0000] {processor.py:927} WARNING - No viable dags retrieved from /opt/airflow/dags/crawl/db/database.py
[2024-10-28T09:22:03.043+0000] {processor.py:208} INFO - Processing /opt/airflow/dags/crawl/db/database.py took 0.028 seconds
[2024-10-28T09:22:33.331+0000] {processor.py:186} INFO - Started process (PID=218) to work on /opt/airflow/dags/crawl/db/database.py
[2024-10-28T09:22:33.332+0000] {processor.py:914} INFO - Processing file /opt/airflow/dags/crawl/db/database.py for tasks to queue
[2024-10-28T09:22:33.335+0000] {logging_mixin.py:190} INFO - [2024-10-28T09:22:33.334+0000] {dagbag.py:588} INFO - Filling up the DagBag from /opt/airflow/dags/crawl/db/database.py
[2024-10-28T09:22:33.341+0000] {processor.py:927} WARNING - No viable dags retrieved from /opt/airflow/dags/crawl/db/database.py
[2024-10-28T09:22:33.354+0000] {processor.py:208} INFO - Processing /opt/airflow/dags/crawl/db/database.py took 0.031 seconds
[2024-10-28T09:23:03.625+0000] {processor.py:186} INFO - Started process (PID=236) to work on /opt/airflow/dags/crawl/db/database.py
[2024-10-28T09:23:03.626+0000] {processor.py:914} INFO - Processing file /opt/airflow/dags/crawl/db/database.py for tasks to queue
[2024-10-28T09:23:03.628+0000] {logging_mixin.py:190} INFO - [2024-10-28T09:23:03.627+0000] {dagbag.py:588} INFO - Filling up the DagBag from /opt/airflow/dags/crawl/db/database.py
[2024-10-28T09:23:03.633+0000] {processor.py:927} WARNING - No viable dags retrieved from /opt/airflow/dags/crawl/db/database.py
[2024-10-28T09:23:03.645+0000] {processor.py:208} INFO - Processing /opt/airflow/dags/crawl/db/database.py took 0.025 seconds
[2024-10-28T09:23:33.928+0000] {processor.py:186} INFO - Started process (PID=245) to work on /opt/airflow/dags/crawl/db/database.py
[2024-10-28T09:23:33.929+0000] {processor.py:914} INFO - Processing file /opt/airflow/dags/crawl/db/database.py for tasks to queue
[2024-10-28T09:23:33.931+0000] {logging_mixin.py:190} INFO - [2024-10-28T09:23:33.930+0000] {dagbag.py:588} INFO - Filling up the DagBag from /opt/airflow/dags/crawl/db/database.py
[2024-10-28T09:23:33.935+0000] {processor.py:927} WARNING - No viable dags retrieved from /opt/airflow/dags/crawl/db/database.py
[2024-10-28T09:23:33.947+0000] {processor.py:208} INFO - Processing /opt/airflow/dags/crawl/db/database.py took 0.023 seconds
[2024-10-28T09:24:04.225+0000] {processor.py:186} INFO - Started process (PID=253) to work on /opt/airflow/dags/crawl/db/database.py
[2024-10-28T09:24:04.226+0000] {processor.py:914} INFO - Processing file /opt/airflow/dags/crawl/db/database.py for tasks to queue
[2024-10-28T09:24:04.228+0000] {logging_mixin.py:190} INFO - [2024-10-28T09:24:04.228+0000] {dagbag.py:588} INFO - Filling up the DagBag from /opt/airflow/dags/crawl/db/database.py
[2024-10-28T09:24:04.233+0000] {processor.py:927} WARNING - No viable dags retrieved from /opt/airflow/dags/crawl/db/database.py
[2024-10-28T09:24:04.246+0000] {processor.py:208} INFO - Processing /opt/airflow/dags/crawl/db/database.py took 0.026 seconds
[2024-10-28T09:24:34.528+0000] {processor.py:186} INFO - Started process (PID=261) to work on /opt/airflow/dags/crawl/db/database.py
[2024-10-28T09:24:34.528+0000] {processor.py:914} INFO - Processing file /opt/airflow/dags/crawl/db/database.py for tasks to queue
[2024-10-28T09:24:34.530+0000] {logging_mixin.py:190} INFO - [2024-10-28T09:24:34.530+0000] {dagbag.py:588} INFO - Filling up the DagBag from /opt/airflow/dags/crawl/db/database.py
[2024-10-28T09:24:34.535+0000] {processor.py:927} WARNING - No viable dags retrieved from /opt/airflow/dags/crawl/db/database.py
[2024-10-28T09:24:34.546+0000] {processor.py:208} INFO - Processing /opt/airflow/dags/crawl/db/database.py took 0.023 seconds
[2024-10-28T09:25:04.851+0000] {processor.py:186} INFO - Started process (PID=269) to work on /opt/airflow/dags/crawl/db/database.py
[2024-10-28T09:25:04.851+0000] {processor.py:914} INFO - Processing file /opt/airflow/dags/crawl/db/database.py for tasks to queue
[2024-10-28T09:25:04.853+0000] {logging_mixin.py:190} INFO - [2024-10-28T09:25:04.853+0000] {dagbag.py:588} INFO - Filling up the DagBag from /opt/airflow/dags/crawl/db/database.py
[2024-10-28T09:25:04.860+0000] {processor.py:927} WARNING - No viable dags retrieved from /opt/airflow/dags/crawl/db/database.py
[2024-10-28T09:25:04.872+0000] {processor.py:208} INFO - Processing /opt/airflow/dags/crawl/db/database.py took 0.029 seconds
[2024-10-28T09:25:35.180+0000] {processor.py:186} INFO - Started process (PID=277) to work on /opt/airflow/dags/crawl/db/database.py
[2024-10-28T09:25:35.181+0000] {processor.py:914} INFO - Processing file /opt/airflow/dags/crawl/db/database.py for tasks to queue
[2024-10-28T09:25:35.183+0000] {logging_mixin.py:190} INFO - [2024-10-28T09:25:35.183+0000] {dagbag.py:588} INFO - Filling up the DagBag from /opt/airflow/dags/crawl/db/database.py
[2024-10-28T09:25:35.190+0000] {processor.py:927} WARNING - No viable dags retrieved from /opt/airflow/dags/crawl/db/database.py
[2024-10-28T09:25:35.201+0000] {processor.py:208} INFO - Processing /opt/airflow/dags/crawl/db/database.py took 0.031 seconds
[2024-10-28T09:26:05.528+0000] {processor.py:186} INFO - Started process (PID=285) to work on /opt/airflow/dags/crawl/db/database.py
[2024-10-28T09:26:05.529+0000] {processor.py:914} INFO - Processing file /opt/airflow/dags/crawl/db/database.py for tasks to queue
[2024-10-28T09:26:05.531+0000] {logging_mixin.py:190} INFO - [2024-10-28T09:26:05.531+0000] {dagbag.py:588} INFO - Filling up the DagBag from /opt/airflow/dags/crawl/db/database.py
[2024-10-28T09:26:05.538+0000] {processor.py:927} WARNING - No viable dags retrieved from /opt/airflow/dags/crawl/db/database.py
[2024-10-28T09:26:05.550+0000] {processor.py:208} INFO - Processing /opt/airflow/dags/crawl/db/database.py took 0.030 seconds
[2024-10-28T09:26:35.795+0000] {processor.py:186} INFO - Started process (PID=292) to work on /opt/airflow/dags/crawl/db/database.py
[2024-10-28T09:26:35.796+0000] {processor.py:914} INFO - Processing file /opt/airflow/dags/crawl/db/database.py for tasks to queue
[2024-10-28T09:26:35.798+0000] {logging_mixin.py:190} INFO - [2024-10-28T09:26:35.798+0000] {dagbag.py:588} INFO - Filling up the DagBag from /opt/airflow/dags/crawl/db/database.py
[2024-10-28T09:26:35.803+0000] {processor.py:927} WARNING - No viable dags retrieved from /opt/airflow/dags/crawl/db/database.py
[2024-10-28T09:26:35.813+0000] {processor.py:208} INFO - Processing /opt/airflow/dags/crawl/db/database.py took 0.023 seconds
[2024-10-28T09:27:06.101+0000] {processor.py:186} INFO - Started process (PID=300) to work on /opt/airflow/dags/crawl/db/database.py
[2024-10-28T09:27:06.102+0000] {processor.py:914} INFO - Processing file /opt/airflow/dags/crawl/db/database.py for tasks to queue
[2024-10-28T09:27:06.105+0000] {logging_mixin.py:190} INFO - [2024-10-28T09:27:06.104+0000] {dagbag.py:588} INFO - Filling up the DagBag from /opt/airflow/dags/crawl/db/database.py
[2024-10-28T09:27:06.111+0000] {processor.py:927} WARNING - No viable dags retrieved from /opt/airflow/dags/crawl/db/database.py
[2024-10-28T09:27:06.123+0000] {processor.py:208} INFO - Processing /opt/airflow/dags/crawl/db/database.py took 0.032 seconds
[2024-10-28T09:27:36.378+0000] {processor.py:186} INFO - Started process (PID=308) to work on /opt/airflow/dags/crawl/db/database.py
[2024-10-28T09:27:36.378+0000] {processor.py:914} INFO - Processing file /opt/airflow/dags/crawl/db/database.py for tasks to queue
[2024-10-28T09:27:36.380+0000] {logging_mixin.py:190} INFO - [2024-10-28T09:27:36.380+0000] {dagbag.py:588} INFO - Filling up the DagBag from /opt/airflow/dags/crawl/db/database.py
[2024-10-28T09:27:36.385+0000] {processor.py:927} WARNING - No viable dags retrieved from /opt/airflow/dags/crawl/db/database.py
[2024-10-28T09:27:36.396+0000] {processor.py:208} INFO - Processing /opt/airflow/dags/crawl/db/database.py took 0.023 seconds
[2024-10-28T09:28:06.671+0000] {processor.py:186} INFO - Started process (PID=322) to work on /opt/airflow/dags/crawl/db/database.py
[2024-10-28T09:28:06.671+0000] {processor.py:914} INFO - Processing file /opt/airflow/dags/crawl/db/database.py for tasks to queue
[2024-10-28T09:28:06.673+0000] {logging_mixin.py:190} INFO - [2024-10-28T09:28:06.673+0000] {dagbag.py:588} INFO - Filling up the DagBag from /opt/airflow/dags/crawl/db/database.py
[2024-10-28T09:28:06.678+0000] {processor.py:927} WARNING - No viable dags retrieved from /opt/airflow/dags/crawl/db/database.py
[2024-10-28T09:28:06.692+0000] {processor.py:208} INFO - Processing /opt/airflow/dags/crawl/db/database.py took 0.026 seconds
[2024-10-28T09:28:36.983+0000] {processor.py:186} INFO - Started process (PID=330) to work on /opt/airflow/dags/crawl/db/database.py
[2024-10-28T09:28:36.983+0000] {processor.py:914} INFO - Processing file /opt/airflow/dags/crawl/db/database.py for tasks to queue
[2024-10-28T09:28:36.985+0000] {logging_mixin.py:190} INFO - [2024-10-28T09:28:36.985+0000] {dagbag.py:588} INFO - Filling up the DagBag from /opt/airflow/dags/crawl/db/database.py
[2024-10-28T09:28:36.991+0000] {processor.py:927} WARNING - No viable dags retrieved from /opt/airflow/dags/crawl/db/database.py
[2024-10-28T09:28:37.003+0000] {processor.py:208} INFO - Processing /opt/airflow/dags/crawl/db/database.py took 0.026 seconds
[2024-10-28T09:29:07.310+0000] {processor.py:186} INFO - Started process (PID=338) to work on /opt/airflow/dags/crawl/db/database.py
[2024-10-28T09:29:07.311+0000] {processor.py:914} INFO - Processing file /opt/airflow/dags/crawl/db/database.py for tasks to queue
[2024-10-28T09:29:07.313+0000] {logging_mixin.py:190} INFO - [2024-10-28T09:29:07.313+0000] {dagbag.py:588} INFO - Filling up the DagBag from /opt/airflow/dags/crawl/db/database.py
[2024-10-28T09:29:07.319+0000] {processor.py:927} WARNING - No viable dags retrieved from /opt/airflow/dags/crawl/db/database.py
[2024-10-28T09:29:07.330+0000] {processor.py:208} INFO - Processing /opt/airflow/dags/crawl/db/database.py took 0.025 seconds
[2024-10-28T09:29:37.658+0000] {processor.py:186} INFO - Started process (PID=346) to work on /opt/airflow/dags/crawl/db/database.py
[2024-10-28T09:29:37.659+0000] {processor.py:914} INFO - Processing file /opt/airflow/dags/crawl/db/database.py for tasks to queue
[2024-10-28T09:29:37.662+0000] {logging_mixin.py:190} INFO - [2024-10-28T09:29:37.662+0000] {dagbag.py:588} INFO - Filling up the DagBag from /opt/airflow/dags/crawl/db/database.py
[2024-10-28T09:29:37.669+0000] {processor.py:927} WARNING - No viable dags retrieved from /opt/airflow/dags/crawl/db/database.py
[2024-10-28T09:29:37.682+0000] {processor.py:208} INFO - Processing /opt/airflow/dags/crawl/db/database.py took 0.037 seconds
[2024-10-28T09:30:07.970+0000] {processor.py:186} INFO - Started process (PID=355) to work on /opt/airflow/dags/crawl/db/database.py
[2024-10-28T09:30:07.970+0000] {processor.py:914} INFO - Processing file /opt/airflow/dags/crawl/db/database.py for tasks to queue
[2024-10-28T09:30:07.971+0000] {logging_mixin.py:190} INFO - [2024-10-28T09:30:07.971+0000] {dagbag.py:588} INFO - Filling up the DagBag from /opt/airflow/dags/crawl/db/database.py
[2024-10-28T09:30:07.977+0000] {processor.py:927} WARNING - No viable dags retrieved from /opt/airflow/dags/crawl/db/database.py
[2024-10-28T09:30:07.989+0000] {processor.py:208} INFO - Processing /opt/airflow/dags/crawl/db/database.py took 0.025 seconds
[2024-10-28T09:30:38.293+0000] {processor.py:186} INFO - Started process (PID=363) to work on /opt/airflow/dags/crawl/db/database.py
[2024-10-28T09:30:38.293+0000] {processor.py:914} INFO - Processing file /opt/airflow/dags/crawl/db/database.py for tasks to queue
[2024-10-28T09:30:38.294+0000] {logging_mixin.py:190} INFO - [2024-10-28T09:30:38.294+0000] {dagbag.py:588} INFO - Filling up the DagBag from /opt/airflow/dags/crawl/db/database.py
[2024-10-28T09:30:38.301+0000] {processor.py:927} WARNING - No viable dags retrieved from /opt/airflow/dags/crawl/db/database.py
[2024-10-28T09:30:38.314+0000] {processor.py:208} INFO - Processing /opt/airflow/dags/crawl/db/database.py took 0.027 seconds
[2024-10-28T09:31:08.623+0000] {processor.py:186} INFO - Started process (PID=371) to work on /opt/airflow/dags/crawl/db/database.py
[2024-10-28T09:31:08.624+0000] {processor.py:914} INFO - Processing file /opt/airflow/dags/crawl/db/database.py for tasks to queue
[2024-10-28T09:31:08.626+0000] {logging_mixin.py:190} INFO - [2024-10-28T09:31:08.625+0000] {dagbag.py:588} INFO - Filling up the DagBag from /opt/airflow/dags/crawl/db/database.py
[2024-10-28T09:31:08.640+0000] {processor.py:927} WARNING - No viable dags retrieved from /opt/airflow/dags/crawl/db/database.py
[2024-10-28T09:31:08.658+0000] {processor.py:208} INFO - Processing /opt/airflow/dags/crawl/db/database.py took 0.050 seconds
[2024-10-28T09:31:38.925+0000] {processor.py:186} INFO - Started process (PID=379) to work on /opt/airflow/dags/crawl/db/database.py
[2024-10-28T09:31:38.926+0000] {processor.py:914} INFO - Processing file /opt/airflow/dags/crawl/db/database.py for tasks to queue
[2024-10-28T09:31:38.928+0000] {logging_mixin.py:190} INFO - [2024-10-28T09:31:38.928+0000] {dagbag.py:588} INFO - Filling up the DagBag from /opt/airflow/dags/crawl/db/database.py
[2024-10-28T09:31:38.936+0000] {processor.py:927} WARNING - No viable dags retrieved from /opt/airflow/dags/crawl/db/database.py
[2024-10-28T09:31:38.947+0000] {processor.py:208} INFO - Processing /opt/airflow/dags/crawl/db/database.py took 0.034 seconds
[2024-10-28T09:32:09.225+0000] {processor.py:186} INFO - Started process (PID=387) to work on /opt/airflow/dags/crawl/db/database.py
[2024-10-28T09:32:09.226+0000] {processor.py:914} INFO - Processing file /opt/airflow/dags/crawl/db/database.py for tasks to queue
[2024-10-28T09:32:09.227+0000] {logging_mixin.py:190} INFO - [2024-10-28T09:32:09.226+0000] {dagbag.py:588} INFO - Filling up the DagBag from /opt/airflow/dags/crawl/db/database.py
[2024-10-28T09:32:09.232+0000] {processor.py:927} WARNING - No viable dags retrieved from /opt/airflow/dags/crawl/db/database.py
[2024-10-28T09:32:09.243+0000] {processor.py:208} INFO - Processing /opt/airflow/dags/crawl/db/database.py took 0.023 seconds
[2024-10-28T09:32:39.548+0000] {processor.py:186} INFO - Started process (PID=404) to work on /opt/airflow/dags/crawl/db/database.py
[2024-10-28T09:32:39.549+0000] {processor.py:914} INFO - Processing file /opt/airflow/dags/crawl/db/database.py for tasks to queue
[2024-10-28T09:32:39.551+0000] {logging_mixin.py:190} INFO - [2024-10-28T09:32:39.550+0000] {dagbag.py:588} INFO - Filling up the DagBag from /opt/airflow/dags/crawl/db/database.py
[2024-10-28T09:32:39.562+0000] {processor.py:927} WARNING - No viable dags retrieved from /opt/airflow/dags/crawl/db/database.py
[2024-10-28T09:32:39.578+0000] {processor.py:208} INFO - Processing /opt/airflow/dags/crawl/db/database.py took 0.041 seconds
[2024-10-28T09:33:09.819+0000] {processor.py:186} INFO - Started process (PID=412) to work on /opt/airflow/dags/crawl/db/database.py
[2024-10-28T09:33:09.820+0000] {processor.py:914} INFO - Processing file /opt/airflow/dags/crawl/db/database.py for tasks to queue
[2024-10-28T09:33:09.821+0000] {logging_mixin.py:190} INFO - [2024-10-28T09:33:09.821+0000] {dagbag.py:588} INFO - Filling up the DagBag from /opt/airflow/dags/crawl/db/database.py
[2024-10-28T09:33:09.828+0000] {processor.py:927} WARNING - No viable dags retrieved from /opt/airflow/dags/crawl/db/database.py
[2024-10-28T09:33:09.840+0000] {processor.py:208} INFO - Processing /opt/airflow/dags/crawl/db/database.py took 0.031 seconds
[2024-10-28T09:33:40.135+0000] {processor.py:186} INFO - Started process (PID=420) to work on /opt/airflow/dags/crawl/db/database.py
[2024-10-28T09:33:40.136+0000] {processor.py:914} INFO - Processing file /opt/airflow/dags/crawl/db/database.py for tasks to queue
[2024-10-28T09:33:40.138+0000] {logging_mixin.py:190} INFO - [2024-10-28T09:33:40.138+0000] {dagbag.py:588} INFO - Filling up the DagBag from /opt/airflow/dags/crawl/db/database.py
[2024-10-28T09:33:40.147+0000] {processor.py:927} WARNING - No viable dags retrieved from /opt/airflow/dags/crawl/db/database.py
[2024-10-28T09:33:40.160+0000] {processor.py:208} INFO - Processing /opt/airflow/dags/crawl/db/database.py took 0.036 seconds
[2024-10-28T09:34:10.421+0000] {processor.py:186} INFO - Started process (PID=428) to work on /opt/airflow/dags/crawl/db/database.py
[2024-10-28T09:34:10.422+0000] {processor.py:914} INFO - Processing file /opt/airflow/dags/crawl/db/database.py for tasks to queue
[2024-10-28T09:34:10.423+0000] {logging_mixin.py:190} INFO - [2024-10-28T09:34:10.423+0000] {dagbag.py:588} INFO - Filling up the DagBag from /opt/airflow/dags/crawl/db/database.py
[2024-10-28T09:34:10.430+0000] {processor.py:927} WARNING - No viable dags retrieved from /opt/airflow/dags/crawl/db/database.py
[2024-10-28T09:34:10.445+0000] {processor.py:208} INFO - Processing /opt/airflow/dags/crawl/db/database.py took 0.029 seconds
[2024-10-28T09:34:40.761+0000] {processor.py:186} INFO - Started process (PID=436) to work on /opt/airflow/dags/crawl/db/database.py
[2024-10-28T09:34:40.762+0000] {processor.py:914} INFO - Processing file /opt/airflow/dags/crawl/db/database.py for tasks to queue
[2024-10-28T09:34:40.764+0000] {logging_mixin.py:190} INFO - [2024-10-28T09:34:40.764+0000] {dagbag.py:588} INFO - Filling up the DagBag from /opt/airflow/dags/crawl/db/database.py
[2024-10-28T09:34:40.775+0000] {processor.py:927} WARNING - No viable dags retrieved from /opt/airflow/dags/crawl/db/database.py
[2024-10-28T09:34:40.789+0000] {processor.py:208} INFO - Processing /opt/airflow/dags/crawl/db/database.py took 0.049 seconds
[2024-10-28T09:35:11.070+0000] {processor.py:186} INFO - Started process (PID=444) to work on /opt/airflow/dags/crawl/db/database.py
[2024-10-28T09:35:11.071+0000] {processor.py:914} INFO - Processing file /opt/airflow/dags/crawl/db/database.py for tasks to queue
[2024-10-28T09:35:11.073+0000] {logging_mixin.py:190} INFO - [2024-10-28T09:35:11.072+0000] {dagbag.py:588} INFO - Filling up the DagBag from /opt/airflow/dags/crawl/db/database.py
[2024-10-28T09:35:11.084+0000] {processor.py:927} WARNING - No viable dags retrieved from /opt/airflow/dags/crawl/db/database.py
[2024-10-28T09:35:11.097+0000] {processor.py:208} INFO - Processing /opt/airflow/dags/crawl/db/database.py took 0.039 seconds
[2024-10-28T09:35:41.400+0000] {processor.py:186} INFO - Started process (PID=452) to work on /opt/airflow/dags/crawl/db/database.py
[2024-10-28T09:35:41.401+0000] {processor.py:914} INFO - Processing file /opt/airflow/dags/crawl/db/database.py for tasks to queue
[2024-10-28T09:35:41.402+0000] {logging_mixin.py:190} INFO - [2024-10-28T09:35:41.402+0000] {dagbag.py:588} INFO - Filling up the DagBag from /opt/airflow/dags/crawl/db/database.py
[2024-10-28T09:35:41.408+0000] {processor.py:927} WARNING - No viable dags retrieved from /opt/airflow/dags/crawl/db/database.py
[2024-10-28T09:35:41.420+0000] {processor.py:208} INFO - Processing /opt/airflow/dags/crawl/db/database.py took 0.025 seconds
[2024-10-28T09:36:11.771+0000] {processor.py:186} INFO - Started process (PID=460) to work on /opt/airflow/dags/crawl/db/database.py
[2024-10-28T09:36:11.772+0000] {processor.py:914} INFO - Processing file /opt/airflow/dags/crawl/db/database.py for tasks to queue
[2024-10-28T09:36:11.773+0000] {logging_mixin.py:190} INFO - [2024-10-28T09:36:11.772+0000] {dagbag.py:588} INFO - Filling up the DagBag from /opt/airflow/dags/crawl/db/database.py
[2024-10-28T09:36:11.779+0000] {processor.py:927} WARNING - No viable dags retrieved from /opt/airflow/dags/crawl/db/database.py
[2024-10-28T09:36:11.790+0000] {processor.py:208} INFO - Processing /opt/airflow/dags/crawl/db/database.py took 0.027 seconds
[2024-10-28T09:36:42.127+0000] {processor.py:186} INFO - Started process (PID=468) to work on /opt/airflow/dags/crawl/db/database.py
[2024-10-28T09:36:42.129+0000] {processor.py:914} INFO - Processing file /opt/airflow/dags/crawl/db/database.py for tasks to queue
[2024-10-28T09:36:42.132+0000] {logging_mixin.py:190} INFO - [2024-10-28T09:36:42.131+0000] {dagbag.py:588} INFO - Filling up the DagBag from /opt/airflow/dags/crawl/db/database.py
[2024-10-28T09:36:42.143+0000] {processor.py:927} WARNING - No viable dags retrieved from /opt/airflow/dags/crawl/db/database.py
[2024-10-28T09:36:42.158+0000] {processor.py:208} INFO - Processing /opt/airflow/dags/crawl/db/database.py took 0.052 seconds
[2024-10-28T09:37:12.467+0000] {processor.py:186} INFO - Started process (PID=476) to work on /opt/airflow/dags/crawl/db/database.py
[2024-10-28T09:37:12.467+0000] {processor.py:914} INFO - Processing file /opt/airflow/dags/crawl/db/database.py for tasks to queue
[2024-10-28T09:37:12.468+0000] {logging_mixin.py:190} INFO - [2024-10-28T09:37:12.468+0000] {dagbag.py:588} INFO - Filling up the DagBag from /opt/airflow/dags/crawl/db/database.py
[2024-10-28T09:37:12.473+0000] {processor.py:927} WARNING - No viable dags retrieved from /opt/airflow/dags/crawl/db/database.py
[2024-10-28T09:37:12.484+0000] {processor.py:208} INFO - Processing /opt/airflow/dags/crawl/db/database.py took 0.022 seconds
[2024-10-28T09:37:34.746+0000] {processor.py:186} INFO - Started process (PID=478) to work on /opt/airflow/dags/crawl/db/database.py
[2024-10-28T09:37:34.748+0000] {processor.py:914} INFO - Processing file /opt/airflow/dags/crawl/db/database.py for tasks to queue
[2024-10-28T09:37:34.751+0000] {logging_mixin.py:190} INFO - [2024-10-28T09:37:34.751+0000] {dagbag.py:588} INFO - Filling up the DagBag from /opt/airflow/dags/crawl/db/database.py
[2024-10-28T09:37:34.761+0000] {processor.py:927} WARNING - No viable dags retrieved from /opt/airflow/dags/crawl/db/database.py
[2024-10-28T09:37:34.774+0000] {processor.py:208} INFO - Processing /opt/airflow/dags/crawl/db/database.py took 0.052 seconds
[2024-10-28T09:38:04.834+0000] {processor.py:186} INFO - Started process (PID=486) to work on /opt/airflow/dags/crawl/db/database.py
[2024-10-28T09:38:04.836+0000] {processor.py:914} INFO - Processing file /opt/airflow/dags/crawl/db/database.py for tasks to queue
[2024-10-28T09:38:04.838+0000] {logging_mixin.py:190} INFO - [2024-10-28T09:38:04.837+0000] {dagbag.py:588} INFO - Filling up the DagBag from /opt/airflow/dags/crawl/db/database.py
[2024-10-28T09:38:04.846+0000] {processor.py:927} WARNING - No viable dags retrieved from /opt/airflow/dags/crawl/db/database.py
[2024-10-28T09:38:04.860+0000] {processor.py:208} INFO - Processing /opt/airflow/dags/crawl/db/database.py took 0.042 seconds
[2024-10-28T09:38:35.097+0000] {processor.py:186} INFO - Started process (PID=494) to work on /opt/airflow/dags/crawl/db/database.py
[2024-10-28T09:38:35.098+0000] {processor.py:914} INFO - Processing file /opt/airflow/dags/crawl/db/database.py for tasks to queue
[2024-10-28T09:38:35.100+0000] {logging_mixin.py:190} INFO - [2024-10-28T09:38:35.099+0000] {dagbag.py:588} INFO - Filling up the DagBag from /opt/airflow/dags/crawl/db/database.py
[2024-10-28T09:38:35.107+0000] {processor.py:927} WARNING - No viable dags retrieved from /opt/airflow/dags/crawl/db/database.py
[2024-10-28T09:38:35.120+0000] {processor.py:208} INFO - Processing /opt/airflow/dags/crawl/db/database.py took 0.031 seconds
[2024-10-28T09:39:05.399+0000] {processor.py:186} INFO - Started process (PID=502) to work on /opt/airflow/dags/crawl/db/database.py
[2024-10-28T09:39:05.400+0000] {processor.py:914} INFO - Processing file /opt/airflow/dags/crawl/db/database.py for tasks to queue
[2024-10-28T09:39:05.401+0000] {logging_mixin.py:190} INFO - [2024-10-28T09:39:05.400+0000] {dagbag.py:588} INFO - Filling up the DagBag from /opt/airflow/dags/crawl/db/database.py
[2024-10-28T09:39:05.407+0000] {processor.py:927} WARNING - No viable dags retrieved from /opt/airflow/dags/crawl/db/database.py
[2024-10-28T09:39:05.418+0000] {processor.py:208} INFO - Processing /opt/airflow/dags/crawl/db/database.py took 0.024 seconds
[2024-10-28T09:39:35.668+0000] {processor.py:186} INFO - Started process (PID=510) to work on /opt/airflow/dags/crawl/db/database.py
[2024-10-28T09:39:35.669+0000] {processor.py:914} INFO - Processing file /opt/airflow/dags/crawl/db/database.py for tasks to queue
[2024-10-28T09:39:35.670+0000] {logging_mixin.py:190} INFO - [2024-10-28T09:39:35.670+0000] {dagbag.py:588} INFO - Filling up the DagBag from /opt/airflow/dags/crawl/db/database.py
[2024-10-28T09:39:35.677+0000] {processor.py:927} WARNING - No viable dags retrieved from /opt/airflow/dags/crawl/db/database.py
[2024-10-28T09:39:35.691+0000] {processor.py:208} INFO - Processing /opt/airflow/dags/crawl/db/database.py took 0.028 seconds
[2024-10-28T09:40:05.953+0000] {processor.py:186} INFO - Started process (PID=518) to work on /opt/airflow/dags/crawl/db/database.py
[2024-10-28T09:40:05.954+0000] {processor.py:914} INFO - Processing file /opt/airflow/dags/crawl/db/database.py for tasks to queue
[2024-10-28T09:40:05.955+0000] {logging_mixin.py:190} INFO - [2024-10-28T09:40:05.955+0000] {dagbag.py:588} INFO - Filling up the DagBag from /opt/airflow/dags/crawl/db/database.py
[2024-10-28T09:40:05.962+0000] {processor.py:927} WARNING - No viable dags retrieved from /opt/airflow/dags/crawl/db/database.py
[2024-10-28T09:40:05.973+0000] {processor.py:208} INFO - Processing /opt/airflow/dags/crawl/db/database.py took 0.029 seconds
[2024-10-28T09:40:36.240+0000] {processor.py:186} INFO - Started process (PID=526) to work on /opt/airflow/dags/crawl/db/database.py
[2024-10-28T09:40:36.241+0000] {processor.py:914} INFO - Processing file /opt/airflow/dags/crawl/db/database.py for tasks to queue
[2024-10-28T09:40:36.242+0000] {logging_mixin.py:190} INFO - [2024-10-28T09:40:36.242+0000] {dagbag.py:588} INFO - Filling up the DagBag from /opt/airflow/dags/crawl/db/database.py
[2024-10-28T09:40:36.249+0000] {processor.py:927} WARNING - No viable dags retrieved from /opt/airflow/dags/crawl/db/database.py
[2024-10-28T09:40:36.262+0000] {processor.py:208} INFO - Processing /opt/airflow/dags/crawl/db/database.py took 0.027 seconds
[2024-10-28T09:41:06.584+0000] {processor.py:186} INFO - Started process (PID=534) to work on /opt/airflow/dags/crawl/db/database.py
[2024-10-28T09:41:06.585+0000] {processor.py:914} INFO - Processing file /opt/airflow/dags/crawl/db/database.py for tasks to queue
[2024-10-28T09:41:06.588+0000] {logging_mixin.py:190} INFO - [2024-10-28T09:41:06.586+0000] {dagbag.py:588} INFO - Filling up the DagBag from /opt/airflow/dags/crawl/db/database.py
[2024-10-28T09:41:06.597+0000] {processor.py:927} WARNING - No viable dags retrieved from /opt/airflow/dags/crawl/db/database.py
[2024-10-28T09:41:06.610+0000] {processor.py:208} INFO - Processing /opt/airflow/dags/crawl/db/database.py took 0.037 seconds
[2024-10-28T09:45:24.528+0000] {processor.py:186} INFO - Started process (PID=35) to work on /opt/airflow/dags/crawl/db/database.py
[2024-10-28T09:45:24.529+0000] {processor.py:914} INFO - Processing file /opt/airflow/dags/crawl/db/database.py for tasks to queue
[2024-10-28T09:45:24.532+0000] {logging_mixin.py:190} INFO - [2024-10-28T09:45:24.532+0000] {dagbag.py:588} INFO - Filling up the DagBag from /opt/airflow/dags/crawl/db/database.py
[2024-10-28T09:45:24.539+0000] {processor.py:927} WARNING - No viable dags retrieved from /opt/airflow/dags/crawl/db/database.py
[2024-10-28T09:45:24.554+0000] {processor.py:208} INFO - Processing /opt/airflow/dags/crawl/db/database.py took 0.033 seconds
[2024-10-28T09:45:54.837+0000] {processor.py:186} INFO - Started process (PID=43) to work on /opt/airflow/dags/crawl/db/database.py
[2024-10-28T09:45:54.839+0000] {processor.py:914} INFO - Processing file /opt/airflow/dags/crawl/db/database.py for tasks to queue
[2024-10-28T09:45:54.844+0000] {logging_mixin.py:190} INFO - [2024-10-28T09:45:54.844+0000] {dagbag.py:588} INFO - Filling up the DagBag from /opt/airflow/dags/crawl/db/database.py
[2024-10-28T09:45:54.855+0000] {processor.py:927} WARNING - No viable dags retrieved from /opt/airflow/dags/crawl/db/database.py
[2024-10-28T09:45:54.870+0000] {processor.py:208} INFO - Processing /opt/airflow/dags/crawl/db/database.py took 0.047 seconds
[2024-10-28T09:46:25.154+0000] {processor.py:186} INFO - Started process (PID=51) to work on /opt/airflow/dags/crawl/db/database.py
[2024-10-28T09:46:25.155+0000] {processor.py:914} INFO - Processing file /opt/airflow/dags/crawl/db/database.py for tasks to queue
[2024-10-28T09:46:25.162+0000] {logging_mixin.py:190} INFO - [2024-10-28T09:46:25.162+0000] {dagbag.py:588} INFO - Filling up the DagBag from /opt/airflow/dags/crawl/db/database.py
[2024-10-28T09:46:25.168+0000] {processor.py:927} WARNING - No viable dags retrieved from /opt/airflow/dags/crawl/db/database.py
[2024-10-28T09:46:25.179+0000] {processor.py:208} INFO - Processing /opt/airflow/dags/crawl/db/database.py took 0.035 seconds
[2024-10-28T09:46:55.491+0000] {processor.py:186} INFO - Started process (PID=59) to work on /opt/airflow/dags/crawl/db/database.py
[2024-10-28T09:46:55.493+0000] {processor.py:914} INFO - Processing file /opt/airflow/dags/crawl/db/database.py for tasks to queue
[2024-10-28T09:46:55.495+0000] {logging_mixin.py:190} INFO - [2024-10-28T09:46:55.495+0000] {dagbag.py:588} INFO - Filling up the DagBag from /opt/airflow/dags/crawl/db/database.py
[2024-10-28T09:46:55.504+0000] {processor.py:927} WARNING - No viable dags retrieved from /opt/airflow/dags/crawl/db/database.py
[2024-10-28T09:46:55.516+0000] {processor.py:208} INFO - Processing /opt/airflow/dags/crawl/db/database.py took 0.038 seconds
[2024-10-28T09:47:25.806+0000] {processor.py:186} INFO - Started process (PID=77) to work on /opt/airflow/dags/crawl/db/database.py
[2024-10-28T09:47:25.807+0000] {processor.py:914} INFO - Processing file /opt/airflow/dags/crawl/db/database.py for tasks to queue
[2024-10-28T09:47:25.809+0000] {logging_mixin.py:190} INFO - [2024-10-28T09:47:25.809+0000] {dagbag.py:588} INFO - Filling up the DagBag from /opt/airflow/dags/crawl/db/database.py
[2024-10-28T09:47:25.814+0000] {processor.py:927} WARNING - No viable dags retrieved from /opt/airflow/dags/crawl/db/database.py
[2024-10-28T09:47:25.826+0000] {processor.py:208} INFO - Processing /opt/airflow/dags/crawl/db/database.py took 0.026 seconds
[2024-10-28T09:47:56.170+0000] {processor.py:186} INFO - Started process (PID=86) to work on /opt/airflow/dags/crawl/db/database.py
[2024-10-28T09:47:56.171+0000] {processor.py:914} INFO - Processing file /opt/airflow/dags/crawl/db/database.py for tasks to queue
[2024-10-28T09:47:56.174+0000] {logging_mixin.py:190} INFO - [2024-10-28T09:47:56.173+0000] {dagbag.py:588} INFO - Filling up the DagBag from /opt/airflow/dags/crawl/db/database.py
[2024-10-28T09:47:56.182+0000] {processor.py:927} WARNING - No viable dags retrieved from /opt/airflow/dags/crawl/db/database.py
[2024-10-28T09:47:56.195+0000] {processor.py:208} INFO - Processing /opt/airflow/dags/crawl/db/database.py took 0.039 seconds
[2024-10-28T09:48:26.504+0000] {processor.py:186} INFO - Started process (PID=94) to work on /opt/airflow/dags/crawl/db/database.py
[2024-10-28T09:48:26.505+0000] {processor.py:914} INFO - Processing file /opt/airflow/dags/crawl/db/database.py for tasks to queue
[2024-10-28T09:48:26.508+0000] {logging_mixin.py:190} INFO - [2024-10-28T09:48:26.507+0000] {dagbag.py:588} INFO - Filling up the DagBag from /opt/airflow/dags/crawl/db/database.py
[2024-10-28T09:48:26.515+0000] {processor.py:927} WARNING - No viable dags retrieved from /opt/airflow/dags/crawl/db/database.py
[2024-10-28T09:48:26.527+0000] {processor.py:208} INFO - Processing /opt/airflow/dags/crawl/db/database.py took 0.034 seconds
[2024-10-28T09:48:56.784+0000] {processor.py:186} INFO - Started process (PID=102) to work on /opt/airflow/dags/crawl/db/database.py
[2024-10-28T09:48:56.785+0000] {processor.py:914} INFO - Processing file /opt/airflow/dags/crawl/db/database.py for tasks to queue
[2024-10-28T09:48:56.788+0000] {logging_mixin.py:190} INFO - [2024-10-28T09:48:56.787+0000] {dagbag.py:588} INFO - Filling up the DagBag from /opt/airflow/dags/crawl/db/database.py
[2024-10-28T09:48:56.794+0000] {processor.py:927} WARNING - No viable dags retrieved from /opt/airflow/dags/crawl/db/database.py
[2024-10-28T09:48:56.807+0000] {processor.py:208} INFO - Processing /opt/airflow/dags/crawl/db/database.py took 0.027 seconds
[2024-10-28T09:49:27.121+0000] {processor.py:186} INFO - Started process (PID=110) to work on /opt/airflow/dags/crawl/db/database.py
[2024-10-28T09:49:27.122+0000] {processor.py:914} INFO - Processing file /opt/airflow/dags/crawl/db/database.py for tasks to queue
[2024-10-28T09:49:27.124+0000] {logging_mixin.py:190} INFO - [2024-10-28T09:49:27.124+0000] {dagbag.py:588} INFO - Filling up the DagBag from /opt/airflow/dags/crawl/db/database.py
[2024-10-28T09:49:27.129+0000] {processor.py:927} WARNING - No viable dags retrieved from /opt/airflow/dags/crawl/db/database.py
[2024-10-28T09:49:27.142+0000] {processor.py:208} INFO - Processing /opt/airflow/dags/crawl/db/database.py took 0.026 seconds
[2024-10-28T09:49:46.343+0000] {processor.py:186} INFO - Started process (PID=118) to work on /opt/airflow/dags/crawl/db/database.py
[2024-10-28T09:49:46.344+0000] {processor.py:914} INFO - Processing file /opt/airflow/dags/crawl/db/database.py for tasks to queue
[2024-10-28T09:49:46.348+0000] {logging_mixin.py:190} INFO - [2024-10-28T09:49:46.348+0000] {dagbag.py:588} INFO - Filling up the DagBag from /opt/airflow/dags/crawl/db/database.py
[2024-10-28T09:49:46.355+0000] {processor.py:927} WARNING - No viable dags retrieved from /opt/airflow/dags/crawl/db/database.py
[2024-10-28T09:49:46.369+0000] {processor.py:208} INFO - Processing /opt/airflow/dags/crawl/db/database.py took 0.034 seconds
[2024-10-28T09:50:16.686+0000] {processor.py:186} INFO - Started process (PID=126) to work on /opt/airflow/dags/crawl/db/database.py
[2024-10-28T09:50:16.687+0000] {processor.py:914} INFO - Processing file /opt/airflow/dags/crawl/db/database.py for tasks to queue
[2024-10-28T09:50:16.690+0000] {logging_mixin.py:190} INFO - [2024-10-28T09:50:16.689+0000] {dagbag.py:588} INFO - Filling up the DagBag from /opt/airflow/dags/crawl/db/database.py
[2024-10-28T09:50:16.698+0000] {processor.py:927} WARNING - No viable dags retrieved from /opt/airflow/dags/crawl/db/database.py
[2024-10-28T09:50:16.710+0000] {processor.py:208} INFO - Processing /opt/airflow/dags/crawl/db/database.py took 0.039 seconds
[2024-10-28T09:50:47.050+0000] {processor.py:186} INFO - Started process (PID=134) to work on /opt/airflow/dags/crawl/db/database.py
[2024-10-28T09:50:47.051+0000] {processor.py:914} INFO - Processing file /opt/airflow/dags/crawl/db/database.py for tasks to queue
[2024-10-28T09:50:47.054+0000] {logging_mixin.py:190} INFO - [2024-10-28T09:50:47.054+0000] {dagbag.py:588} INFO - Filling up the DagBag from /opt/airflow/dags/crawl/db/database.py
[2024-10-28T09:50:47.063+0000] {processor.py:927} WARNING - No viable dags retrieved from /opt/airflow/dags/crawl/db/database.py
[2024-10-28T09:50:47.075+0000] {processor.py:208} INFO - Processing /opt/airflow/dags/crawl/db/database.py took 0.035 seconds
[2024-10-28T09:51:17.350+0000] {processor.py:186} INFO - Started process (PID=142) to work on /opt/airflow/dags/crawl/db/database.py
[2024-10-28T09:51:17.350+0000] {processor.py:914} INFO - Processing file /opt/airflow/dags/crawl/db/database.py for tasks to queue
[2024-10-28T09:51:17.352+0000] {logging_mixin.py:190} INFO - [2024-10-28T09:51:17.352+0000] {dagbag.py:588} INFO - Filling up the DagBag from /opt/airflow/dags/crawl/db/database.py
[2024-10-28T09:51:17.357+0000] {processor.py:927} WARNING - No viable dags retrieved from /opt/airflow/dags/crawl/db/database.py
[2024-10-28T09:51:17.368+0000] {processor.py:208} INFO - Processing /opt/airflow/dags/crawl/db/database.py took 0.024 seconds
[2024-10-28T09:51:47.695+0000] {processor.py:186} INFO - Started process (PID=150) to work on /opt/airflow/dags/crawl/db/database.py
[2024-10-28T09:51:47.697+0000] {processor.py:914} INFO - Processing file /opt/airflow/dags/crawl/db/database.py for tasks to queue
[2024-10-28T09:51:47.702+0000] {logging_mixin.py:190} INFO - [2024-10-28T09:51:47.702+0000] {dagbag.py:588} INFO - Filling up the DagBag from /opt/airflow/dags/crawl/db/database.py
[2024-10-28T09:51:47.712+0000] {processor.py:927} WARNING - No viable dags retrieved from /opt/airflow/dags/crawl/db/database.py
[2024-10-28T09:51:47.725+0000] {processor.py:208} INFO - Processing /opt/airflow/dags/crawl/db/database.py took 0.051 seconds
[2024-10-28T09:52:17.995+0000] {processor.py:186} INFO - Started process (PID=158) to work on /opt/airflow/dags/crawl/db/database.py
[2024-10-28T09:52:17.996+0000] {processor.py:914} INFO - Processing file /opt/airflow/dags/crawl/db/database.py for tasks to queue
[2024-10-28T09:52:17.998+0000] {logging_mixin.py:190} INFO - [2024-10-28T09:52:17.998+0000] {dagbag.py:588} INFO - Filling up the DagBag from /opt/airflow/dags/crawl/db/database.py
[2024-10-28T09:52:18.005+0000] {processor.py:927} WARNING - No viable dags retrieved from /opt/airflow/dags/crawl/db/database.py
[2024-10-28T09:52:18.016+0000] {processor.py:208} INFO - Processing /opt/airflow/dags/crawl/db/database.py took 0.027 seconds
[2024-10-28T09:52:48.342+0000] {processor.py:186} INFO - Started process (PID=166) to work on /opt/airflow/dags/crawl/db/database.py
[2024-10-28T09:52:48.344+0000] {processor.py:914} INFO - Processing file /opt/airflow/dags/crawl/db/database.py for tasks to queue
[2024-10-28T09:52:48.349+0000] {logging_mixin.py:190} INFO - [2024-10-28T09:52:48.348+0000] {dagbag.py:588} INFO - Filling up the DagBag from /opt/airflow/dags/crawl/db/database.py
[2024-10-28T09:52:48.360+0000] {processor.py:927} WARNING - No viable dags retrieved from /opt/airflow/dags/crawl/db/database.py
[2024-10-28T09:52:48.373+0000] {processor.py:208} INFO - Processing /opt/airflow/dags/crawl/db/database.py took 0.047 seconds
[2024-10-28T09:53:18.706+0000] {processor.py:186} INFO - Started process (PID=174) to work on /opt/airflow/dags/crawl/db/database.py
[2024-10-28T09:53:18.708+0000] {processor.py:914} INFO - Processing file /opt/airflow/dags/crawl/db/database.py for tasks to queue
[2024-10-28T09:53:18.711+0000] {logging_mixin.py:190} INFO - [2024-10-28T09:53:18.711+0000] {dagbag.py:588} INFO - Filling up the DagBag from /opt/airflow/dags/crawl/db/database.py
[2024-10-28T09:53:18.720+0000] {processor.py:927} WARNING - No viable dags retrieved from /opt/airflow/dags/crawl/db/database.py
[2024-10-28T09:53:18.732+0000] {processor.py:208} INFO - Processing /opt/airflow/dags/crawl/db/database.py took 0.048 seconds
[2024-10-28T09:53:49.027+0000] {processor.py:186} INFO - Started process (PID=182) to work on /opt/airflow/dags/crawl/db/database.py
[2024-10-28T09:53:49.028+0000] {processor.py:914} INFO - Processing file /opt/airflow/dags/crawl/db/database.py for tasks to queue
[2024-10-28T09:53:49.032+0000] {logging_mixin.py:190} INFO - [2024-10-28T09:53:49.032+0000] {dagbag.py:588} INFO - Filling up the DagBag from /opt/airflow/dags/crawl/db/database.py
[2024-10-28T09:53:49.042+0000] {processor.py:927} WARNING - No viable dags retrieved from /opt/airflow/dags/crawl/db/database.py
[2024-10-28T09:53:49.055+0000] {processor.py:208} INFO - Processing /opt/airflow/dags/crawl/db/database.py took 0.049 seconds
[2024-10-28T09:54:19.369+0000] {processor.py:186} INFO - Started process (PID=190) to work on /opt/airflow/dags/crawl/db/database.py
[2024-10-28T09:54:19.371+0000] {processor.py:914} INFO - Processing file /opt/airflow/dags/crawl/db/database.py for tasks to queue
[2024-10-28T09:54:19.374+0000] {logging_mixin.py:190} INFO - [2024-10-28T09:54:19.374+0000] {dagbag.py:588} INFO - Filling up the DagBag from /opt/airflow/dags/crawl/db/database.py
[2024-10-28T09:54:19.384+0000] {processor.py:927} WARNING - No viable dags retrieved from /opt/airflow/dags/crawl/db/database.py
[2024-10-28T09:54:19.396+0000] {processor.py:208} INFO - Processing /opt/airflow/dags/crawl/db/database.py took 0.045 seconds
[2024-10-28T09:54:49.683+0000] {processor.py:186} INFO - Started process (PID=198) to work on /opt/airflow/dags/crawl/db/database.py
[2024-10-28T09:54:49.684+0000] {processor.py:914} INFO - Processing file /opt/airflow/dags/crawl/db/database.py for tasks to queue
[2024-10-28T09:54:49.685+0000] {logging_mixin.py:190} INFO - [2024-10-28T09:54:49.685+0000] {dagbag.py:588} INFO - Filling up the DagBag from /opt/airflow/dags/crawl/db/database.py
[2024-10-28T09:54:49.691+0000] {processor.py:927} WARNING - No viable dags retrieved from /opt/airflow/dags/crawl/db/database.py
[2024-10-28T09:54:49.703+0000] {processor.py:208} INFO - Processing /opt/airflow/dags/crawl/db/database.py took 0.026 seconds
[2024-10-28T09:55:20.007+0000] {processor.py:186} INFO - Started process (PID=207) to work on /opt/airflow/dags/crawl/db/database.py
[2024-10-28T09:55:20.008+0000] {processor.py:914} INFO - Processing file /opt/airflow/dags/crawl/db/database.py for tasks to queue
[2024-10-28T09:55:20.011+0000] {logging_mixin.py:190} INFO - [2024-10-28T09:55:20.011+0000] {dagbag.py:588} INFO - Filling up the DagBag from /opt/airflow/dags/crawl/db/database.py
[2024-10-28T09:55:20.017+0000] {processor.py:927} WARNING - No viable dags retrieved from /opt/airflow/dags/crawl/db/database.py
[2024-10-28T09:55:20.029+0000] {processor.py:208} INFO - Processing /opt/airflow/dags/crawl/db/database.py took 0.027 seconds
[2024-10-28T09:55:50.350+0000] {processor.py:186} INFO - Started process (PID=215) to work on /opt/airflow/dags/crawl/db/database.py
[2024-10-28T09:55:50.351+0000] {processor.py:914} INFO - Processing file /opt/airflow/dags/crawl/db/database.py for tasks to queue
[2024-10-28T09:55:50.356+0000] {logging_mixin.py:190} INFO - [2024-10-28T09:55:50.355+0000] {dagbag.py:588} INFO - Filling up the DagBag from /opt/airflow/dags/crawl/db/database.py
[2024-10-28T09:55:50.365+0000] {processor.py:927} WARNING - No viable dags retrieved from /opt/airflow/dags/crawl/db/database.py
[2024-10-28T09:55:50.377+0000] {processor.py:208} INFO - Processing /opt/airflow/dags/crawl/db/database.py took 0.044 seconds
[2024-10-28T09:56:20.637+0000] {processor.py:186} INFO - Started process (PID=223) to work on /opt/airflow/dags/crawl/db/database.py
[2024-10-28T09:56:20.638+0000] {processor.py:914} INFO - Processing file /opt/airflow/dags/crawl/db/database.py for tasks to queue
[2024-10-28T09:56:20.641+0000] {logging_mixin.py:190} INFO - [2024-10-28T09:56:20.641+0000] {dagbag.py:588} INFO - Filling up the DagBag from /opt/airflow/dags/crawl/db/database.py
[2024-10-28T09:56:20.650+0000] {processor.py:927} WARNING - No viable dags retrieved from /opt/airflow/dags/crawl/db/database.py
[2024-10-28T09:56:20.662+0000] {processor.py:208} INFO - Processing /opt/airflow/dags/crawl/db/database.py took 0.045 seconds
[2024-10-28T09:56:51.127+0000] {processor.py:186} INFO - Started process (PID=232) to work on /opt/airflow/dags/crawl/db/database.py
[2024-10-28T09:56:51.128+0000] {processor.py:914} INFO - Processing file /opt/airflow/dags/crawl/db/database.py for tasks to queue
[2024-10-28T09:56:51.130+0000] {logging_mixin.py:190} INFO - [2024-10-28T09:56:51.129+0000] {dagbag.py:588} INFO - Filling up the DagBag from /opt/airflow/dags/crawl/db/database.py
[2024-10-28T09:56:51.136+0000] {processor.py:927} WARNING - No viable dags retrieved from /opt/airflow/dags/crawl/db/database.py
[2024-10-28T09:56:51.149+0000] {processor.py:208} INFO - Processing /opt/airflow/dags/crawl/db/database.py took 0.028 seconds
[2024-10-28T09:57:21.458+0000] {processor.py:186} INFO - Started process (PID=240) to work on /opt/airflow/dags/crawl/db/database.py
[2024-10-28T09:57:21.460+0000] {processor.py:914} INFO - Processing file /opt/airflow/dags/crawl/db/database.py for tasks to queue
[2024-10-28T09:57:21.464+0000] {logging_mixin.py:190} INFO - [2024-10-28T09:57:21.463+0000] {dagbag.py:588} INFO - Filling up the DagBag from /opt/airflow/dags/crawl/db/database.py
[2024-10-28T09:57:21.474+0000] {processor.py:927} WARNING - No viable dags retrieved from /opt/airflow/dags/crawl/db/database.py
[2024-10-28T09:57:21.487+0000] {processor.py:208} INFO - Processing /opt/airflow/dags/crawl/db/database.py took 0.051 seconds
[2024-10-28T09:57:51.779+0000] {processor.py:186} INFO - Started process (PID=248) to work on /opt/airflow/dags/crawl/db/database.py
[2024-10-28T09:57:51.780+0000] {processor.py:914} INFO - Processing file /opt/airflow/dags/crawl/db/database.py for tasks to queue
[2024-10-28T09:57:51.784+0000] {logging_mixin.py:190} INFO - [2024-10-28T09:57:51.784+0000] {dagbag.py:588} INFO - Filling up the DagBag from /opt/airflow/dags/crawl/db/database.py
[2024-10-28T09:57:51.794+0000] {processor.py:927} WARNING - No viable dags retrieved from /opt/airflow/dags/crawl/db/database.py
[2024-10-28T09:57:51.807+0000] {processor.py:208} INFO - Processing /opt/airflow/dags/crawl/db/database.py took 0.049 seconds
[2024-10-28T09:58:22.099+0000] {processor.py:186} INFO - Started process (PID=256) to work on /opt/airflow/dags/crawl/db/database.py
[2024-10-28T09:58:22.100+0000] {processor.py:914} INFO - Processing file /opt/airflow/dags/crawl/db/database.py for tasks to queue
[2024-10-28T09:58:22.102+0000] {logging_mixin.py:190} INFO - [2024-10-28T09:58:22.101+0000] {dagbag.py:588} INFO - Filling up the DagBag from /opt/airflow/dags/crawl/db/database.py
[2024-10-28T09:58:22.107+0000] {processor.py:927} WARNING - No viable dags retrieved from /opt/airflow/dags/crawl/db/database.py
[2024-10-28T09:58:22.118+0000] {processor.py:208} INFO - Processing /opt/airflow/dags/crawl/db/database.py took 0.024 seconds
[2024-10-28T09:58:52.396+0000] {processor.py:186} INFO - Started process (PID=264) to work on /opt/airflow/dags/crawl/db/database.py
[2024-10-28T09:58:52.398+0000] {processor.py:914} INFO - Processing file /opt/airflow/dags/crawl/db/database.py for tasks to queue
[2024-10-28T09:58:52.403+0000] {logging_mixin.py:190} INFO - [2024-10-28T09:58:52.402+0000] {dagbag.py:588} INFO - Filling up the DagBag from /opt/airflow/dags/crawl/db/database.py
[2024-10-28T09:58:52.412+0000] {processor.py:927} WARNING - No viable dags retrieved from /opt/airflow/dags/crawl/db/database.py
[2024-10-28T09:58:52.425+0000] {processor.py:208} INFO - Processing /opt/airflow/dags/crawl/db/database.py took 0.050 seconds
[2024-10-28T09:59:09.559+0000] {processor.py:186} INFO - Started process (PID=271) to work on /opt/airflow/dags/crawl/db/database.py
[2024-10-28T09:59:09.560+0000] {processor.py:914} INFO - Processing file /opt/airflow/dags/crawl/db/database.py for tasks to queue
[2024-10-28T09:59:09.562+0000] {logging_mixin.py:190} INFO - [2024-10-28T09:59:09.562+0000] {dagbag.py:588} INFO - Filling up the DagBag from /opt/airflow/dags/crawl/db/database.py
[2024-10-28T09:59:09.568+0000] {processor.py:927} WARNING - No viable dags retrieved from /opt/airflow/dags/crawl/db/database.py
[2024-10-28T09:59:09.579+0000] {processor.py:208} INFO - Processing /opt/airflow/dags/crawl/db/database.py took 0.024 seconds
[2024-10-28T09:59:39.858+0000] {processor.py:186} INFO - Started process (PID=279) to work on /opt/airflow/dags/crawl/db/database.py
[2024-10-28T09:59:39.860+0000] {processor.py:914} INFO - Processing file /opt/airflow/dags/crawl/db/database.py for tasks to queue
[2024-10-28T09:59:39.864+0000] {logging_mixin.py:190} INFO - [2024-10-28T09:59:39.863+0000] {dagbag.py:588} INFO - Filling up the DagBag from /opt/airflow/dags/crawl/db/database.py
[2024-10-28T09:59:39.873+0000] {processor.py:927} WARNING - No viable dags retrieved from /opt/airflow/dags/crawl/db/database.py
[2024-10-28T09:59:39.887+0000] {processor.py:208} INFO - Processing /opt/airflow/dags/crawl/db/database.py took 0.048 seconds
[2024-10-28T10:00:10.194+0000] {processor.py:186} INFO - Started process (PID=287) to work on /opt/airflow/dags/crawl/db/database.py
[2024-10-28T10:00:10.195+0000] {processor.py:914} INFO - Processing file /opt/airflow/dags/crawl/db/database.py for tasks to queue
[2024-10-28T10:00:10.200+0000] {logging_mixin.py:190} INFO - [2024-10-28T10:00:10.199+0000] {dagbag.py:588} INFO - Filling up the DagBag from /opt/airflow/dags/crawl/db/database.py
[2024-10-28T10:00:10.209+0000] {processor.py:927} WARNING - No viable dags retrieved from /opt/airflow/dags/crawl/db/database.py
[2024-10-28T10:00:10.222+0000] {processor.py:208} INFO - Processing /opt/airflow/dags/crawl/db/database.py took 0.050 seconds
[2024-10-28T10:00:40.548+0000] {processor.py:186} INFO - Started process (PID=295) to work on /opt/airflow/dags/crawl/db/database.py
[2024-10-28T10:00:40.549+0000] {processor.py:914} INFO - Processing file /opt/airflow/dags/crawl/db/database.py for tasks to queue
[2024-10-28T10:00:40.551+0000] {logging_mixin.py:190} INFO - [2024-10-28T10:00:40.551+0000] {dagbag.py:588} INFO - Filling up the DagBag from /opt/airflow/dags/crawl/db/database.py
[2024-10-28T10:00:40.557+0000] {processor.py:927} WARNING - No viable dags retrieved from /opt/airflow/dags/crawl/db/database.py
[2024-10-28T10:00:40.567+0000] {processor.py:208} INFO - Processing /opt/airflow/dags/crawl/db/database.py took 0.024 seconds
[2024-10-28T10:01:10.870+0000] {processor.py:186} INFO - Started process (PID=303) to work on /opt/airflow/dags/crawl/db/database.py
[2024-10-28T10:01:10.872+0000] {processor.py:914} INFO - Processing file /opt/airflow/dags/crawl/db/database.py for tasks to queue
[2024-10-28T10:01:10.875+0000] {logging_mixin.py:190} INFO - [2024-10-28T10:01:10.875+0000] {dagbag.py:588} INFO - Filling up the DagBag from /opt/airflow/dags/crawl/db/database.py
[2024-10-28T10:01:10.885+0000] {processor.py:927} WARNING - No viable dags retrieved from /opt/airflow/dags/crawl/db/database.py
[2024-10-28T10:01:10.897+0000] {processor.py:208} INFO - Processing /opt/airflow/dags/crawl/db/database.py took 0.049 seconds
[2024-10-28T10:01:41.236+0000] {processor.py:186} INFO - Started process (PID=312) to work on /opt/airflow/dags/crawl/db/database.py
[2024-10-28T10:01:41.237+0000] {processor.py:914} INFO - Processing file /opt/airflow/dags/crawl/db/database.py for tasks to queue
[2024-10-28T10:01:41.239+0000] {logging_mixin.py:190} INFO - [2024-10-28T10:01:41.239+0000] {dagbag.py:588} INFO - Filling up the DagBag from /opt/airflow/dags/crawl/db/database.py
[2024-10-28T10:01:41.245+0000] {processor.py:927} WARNING - No viable dags retrieved from /opt/airflow/dags/crawl/db/database.py
[2024-10-28T10:01:41.258+0000] {processor.py:208} INFO - Processing /opt/airflow/dags/crawl/db/database.py took 0.029 seconds
[2024-10-28T10:02:11.506+0000] {processor.py:186} INFO - Started process (PID=320) to work on /opt/airflow/dags/crawl/db/database.py
[2024-10-28T10:02:11.507+0000] {processor.py:914} INFO - Processing file /opt/airflow/dags/crawl/db/database.py for tasks to queue
[2024-10-28T10:02:11.510+0000] {logging_mixin.py:190} INFO - [2024-10-28T10:02:11.510+0000] {dagbag.py:588} INFO - Filling up the DagBag from /opt/airflow/dags/crawl/db/database.py
[2024-10-28T10:02:11.516+0000] {processor.py:927} WARNING - No viable dags retrieved from /opt/airflow/dags/crawl/db/database.py
[2024-10-28T10:02:11.527+0000] {processor.py:208} INFO - Processing /opt/airflow/dags/crawl/db/database.py took 0.026 seconds
[2024-10-28T10:02:41.850+0000] {processor.py:186} INFO - Started process (PID=328) to work on /opt/airflow/dags/crawl/db/database.py
[2024-10-28T10:02:41.852+0000] {processor.py:914} INFO - Processing file /opt/airflow/dags/crawl/db/database.py for tasks to queue
[2024-10-28T10:02:41.857+0000] {logging_mixin.py:190} INFO - [2024-10-28T10:02:41.856+0000] {dagbag.py:588} INFO - Filling up the DagBag from /opt/airflow/dags/crawl/db/database.py
[2024-10-28T10:02:41.865+0000] {processor.py:927} WARNING - No viable dags retrieved from /opt/airflow/dags/crawl/db/database.py
[2024-10-28T10:02:41.878+0000] {processor.py:208} INFO - Processing /opt/airflow/dags/crawl/db/database.py took 0.047 seconds
[2024-10-28T10:03:12.163+0000] {processor.py:186} INFO - Started process (PID=336) to work on /opt/airflow/dags/crawl/db/database.py
[2024-10-28T10:03:12.165+0000] {processor.py:914} INFO - Processing file /opt/airflow/dags/crawl/db/database.py for tasks to queue
[2024-10-28T10:03:12.169+0000] {logging_mixin.py:190} INFO - [2024-10-28T10:03:12.168+0000] {dagbag.py:588} INFO - Filling up the DagBag from /opt/airflow/dags/crawl/db/database.py
[2024-10-28T10:03:12.178+0000] {processor.py:927} WARNING - No viable dags retrieved from /opt/airflow/dags/crawl/db/database.py
[2024-10-28T10:03:12.191+0000] {processor.py:208} INFO - Processing /opt/airflow/dags/crawl/db/database.py took 0.053 seconds
[2024-10-28T10:03:42.439+0000] {processor.py:186} INFO - Started process (PID=343) to work on /opt/airflow/dags/crawl/db/database.py
[2024-10-28T10:03:42.440+0000] {processor.py:914} INFO - Processing file /opt/airflow/dags/crawl/db/database.py for tasks to queue
[2024-10-28T10:03:42.443+0000] {logging_mixin.py:190} INFO - [2024-10-28T10:03:42.443+0000] {dagbag.py:588} INFO - Filling up the DagBag from /opt/airflow/dags/crawl/db/database.py
[2024-10-28T10:03:42.453+0000] {processor.py:927} WARNING - No viable dags retrieved from /opt/airflow/dags/crawl/db/database.py
[2024-10-28T10:03:42.467+0000] {processor.py:208} INFO - Processing /opt/airflow/dags/crawl/db/database.py took 0.039 seconds
[2024-10-28T10:04:12.709+0000] {processor.py:186} INFO - Started process (PID=351) to work on /opt/airflow/dags/crawl/db/database.py
[2024-10-28T10:04:12.710+0000] {processor.py:914} INFO - Processing file /opt/airflow/dags/crawl/db/database.py for tasks to queue
[2024-10-28T10:04:12.713+0000] {logging_mixin.py:190} INFO - [2024-10-28T10:04:12.713+0000] {dagbag.py:588} INFO - Filling up the DagBag from /opt/airflow/dags/crawl/db/database.py
[2024-10-28T10:04:12.721+0000] {processor.py:927} WARNING - No viable dags retrieved from /opt/airflow/dags/crawl/db/database.py
[2024-10-28T10:04:12.733+0000] {processor.py:208} INFO - Processing /opt/airflow/dags/crawl/db/database.py took 0.032 seconds
[2024-10-28T10:04:42.943+0000] {processor.py:186} INFO - Started process (PID=359) to work on /opt/airflow/dags/crawl/db/database.py
[2024-10-28T10:04:42.944+0000] {processor.py:914} INFO - Processing file /opt/airflow/dags/crawl/db/database.py for tasks to queue
[2024-10-28T10:04:42.946+0000] {logging_mixin.py:190} INFO - [2024-10-28T10:04:42.946+0000] {dagbag.py:588} INFO - Filling up the DagBag from /opt/airflow/dags/crawl/db/database.py
[2024-10-28T10:04:42.951+0000] {processor.py:927} WARNING - No viable dags retrieved from /opt/airflow/dags/crawl/db/database.py
[2024-10-28T10:04:42.962+0000] {processor.py:208} INFO - Processing /opt/airflow/dags/crawl/db/database.py took 0.027 seconds
[2024-10-28T10:05:13.172+0000] {processor.py:186} INFO - Started process (PID=367) to work on /opt/airflow/dags/crawl/db/database.py
[2024-10-28T10:05:13.173+0000] {processor.py:914} INFO - Processing file /opt/airflow/dags/crawl/db/database.py for tasks to queue
[2024-10-28T10:05:13.174+0000] {logging_mixin.py:190} INFO - [2024-10-28T10:05:13.174+0000] {dagbag.py:588} INFO - Filling up the DagBag from /opt/airflow/dags/crawl/db/database.py
[2024-10-28T10:05:13.181+0000] {processor.py:927} WARNING - No viable dags retrieved from /opt/airflow/dags/crawl/db/database.py
[2024-10-28T10:05:13.192+0000] {processor.py:208} INFO - Processing /opt/airflow/dags/crawl/db/database.py took 0.025 seconds
[2024-10-28T10:05:43.433+0000] {processor.py:186} INFO - Started process (PID=375) to work on /opt/airflow/dags/crawl/db/database.py
[2024-10-28T10:05:43.434+0000] {processor.py:914} INFO - Processing file /opt/airflow/dags/crawl/db/database.py for tasks to queue
[2024-10-28T10:05:43.437+0000] {logging_mixin.py:190} INFO - [2024-10-28T10:05:43.437+0000] {dagbag.py:588} INFO - Filling up the DagBag from /opt/airflow/dags/crawl/db/database.py
[2024-10-28T10:05:43.443+0000] {processor.py:927} WARNING - No viable dags retrieved from /opt/airflow/dags/crawl/db/database.py
[2024-10-28T10:05:43.454+0000] {processor.py:208} INFO - Processing /opt/airflow/dags/crawl/db/database.py took 0.028 seconds
[2024-10-28T10:06:13.669+0000] {processor.py:186} INFO - Started process (PID=383) to work on /opt/airflow/dags/crawl/db/database.py
[2024-10-28T10:06:13.669+0000] {processor.py:914} INFO - Processing file /opt/airflow/dags/crawl/db/database.py for tasks to queue
[2024-10-28T10:06:13.672+0000] {logging_mixin.py:190} INFO - [2024-10-28T10:06:13.671+0000] {dagbag.py:588} INFO - Filling up the DagBag from /opt/airflow/dags/crawl/db/database.py
[2024-10-28T10:06:13.679+0000] {processor.py:927} WARNING - No viable dags retrieved from /opt/airflow/dags/crawl/db/database.py
[2024-10-28T10:06:13.690+0000] {processor.py:208} INFO - Processing /opt/airflow/dags/crawl/db/database.py took 0.026 seconds
[2024-10-28T13:25:24.998+0000] {processor.py:186} INFO - Started process (PID=35) to work on /opt/airflow/dags/crawl/db/database.py
[2024-10-28T13:25:25.000+0000] {processor.py:914} INFO - Processing file /opt/airflow/dags/crawl/db/database.py for tasks to queue
[2024-10-28T13:25:25.003+0000] {logging_mixin.py:190} INFO - [2024-10-28T13:25:25.002+0000] {dagbag.py:588} INFO - Filling up the DagBag from /opt/airflow/dags/crawl/db/database.py
[2024-10-28T13:25:25.015+0000] {processor.py:927} WARNING - No viable dags retrieved from /opt/airflow/dags/crawl/db/database.py
[2024-10-28T13:25:25.029+0000] {processor.py:208} INFO - Processing /opt/airflow/dags/crawl/db/database.py took 0.039 seconds
[2024-10-28T13:25:55.312+0000] {processor.py:186} INFO - Started process (PID=43) to work on /opt/airflow/dags/crawl/db/database.py
[2024-10-28T13:25:55.312+0000] {processor.py:914} INFO - Processing file /opt/airflow/dags/crawl/db/database.py for tasks to queue
[2024-10-28T13:25:55.314+0000] {logging_mixin.py:190} INFO - [2024-10-28T13:25:55.313+0000] {dagbag.py:588} INFO - Filling up the DagBag from /opt/airflow/dags/crawl/db/database.py
[2024-10-28T13:25:55.318+0000] {processor.py:927} WARNING - No viable dags retrieved from /opt/airflow/dags/crawl/db/database.py
[2024-10-28T13:25:55.329+0000] {processor.py:208} INFO - Processing /opt/airflow/dags/crawl/db/database.py took 0.022 seconds
[2024-10-28T13:26:25.642+0000] {processor.py:186} INFO - Started process (PID=51) to work on /opt/airflow/dags/crawl/db/database.py
[2024-10-28T13:26:25.643+0000] {processor.py:914} INFO - Processing file /opt/airflow/dags/crawl/db/database.py for tasks to queue
[2024-10-28T13:26:25.645+0000] {logging_mixin.py:190} INFO - [2024-10-28T13:26:25.644+0000] {dagbag.py:588} INFO - Filling up the DagBag from /opt/airflow/dags/crawl/db/database.py
[2024-10-28T13:26:25.649+0000] {processor.py:927} WARNING - No viable dags retrieved from /opt/airflow/dags/crawl/db/database.py
[2024-10-28T13:26:25.660+0000] {processor.py:208} INFO - Processing /opt/airflow/dags/crawl/db/database.py took 0.022 seconds
[2024-10-28T13:26:55.952+0000] {processor.py:186} INFO - Started process (PID=59) to work on /opt/airflow/dags/crawl/db/database.py
[2024-10-28T13:26:55.953+0000] {processor.py:914} INFO - Processing file /opt/airflow/dags/crawl/db/database.py for tasks to queue
[2024-10-28T13:26:55.954+0000] {logging_mixin.py:190} INFO - [2024-10-28T13:26:55.954+0000] {dagbag.py:588} INFO - Filling up the DagBag from /opt/airflow/dags/crawl/db/database.py
[2024-10-28T13:26:55.960+0000] {processor.py:927} WARNING - No viable dags retrieved from /opt/airflow/dags/crawl/db/database.py
[2024-10-28T13:26:55.970+0000] {processor.py:208} INFO - Processing /opt/airflow/dags/crawl/db/database.py took 0.022 seconds
[2024-10-28T13:27:26.290+0000] {processor.py:186} INFO - Started process (PID=67) to work on /opt/airflow/dags/crawl/db/database.py
[2024-10-28T13:27:26.290+0000] {processor.py:914} INFO - Processing file /opt/airflow/dags/crawl/db/database.py for tasks to queue
[2024-10-28T13:27:26.292+0000] {logging_mixin.py:190} INFO - [2024-10-28T13:27:26.292+0000] {dagbag.py:588} INFO - Filling up the DagBag from /opt/airflow/dags/crawl/db/database.py
[2024-10-28T13:27:26.297+0000] {processor.py:927} WARNING - No viable dags retrieved from /opt/airflow/dags/crawl/db/database.py
[2024-10-28T13:27:26.307+0000] {processor.py:208} INFO - Processing /opt/airflow/dags/crawl/db/database.py took 0.022 seconds
[2024-10-28T13:27:56.556+0000] {processor.py:186} INFO - Started process (PID=75) to work on /opt/airflow/dags/crawl/db/database.py
[2024-10-28T13:27:56.556+0000] {processor.py:914} INFO - Processing file /opt/airflow/dags/crawl/db/database.py for tasks to queue
[2024-10-28T13:27:56.558+0000] {logging_mixin.py:190} INFO - [2024-10-28T13:27:56.557+0000] {dagbag.py:588} INFO - Filling up the DagBag from /opt/airflow/dags/crawl/db/database.py
[2024-10-28T13:27:56.562+0000] {processor.py:927} WARNING - No viable dags retrieved from /opt/airflow/dags/crawl/db/database.py
[2024-10-28T13:27:56.573+0000] {processor.py:208} INFO - Processing /opt/airflow/dags/crawl/db/database.py took 0.022 seconds
[2024-10-28T13:28:56.264+0000] {processor.py:186} INFO - Started process (PID=83) to work on /opt/airflow/dags/crawl/db/database.py
[2024-10-28T13:28:56.280+0000] {processor.py:914} INFO - Processing file /opt/airflow/dags/crawl/db/database.py for tasks to queue
[2024-10-28T13:28:56.283+0000] {logging_mixin.py:190} INFO - [2024-10-28T13:28:56.282+0000] {dagbag.py:588} INFO - Filling up the DagBag from /opt/airflow/dags/crawl/db/database.py
[2024-10-28T13:28:56.289+0000] {processor.py:927} WARNING - No viable dags retrieved from /opt/airflow/dags/crawl/db/database.py
[2024-10-28T13:28:56.309+0000] {processor.py:208} INFO - Processing /opt/airflow/dags/crawl/db/database.py took 0.061 seconds
[2024-10-28T13:29:26.624+0000] {processor.py:186} INFO - Started process (PID=91) to work on /opt/airflow/dags/crawl/db/database.py
[2024-10-28T13:29:26.625+0000] {processor.py:914} INFO - Processing file /opt/airflow/dags/crawl/db/database.py for tasks to queue
[2024-10-28T13:29:26.627+0000] {logging_mixin.py:190} INFO - [2024-10-28T13:29:26.626+0000] {dagbag.py:588} INFO - Filling up the DagBag from /opt/airflow/dags/crawl/db/database.py
[2024-10-28T13:29:26.631+0000] {processor.py:927} WARNING - No viable dags retrieved from /opt/airflow/dags/crawl/db/database.py
[2024-10-28T13:29:26.642+0000] {processor.py:208} INFO - Processing /opt/airflow/dags/crawl/db/database.py took 0.022 seconds
[2024-10-28T13:29:56.961+0000] {processor.py:186} INFO - Started process (PID=99) to work on /opt/airflow/dags/crawl/db/database.py
[2024-10-28T13:29:56.962+0000] {processor.py:914} INFO - Processing file /opt/airflow/dags/crawl/db/database.py for tasks to queue
[2024-10-28T13:29:56.963+0000] {logging_mixin.py:190} INFO - [2024-10-28T13:29:56.963+0000] {dagbag.py:588} INFO - Filling up the DagBag from /opt/airflow/dags/crawl/db/database.py
[2024-10-28T13:29:56.968+0000] {processor.py:927} WARNING - No viable dags retrieved from /opt/airflow/dags/crawl/db/database.py
[2024-10-28T13:29:56.979+0000] {processor.py:208} INFO - Processing /opt/airflow/dags/crawl/db/database.py took 0.022 seconds
[2024-10-28T13:30:27.283+0000] {processor.py:186} INFO - Started process (PID=107) to work on /opt/airflow/dags/crawl/db/database.py
[2024-10-28T13:30:27.283+0000] {processor.py:914} INFO - Processing file /opt/airflow/dags/crawl/db/database.py for tasks to queue
[2024-10-28T13:30:27.285+0000] {logging_mixin.py:190} INFO - [2024-10-28T13:30:27.284+0000] {dagbag.py:588} INFO - Filling up the DagBag from /opt/airflow/dags/crawl/db/database.py
[2024-10-28T13:30:27.289+0000] {processor.py:927} WARNING - No viable dags retrieved from /opt/airflow/dags/crawl/db/database.py
[2024-10-28T13:30:27.300+0000] {processor.py:208} INFO - Processing /opt/airflow/dags/crawl/db/database.py took 0.022 seconds
[2024-10-28T13:30:57.703+0000] {processor.py:186} INFO - Started process (PID=115) to work on /opt/airflow/dags/crawl/db/database.py
[2024-10-28T13:30:57.703+0000] {processor.py:914} INFO - Processing file /opt/airflow/dags/crawl/db/database.py for tasks to queue
[2024-10-28T13:30:57.705+0000] {logging_mixin.py:190} INFO - [2024-10-28T13:30:57.705+0000] {dagbag.py:588} INFO - Filling up the DagBag from /opt/airflow/dags/crawl/db/database.py
[2024-10-28T13:30:57.711+0000] {processor.py:927} WARNING - No viable dags retrieved from /opt/airflow/dags/crawl/db/database.py
[2024-10-28T13:30:57.722+0000] {processor.py:208} INFO - Processing /opt/airflow/dags/crawl/db/database.py took 0.025 seconds
[2024-10-28T13:31:28.474+0000] {processor.py:186} INFO - Started process (PID=123) to work on /opt/airflow/dags/crawl/db/database.py
[2024-10-28T13:31:28.474+0000] {processor.py:914} INFO - Processing file /opt/airflow/dags/crawl/db/database.py for tasks to queue
[2024-10-28T13:31:28.476+0000] {logging_mixin.py:190} INFO - [2024-10-28T13:31:28.476+0000] {dagbag.py:588} INFO - Filling up the DagBag from /opt/airflow/dags/crawl/db/database.py
[2024-10-28T13:31:28.481+0000] {processor.py:927} WARNING - No viable dags retrieved from /opt/airflow/dags/crawl/db/database.py
[2024-10-28T13:31:28.492+0000] {processor.py:208} INFO - Processing /opt/airflow/dags/crawl/db/database.py took 0.022 seconds
[2024-10-28T13:31:58.821+0000] {processor.py:186} INFO - Started process (PID=131) to work on /opt/airflow/dags/crawl/db/database.py
[2024-10-28T13:31:58.821+0000] {processor.py:914} INFO - Processing file /opt/airflow/dags/crawl/db/database.py for tasks to queue
[2024-10-28T13:31:58.823+0000] {logging_mixin.py:190} INFO - [2024-10-28T13:31:58.823+0000] {dagbag.py:588} INFO - Filling up the DagBag from /opt/airflow/dags/crawl/db/database.py
[2024-10-28T13:31:58.828+0000] {processor.py:927} WARNING - No viable dags retrieved from /opt/airflow/dags/crawl/db/database.py
[2024-10-28T13:31:58.839+0000] {processor.py:208} INFO - Processing /opt/airflow/dags/crawl/db/database.py took 0.023 seconds
[2024-10-28T13:32:29.160+0000] {processor.py:186} INFO - Started process (PID=139) to work on /opt/airflow/dags/crawl/db/database.py
[2024-10-28T13:32:29.160+0000] {processor.py:914} INFO - Processing file /opt/airflow/dags/crawl/db/database.py for tasks to queue
[2024-10-28T13:32:29.162+0000] {logging_mixin.py:190} INFO - [2024-10-28T13:32:29.162+0000] {dagbag.py:588} INFO - Filling up the DagBag from /opt/airflow/dags/crawl/db/database.py
[2024-10-28T13:32:29.167+0000] {processor.py:927} WARNING - No viable dags retrieved from /opt/airflow/dags/crawl/db/database.py
[2024-10-28T13:32:29.178+0000] {processor.py:208} INFO - Processing /opt/airflow/dags/crawl/db/database.py took 0.022 seconds
[2024-10-28T13:32:59.507+0000] {processor.py:186} INFO - Started process (PID=147) to work on /opt/airflow/dags/crawl/db/database.py
[2024-10-28T13:32:59.508+0000] {processor.py:914} INFO - Processing file /opt/airflow/dags/crawl/db/database.py for tasks to queue
[2024-10-28T13:32:59.510+0000] {logging_mixin.py:190} INFO - [2024-10-28T13:32:59.509+0000] {dagbag.py:588} INFO - Filling up the DagBag from /opt/airflow/dags/crawl/db/database.py
[2024-10-28T13:32:59.514+0000] {processor.py:927} WARNING - No viable dags retrieved from /opt/airflow/dags/crawl/db/database.py
[2024-10-28T13:32:59.526+0000] {processor.py:208} INFO - Processing /opt/airflow/dags/crawl/db/database.py took 0.023 seconds
[2024-10-28T13:33:29.841+0000] {processor.py:186} INFO - Started process (PID=155) to work on /opt/airflow/dags/crawl/db/database.py
[2024-10-28T13:33:29.841+0000] {processor.py:914} INFO - Processing file /opt/airflow/dags/crawl/db/database.py for tasks to queue
[2024-10-28T13:33:29.843+0000] {logging_mixin.py:190} INFO - [2024-10-28T13:33:29.843+0000] {dagbag.py:588} INFO - Filling up the DagBag from /opt/airflow/dags/crawl/db/database.py
[2024-10-28T13:33:29.848+0000] {processor.py:927} WARNING - No viable dags retrieved from /opt/airflow/dags/crawl/db/database.py
[2024-10-28T13:33:29.858+0000] {processor.py:208} INFO - Processing /opt/airflow/dags/crawl/db/database.py took 0.022 seconds
[2024-10-28T13:34:00.171+0000] {processor.py:186} INFO - Started process (PID=163) to work on /opt/airflow/dags/crawl/db/database.py
[2024-10-28T13:34:00.171+0000] {processor.py:914} INFO - Processing file /opt/airflow/dags/crawl/db/database.py for tasks to queue
[2024-10-28T13:34:00.173+0000] {logging_mixin.py:190} INFO - [2024-10-28T13:34:00.173+0000] {dagbag.py:588} INFO - Filling up the DagBag from /opt/airflow/dags/crawl/db/database.py
[2024-10-28T13:34:00.178+0000] {processor.py:927} WARNING - No viable dags retrieved from /opt/airflow/dags/crawl/db/database.py
[2024-10-28T13:34:00.188+0000] {processor.py:208} INFO - Processing /opt/airflow/dags/crawl/db/database.py took 0.023 seconds
[2024-10-28T13:34:30.513+0000] {processor.py:186} INFO - Started process (PID=171) to work on /opt/airflow/dags/crawl/db/database.py
[2024-10-28T13:34:30.514+0000] {processor.py:914} INFO - Processing file /opt/airflow/dags/crawl/db/database.py for tasks to queue
[2024-10-28T13:34:30.515+0000] {logging_mixin.py:190} INFO - [2024-10-28T13:34:30.515+0000] {dagbag.py:588} INFO - Filling up the DagBag from /opt/airflow/dags/crawl/db/database.py
[2024-10-28T13:34:30.520+0000] {processor.py:927} WARNING - No viable dags retrieved from /opt/airflow/dags/crawl/db/database.py
[2024-10-28T13:34:30.531+0000] {processor.py:208} INFO - Processing /opt/airflow/dags/crawl/db/database.py took 0.023 seconds
[2024-10-28T13:35:00.844+0000] {processor.py:186} INFO - Started process (PID=179) to work on /opt/airflow/dags/crawl/db/database.py
[2024-10-28T13:35:00.844+0000] {processor.py:914} INFO - Processing file /opt/airflow/dags/crawl/db/database.py for tasks to queue
[2024-10-28T13:35:00.846+0000] {logging_mixin.py:190} INFO - [2024-10-28T13:35:00.846+0000] {dagbag.py:588} INFO - Filling up the DagBag from /opt/airflow/dags/crawl/db/database.py
[2024-10-28T13:35:00.852+0000] {processor.py:927} WARNING - No viable dags retrieved from /opt/airflow/dags/crawl/db/database.py
[2024-10-28T13:35:00.864+0000] {processor.py:208} INFO - Processing /opt/airflow/dags/crawl/db/database.py took 0.026 seconds
[2024-10-28T13:35:31.127+0000] {processor.py:186} INFO - Started process (PID=187) to work on /opt/airflow/dags/crawl/db/database.py
[2024-10-28T13:35:31.128+0000] {processor.py:914} INFO - Processing file /opt/airflow/dags/crawl/db/database.py for tasks to queue
[2024-10-28T13:35:31.130+0000] {logging_mixin.py:190} INFO - [2024-10-28T13:35:31.129+0000] {dagbag.py:588} INFO - Filling up the DagBag from /opt/airflow/dags/crawl/db/database.py
[2024-10-28T13:35:31.135+0000] {processor.py:927} WARNING - No viable dags retrieved from /opt/airflow/dags/crawl/db/database.py
[2024-10-28T13:35:31.145+0000] {processor.py:208} INFO - Processing /opt/airflow/dags/crawl/db/database.py took 0.022 seconds
[2024-10-28T13:36:01.430+0000] {processor.py:186} INFO - Started process (PID=195) to work on /opt/airflow/dags/crawl/db/database.py
[2024-10-28T13:36:01.431+0000] {processor.py:914} INFO - Processing file /opt/airflow/dags/crawl/db/database.py for tasks to queue
[2024-10-28T13:36:01.433+0000] {logging_mixin.py:190} INFO - [2024-10-28T13:36:01.433+0000] {dagbag.py:588} INFO - Filling up the DagBag from /opt/airflow/dags/crawl/db/database.py
[2024-10-28T13:36:01.438+0000] {processor.py:927} WARNING - No viable dags retrieved from /opt/airflow/dags/crawl/db/database.py
[2024-10-28T13:36:01.448+0000] {processor.py:208} INFO - Processing /opt/airflow/dags/crawl/db/database.py took 0.023 seconds
[2024-10-28T13:36:31.696+0000] {processor.py:186} INFO - Started process (PID=203) to work on /opt/airflow/dags/crawl/db/database.py
[2024-10-28T13:36:31.696+0000] {processor.py:914} INFO - Processing file /opt/airflow/dags/crawl/db/database.py for tasks to queue
[2024-10-28T13:36:31.698+0000] {logging_mixin.py:190} INFO - [2024-10-28T13:36:31.698+0000] {dagbag.py:588} INFO - Filling up the DagBag from /opt/airflow/dags/crawl/db/database.py
[2024-10-28T13:36:31.703+0000] {processor.py:927} WARNING - No viable dags retrieved from /opt/airflow/dags/crawl/db/database.py
[2024-10-28T13:36:31.713+0000] {processor.py:208} INFO - Processing /opt/airflow/dags/crawl/db/database.py took 0.022 seconds
[2024-10-28T13:37:01.995+0000] {processor.py:186} INFO - Started process (PID=211) to work on /opt/airflow/dags/crawl/db/database.py
[2024-10-28T13:37:01.999+0000] {processor.py:914} INFO - Processing file /opt/airflow/dags/crawl/db/database.py for tasks to queue
[2024-10-28T13:37:02.001+0000] {logging_mixin.py:190} INFO - [2024-10-28T13:37:02.001+0000] {dagbag.py:588} INFO - Filling up the DagBag from /opt/airflow/dags/crawl/db/database.py
[2024-10-28T13:37:02.006+0000] {processor.py:927} WARNING - No viable dags retrieved from /opt/airflow/dags/crawl/db/database.py
[2024-10-28T13:37:02.017+0000] {processor.py:208} INFO - Processing /opt/airflow/dags/crawl/db/database.py took 0.027 seconds
[2024-10-28T13:37:32.292+0000] {processor.py:186} INFO - Started process (PID=219) to work on /opt/airflow/dags/crawl/db/database.py
[2024-10-28T13:37:32.293+0000] {processor.py:914} INFO - Processing file /opt/airflow/dags/crawl/db/database.py for tasks to queue
[2024-10-28T13:37:32.295+0000] {logging_mixin.py:190} INFO - [2024-10-28T13:37:32.295+0000] {dagbag.py:588} INFO - Filling up the DagBag from /opt/airflow/dags/crawl/db/database.py
[2024-10-28T13:37:32.301+0000] {processor.py:927} WARNING - No viable dags retrieved from /opt/airflow/dags/crawl/db/database.py
[2024-10-28T13:37:32.312+0000] {processor.py:208} INFO - Processing /opt/airflow/dags/crawl/db/database.py took 0.029 seconds
[2024-10-28T13:38:02.575+0000] {processor.py:186} INFO - Started process (PID=227) to work on /opt/airflow/dags/crawl/db/database.py
[2024-10-28T13:38:02.576+0000] {processor.py:914} INFO - Processing file /opt/airflow/dags/crawl/db/database.py for tasks to queue
[2024-10-28T13:38:02.578+0000] {logging_mixin.py:190} INFO - [2024-10-28T13:38:02.577+0000] {dagbag.py:588} INFO - Filling up the DagBag from /opt/airflow/dags/crawl/db/database.py
[2024-10-28T13:38:02.586+0000] {processor.py:927} WARNING - No viable dags retrieved from /opt/airflow/dags/crawl/db/database.py
[2024-10-28T13:38:02.597+0000] {processor.py:208} INFO - Processing /opt/airflow/dags/crawl/db/database.py took 0.029 seconds
[2024-10-28T13:38:32.897+0000] {processor.py:186} INFO - Started process (PID=234) to work on /opt/airflow/dags/crawl/db/database.py
[2024-10-28T13:38:32.898+0000] {processor.py:914} INFO - Processing file /opt/airflow/dags/crawl/db/database.py for tasks to queue
[2024-10-28T13:38:32.900+0000] {logging_mixin.py:190} INFO - [2024-10-28T13:38:32.900+0000] {dagbag.py:588} INFO - Filling up the DagBag from /opt/airflow/dags/crawl/db/database.py
[2024-10-28T13:38:32.907+0000] {processor.py:927} WARNING - No viable dags retrieved from /opt/airflow/dags/crawl/db/database.py
[2024-10-28T13:38:32.918+0000] {processor.py:208} INFO - Processing /opt/airflow/dags/crawl/db/database.py took 0.029 seconds
[2024-10-28T13:39:03.167+0000] {processor.py:186} INFO - Started process (PID=242) to work on /opt/airflow/dags/crawl/db/database.py
[2024-10-28T13:39:03.167+0000] {processor.py:914} INFO - Processing file /opt/airflow/dags/crawl/db/database.py for tasks to queue
[2024-10-28T13:39:03.169+0000] {logging_mixin.py:190} INFO - [2024-10-28T13:39:03.169+0000] {dagbag.py:588} INFO - Filling up the DagBag from /opt/airflow/dags/crawl/db/database.py
[2024-10-28T13:39:03.174+0000] {processor.py:927} WARNING - No viable dags retrieved from /opt/airflow/dags/crawl/db/database.py
[2024-10-28T13:39:03.185+0000] {processor.py:208} INFO - Processing /opt/airflow/dags/crawl/db/database.py took 0.023 seconds
[2024-10-28T13:39:33.408+0000] {processor.py:186} INFO - Started process (PID=250) to work on /opt/airflow/dags/crawl/db/database.py
[2024-10-28T13:39:33.408+0000] {processor.py:914} INFO - Processing file /opt/airflow/dags/crawl/db/database.py for tasks to queue
[2024-10-28T13:39:33.411+0000] {logging_mixin.py:190} INFO - [2024-10-28T13:39:33.411+0000] {dagbag.py:588} INFO - Filling up the DagBag from /opt/airflow/dags/crawl/db/database.py
[2024-10-28T13:39:33.418+0000] {processor.py:927} WARNING - No viable dags retrieved from /opt/airflow/dags/crawl/db/database.py
[2024-10-28T13:39:33.429+0000] {processor.py:208} INFO - Processing /opt/airflow/dags/crawl/db/database.py took 0.030 seconds
[2024-10-28T13:40:03.730+0000] {processor.py:186} INFO - Started process (PID=258) to work on /opt/airflow/dags/crawl/db/database.py
[2024-10-28T13:40:03.731+0000] {processor.py:914} INFO - Processing file /opt/airflow/dags/crawl/db/database.py for tasks to queue
[2024-10-28T13:40:03.735+0000] {logging_mixin.py:190} INFO - [2024-10-28T13:40:03.734+0000] {dagbag.py:588} INFO - Filling up the DagBag from /opt/airflow/dags/crawl/db/database.py
[2024-10-28T13:40:03.741+0000] {processor.py:927} WARNING - No viable dags retrieved from /opt/airflow/dags/crawl/db/database.py
[2024-10-28T13:40:03.752+0000] {processor.py:208} INFO - Processing /opt/airflow/dags/crawl/db/database.py took 0.030 seconds
[2024-10-28T13:40:34.016+0000] {processor.py:186} INFO - Started process (PID=266) to work on /opt/airflow/dags/crawl/db/database.py
[2024-10-28T13:40:34.017+0000] {processor.py:914} INFO - Processing file /opt/airflow/dags/crawl/db/database.py for tasks to queue
[2024-10-28T13:40:34.019+0000] {logging_mixin.py:190} INFO - [2024-10-28T13:40:34.019+0000] {dagbag.py:588} INFO - Filling up the DagBag from /opt/airflow/dags/crawl/db/database.py
[2024-10-28T13:40:34.025+0000] {processor.py:927} WARNING - No viable dags retrieved from /opt/airflow/dags/crawl/db/database.py
[2024-10-28T13:40:34.036+0000] {processor.py:208} INFO - Processing /opt/airflow/dags/crawl/db/database.py took 0.026 seconds
[2024-10-28T13:41:04.322+0000] {processor.py:186} INFO - Started process (PID=274) to work on /opt/airflow/dags/crawl/db/database.py
[2024-10-28T13:41:04.323+0000] {processor.py:914} INFO - Processing file /opt/airflow/dags/crawl/db/database.py for tasks to queue
[2024-10-28T13:41:04.326+0000] {logging_mixin.py:190} INFO - [2024-10-28T13:41:04.325+0000] {dagbag.py:588} INFO - Filling up the DagBag from /opt/airflow/dags/crawl/db/database.py
[2024-10-28T13:41:04.332+0000] {processor.py:927} WARNING - No viable dags retrieved from /opt/airflow/dags/crawl/db/database.py
[2024-10-28T13:41:04.343+0000] {processor.py:208} INFO - Processing /opt/airflow/dags/crawl/db/database.py took 0.027 seconds
[2024-10-28T13:41:34.610+0000] {processor.py:186} INFO - Started process (PID=282) to work on /opt/airflow/dags/crawl/db/database.py
[2024-10-28T13:41:34.611+0000] {processor.py:914} INFO - Processing file /opt/airflow/dags/crawl/db/database.py for tasks to queue
[2024-10-28T13:41:34.613+0000] {logging_mixin.py:190} INFO - [2024-10-28T13:41:34.613+0000] {dagbag.py:588} INFO - Filling up the DagBag from /opt/airflow/dags/crawl/db/database.py
[2024-10-28T13:41:34.619+0000] {processor.py:927} WARNING - No viable dags retrieved from /opt/airflow/dags/crawl/db/database.py
[2024-10-28T13:41:34.631+0000] {processor.py:208} INFO - Processing /opt/airflow/dags/crawl/db/database.py took 0.027 seconds
[2024-10-28T13:42:04.892+0000] {processor.py:186} INFO - Started process (PID=290) to work on /opt/airflow/dags/crawl/db/database.py
[2024-10-28T13:42:04.894+0000] {processor.py:914} INFO - Processing file /opt/airflow/dags/crawl/db/database.py for tasks to queue
[2024-10-28T13:42:04.897+0000] {logging_mixin.py:190} INFO - [2024-10-28T13:42:04.897+0000] {dagbag.py:588} INFO - Filling up the DagBag from /opt/airflow/dags/crawl/db/database.py
[2024-10-28T13:42:04.904+0000] {processor.py:927} WARNING - No viable dags retrieved from /opt/airflow/dags/crawl/db/database.py
[2024-10-28T13:42:04.917+0000] {processor.py:208} INFO - Processing /opt/airflow/dags/crawl/db/database.py took 0.033 seconds
[2024-10-28T13:42:35.220+0000] {processor.py:186} INFO - Started process (PID=298) to work on /opt/airflow/dags/crawl/db/database.py
[2024-10-28T13:42:35.221+0000] {processor.py:914} INFO - Processing file /opt/airflow/dags/crawl/db/database.py for tasks to queue
[2024-10-28T13:42:35.224+0000] {logging_mixin.py:190} INFO - [2024-10-28T13:42:35.224+0000] {dagbag.py:588} INFO - Filling up the DagBag from /opt/airflow/dags/crawl/db/database.py
[2024-10-28T13:42:35.230+0000] {processor.py:927} WARNING - No viable dags retrieved from /opt/airflow/dags/crawl/db/database.py
[2024-10-28T13:42:35.241+0000] {processor.py:208} INFO - Processing /opt/airflow/dags/crawl/db/database.py took 0.027 seconds
[2024-10-28T13:43:05.537+0000] {processor.py:186} INFO - Started process (PID=306) to work on /opt/airflow/dags/crawl/db/database.py
[2024-10-28T13:43:05.538+0000] {processor.py:914} INFO - Processing file /opt/airflow/dags/crawl/db/database.py for tasks to queue
[2024-10-28T13:43:05.540+0000] {logging_mixin.py:190} INFO - [2024-10-28T13:43:05.540+0000] {dagbag.py:588} INFO - Filling up the DagBag from /opt/airflow/dags/crawl/db/database.py
[2024-10-28T13:43:05.546+0000] {processor.py:927} WARNING - No viable dags retrieved from /opt/airflow/dags/crawl/db/database.py
[2024-10-28T13:43:05.559+0000] {processor.py:208} INFO - Processing /opt/airflow/dags/crawl/db/database.py took 0.028 seconds
[2024-10-28T13:43:35.895+0000] {processor.py:186} INFO - Started process (PID=314) to work on /opt/airflow/dags/crawl/db/database.py
[2024-10-28T13:43:35.896+0000] {processor.py:914} INFO - Processing file /opt/airflow/dags/crawl/db/database.py for tasks to queue
[2024-10-28T13:43:35.898+0000] {logging_mixin.py:190} INFO - [2024-10-28T13:43:35.897+0000] {dagbag.py:588} INFO - Filling up the DagBag from /opt/airflow/dags/crawl/db/database.py
[2024-10-28T13:43:35.903+0000] {processor.py:927} WARNING - No viable dags retrieved from /opt/airflow/dags/crawl/db/database.py
[2024-10-28T13:43:35.915+0000] {processor.py:208} INFO - Processing /opt/airflow/dags/crawl/db/database.py took 0.026 seconds
[2024-10-28T13:44:06.175+0000] {processor.py:186} INFO - Started process (PID=322) to work on /opt/airflow/dags/crawl/db/database.py
[2024-10-28T13:44:06.176+0000] {processor.py:914} INFO - Processing file /opt/airflow/dags/crawl/db/database.py for tasks to queue
[2024-10-28T13:44:06.178+0000] {logging_mixin.py:190} INFO - [2024-10-28T13:44:06.178+0000] {dagbag.py:588} INFO - Filling up the DagBag from /opt/airflow/dags/crawl/db/database.py
[2024-10-28T13:44:06.186+0000] {processor.py:927} WARNING - No viable dags retrieved from /opt/airflow/dags/crawl/db/database.py
[2024-10-28T13:44:06.197+0000] {processor.py:208} INFO - Processing /opt/airflow/dags/crawl/db/database.py took 0.029 seconds
[2024-10-28T13:44:36.446+0000] {processor.py:186} INFO - Started process (PID=330) to work on /opt/airflow/dags/crawl/db/database.py
[2024-10-28T13:44:36.447+0000] {processor.py:914} INFO - Processing file /opt/airflow/dags/crawl/db/database.py for tasks to queue
[2024-10-28T13:44:36.449+0000] {logging_mixin.py:190} INFO - [2024-10-28T13:44:36.448+0000] {dagbag.py:588} INFO - Filling up the DagBag from /opt/airflow/dags/crawl/db/database.py
[2024-10-28T13:44:36.455+0000] {processor.py:927} WARNING - No viable dags retrieved from /opt/airflow/dags/crawl/db/database.py
[2024-10-28T13:44:36.467+0000] {processor.py:208} INFO - Processing /opt/airflow/dags/crawl/db/database.py took 0.027 seconds
[2024-10-28T13:45:06.745+0000] {processor.py:186} INFO - Started process (PID=338) to work on /opt/airflow/dags/crawl/db/database.py
[2024-10-28T13:45:06.746+0000] {processor.py:914} INFO - Processing file /opt/airflow/dags/crawl/db/database.py for tasks to queue
[2024-10-28T13:45:06.748+0000] {logging_mixin.py:190} INFO - [2024-10-28T13:45:06.748+0000] {dagbag.py:588} INFO - Filling up the DagBag from /opt/airflow/dags/crawl/db/database.py
[2024-10-28T13:45:06.756+0000] {processor.py:927} WARNING - No viable dags retrieved from /opt/airflow/dags/crawl/db/database.py
[2024-10-28T13:45:06.778+0000] {processor.py:208} INFO - Processing /opt/airflow/dags/crawl/db/database.py took 0.039 seconds
[2024-10-28T13:45:37.073+0000] {processor.py:186} INFO - Started process (PID=346) to work on /opt/airflow/dags/crawl/db/database.py
[2024-10-28T13:45:37.074+0000] {processor.py:914} INFO - Processing file /opt/airflow/dags/crawl/db/database.py for tasks to queue
[2024-10-28T13:45:37.076+0000] {logging_mixin.py:190} INFO - [2024-10-28T13:45:37.076+0000] {dagbag.py:588} INFO - Filling up the DagBag from /opt/airflow/dags/crawl/db/database.py
[2024-10-28T13:45:37.082+0000] {processor.py:927} WARNING - No viable dags retrieved from /opt/airflow/dags/crawl/db/database.py
[2024-10-28T13:45:37.095+0000] {processor.py:208} INFO - Processing /opt/airflow/dags/crawl/db/database.py took 0.030 seconds
[2024-10-28T13:46:07.422+0000] {processor.py:186} INFO - Started process (PID=354) to work on /opt/airflow/dags/crawl/db/database.py
[2024-10-28T13:46:07.422+0000] {processor.py:914} INFO - Processing file /opt/airflow/dags/crawl/db/database.py for tasks to queue
[2024-10-28T13:46:07.425+0000] {logging_mixin.py:190} INFO - [2024-10-28T13:46:07.424+0000] {dagbag.py:588} INFO - Filling up the DagBag from /opt/airflow/dags/crawl/db/database.py
[2024-10-28T13:46:07.431+0000] {processor.py:927} WARNING - No viable dags retrieved from /opt/airflow/dags/crawl/db/database.py
[2024-10-28T13:46:07.442+0000] {processor.py:208} INFO - Processing /opt/airflow/dags/crawl/db/database.py took 0.030 seconds
[2024-10-28T13:46:37.704+0000] {processor.py:186} INFO - Started process (PID=362) to work on /opt/airflow/dags/crawl/db/database.py
[2024-10-28T13:46:37.706+0000] {processor.py:914} INFO - Processing file /opt/airflow/dags/crawl/db/database.py for tasks to queue
[2024-10-28T13:46:37.709+0000] {logging_mixin.py:190} INFO - [2024-10-28T13:46:37.709+0000] {dagbag.py:588} INFO - Filling up the DagBag from /opt/airflow/dags/crawl/db/database.py
[2024-10-28T13:46:37.716+0000] {processor.py:927} WARNING - No viable dags retrieved from /opt/airflow/dags/crawl/db/database.py
[2024-10-28T13:46:37.727+0000] {processor.py:208} INFO - Processing /opt/airflow/dags/crawl/db/database.py took 0.031 seconds
[2024-10-28T13:47:08.029+0000] {processor.py:186} INFO - Started process (PID=379) to work on /opt/airflow/dags/crawl/db/database.py
[2024-10-28T13:47:08.030+0000] {processor.py:914} INFO - Processing file /opt/airflow/dags/crawl/db/database.py for tasks to queue
[2024-10-28T13:47:08.031+0000] {logging_mixin.py:190} INFO - [2024-10-28T13:47:08.031+0000] {dagbag.py:588} INFO - Filling up the DagBag from /opt/airflow/dags/crawl/db/database.py
[2024-10-28T13:47:08.037+0000] {processor.py:927} WARNING - No viable dags retrieved from /opt/airflow/dags/crawl/db/database.py
[2024-10-28T13:47:08.047+0000] {processor.py:208} INFO - Processing /opt/airflow/dags/crawl/db/database.py took 0.024 seconds
[2024-10-28T13:47:38.341+0000] {processor.py:186} INFO - Started process (PID=389) to work on /opt/airflow/dags/crawl/db/database.py
[2024-10-28T13:47:38.341+0000] {processor.py:914} INFO - Processing file /opt/airflow/dags/crawl/db/database.py for tasks to queue
[2024-10-28T13:47:38.343+0000] {logging_mixin.py:190} INFO - [2024-10-28T13:47:38.343+0000] {dagbag.py:588} INFO - Filling up the DagBag from /opt/airflow/dags/crawl/db/database.py
[2024-10-28T13:47:38.350+0000] {processor.py:927} WARNING - No viable dags retrieved from /opt/airflow/dags/crawl/db/database.py
[2024-10-28T13:47:38.360+0000] {processor.py:208} INFO - Processing /opt/airflow/dags/crawl/db/database.py took 0.028 seconds
[2024-10-28T13:48:08.678+0000] {processor.py:186} INFO - Started process (PID=398) to work on /opt/airflow/dags/crawl/db/database.py
[2024-10-28T13:48:08.679+0000] {processor.py:914} INFO - Processing file /opt/airflow/dags/crawl/db/database.py for tasks to queue
[2024-10-28T13:48:08.681+0000] {logging_mixin.py:190} INFO - [2024-10-28T13:48:08.680+0000] {dagbag.py:588} INFO - Filling up the DagBag from /opt/airflow/dags/crawl/db/database.py
[2024-10-28T13:48:08.687+0000] {processor.py:927} WARNING - No viable dags retrieved from /opt/airflow/dags/crawl/db/database.py
[2024-10-28T13:48:08.699+0000] {processor.py:208} INFO - Processing /opt/airflow/dags/crawl/db/database.py took 0.026 seconds
[2024-10-28T13:48:38.971+0000] {processor.py:186} INFO - Started process (PID=406) to work on /opt/airflow/dags/crawl/db/database.py
[2024-10-28T13:48:38.971+0000] {processor.py:914} INFO - Processing file /opt/airflow/dags/crawl/db/database.py for tasks to queue
[2024-10-28T13:48:38.973+0000] {logging_mixin.py:190} INFO - [2024-10-28T13:48:38.973+0000] {dagbag.py:588} INFO - Filling up the DagBag from /opt/airflow/dags/crawl/db/database.py
[2024-10-28T13:48:38.978+0000] {processor.py:927} WARNING - No viable dags retrieved from /opt/airflow/dags/crawl/db/database.py
[2024-10-28T13:48:38.991+0000] {processor.py:208} INFO - Processing /opt/airflow/dags/crawl/db/database.py took 0.026 seconds
[2024-10-28T13:49:09.271+0000] {processor.py:186} INFO - Started process (PID=414) to work on /opt/airflow/dags/crawl/db/database.py
[2024-10-28T13:49:09.272+0000] {processor.py:914} INFO - Processing file /opt/airflow/dags/crawl/db/database.py for tasks to queue
[2024-10-28T13:49:09.275+0000] {logging_mixin.py:190} INFO - [2024-10-28T13:49:09.275+0000] {dagbag.py:588} INFO - Filling up the DagBag from /opt/airflow/dags/crawl/db/database.py
[2024-10-28T13:49:09.282+0000] {processor.py:927} WARNING - No viable dags retrieved from /opt/airflow/dags/crawl/db/database.py
[2024-10-28T13:49:09.293+0000] {processor.py:208} INFO - Processing /opt/airflow/dags/crawl/db/database.py took 0.031 seconds
[2024-10-28T13:49:39.594+0000] {processor.py:186} INFO - Started process (PID=422) to work on /opt/airflow/dags/crawl/db/database.py
[2024-10-28T13:49:39.594+0000] {processor.py:914} INFO - Processing file /opt/airflow/dags/crawl/db/database.py for tasks to queue
[2024-10-28T13:49:39.597+0000] {logging_mixin.py:190} INFO - [2024-10-28T13:49:39.597+0000] {dagbag.py:588} INFO - Filling up the DagBag from /opt/airflow/dags/crawl/db/database.py
[2024-10-28T13:49:39.604+0000] {processor.py:927} WARNING - No viable dags retrieved from /opt/airflow/dags/crawl/db/database.py
[2024-10-28T13:49:39.616+0000] {processor.py:208} INFO - Processing /opt/airflow/dags/crawl/db/database.py took 0.032 seconds
[2024-10-28T13:50:09.937+0000] {processor.py:186} INFO - Started process (PID=431) to work on /opt/airflow/dags/crawl/db/database.py
[2024-10-28T13:50:09.938+0000] {processor.py:914} INFO - Processing file /opt/airflow/dags/crawl/db/database.py for tasks to queue
[2024-10-28T13:50:09.941+0000] {logging_mixin.py:190} INFO - [2024-10-28T13:50:09.940+0000] {dagbag.py:588} INFO - Filling up the DagBag from /opt/airflow/dags/crawl/db/database.py
[2024-10-28T13:50:09.947+0000] {processor.py:927} WARNING - No viable dags retrieved from /opt/airflow/dags/crawl/db/database.py
[2024-10-28T13:50:09.958+0000] {processor.py:208} INFO - Processing /opt/airflow/dags/crawl/db/database.py took 0.029 seconds
[2024-10-28T13:50:40.252+0000] {processor.py:186} INFO - Started process (PID=440) to work on /opt/airflow/dags/crawl/db/database.py
[2024-10-28T13:50:40.252+0000] {processor.py:914} INFO - Processing file /opt/airflow/dags/crawl/db/database.py for tasks to queue
[2024-10-28T13:50:40.254+0000] {logging_mixin.py:190} INFO - [2024-10-28T13:50:40.254+0000] {dagbag.py:588} INFO - Filling up the DagBag from /opt/airflow/dags/crawl/db/database.py
[2024-10-28T13:50:40.260+0000] {processor.py:927} WARNING - No viable dags retrieved from /opt/airflow/dags/crawl/db/database.py
[2024-10-28T13:50:40.273+0000] {processor.py:208} INFO - Processing /opt/airflow/dags/crawl/db/database.py took 0.029 seconds
[2024-10-28T13:51:10.595+0000] {processor.py:186} INFO - Started process (PID=448) to work on /opt/airflow/dags/crawl/db/database.py
[2024-10-28T13:51:10.596+0000] {processor.py:914} INFO - Processing file /opt/airflow/dags/crawl/db/database.py for tasks to queue
[2024-10-28T13:51:10.598+0000] {logging_mixin.py:190} INFO - [2024-10-28T13:51:10.598+0000] {dagbag.py:588} INFO - Filling up the DagBag from /opt/airflow/dags/crawl/db/database.py
[2024-10-28T13:51:10.604+0000] {processor.py:927} WARNING - No viable dags retrieved from /opt/airflow/dags/crawl/db/database.py
[2024-10-28T13:51:10.615+0000] {processor.py:208} INFO - Processing /opt/airflow/dags/crawl/db/database.py took 0.027 seconds
[2024-10-28T13:51:40.900+0000] {processor.py:186} INFO - Started process (PID=456) to work on /opt/airflow/dags/crawl/db/database.py
[2024-10-28T13:51:40.901+0000] {processor.py:914} INFO - Processing file /opt/airflow/dags/crawl/db/database.py for tasks to queue
[2024-10-28T13:51:40.904+0000] {logging_mixin.py:190} INFO - [2024-10-28T13:51:40.903+0000] {dagbag.py:588} INFO - Filling up the DagBag from /opt/airflow/dags/crawl/db/database.py
[2024-10-28T13:51:40.910+0000] {processor.py:927} WARNING - No viable dags retrieved from /opt/airflow/dags/crawl/db/database.py
[2024-10-28T13:51:40.921+0000] {processor.py:208} INFO - Processing /opt/airflow/dags/crawl/db/database.py took 0.028 seconds
