[2024-10-28T08:36:55.497+0000] {processor.py:186} INFO - Started process (PID=113) to work on /opt/airflow/dags/crawl_dag.py
[2024-10-28T08:36:55.497+0000] {processor.py:914} INFO - Processing file /opt/airflow/dags/crawl_dag.py for tasks to queue
[2024-10-28T08:36:55.499+0000] {logging_mixin.py:190} INFO - [2024-10-28T08:36:55.498+0000] {dagbag.py:588} INFO - Filling up the DagBag from /opt/airflow/dags/crawl_dag.py
[2024-10-28T08:36:55.504+0000] {logging_mixin.py:190} INFO - [2024-10-28T08:36:55.503+0000] {dagbag.py:387} ERROR - Failed to import: /opt/airflow/dags/crawl_dag.py
Traceback (most recent call last):
  File "/home/airflow/.local/lib/python3.12/site-packages/airflow/models/dagbag.py", line 383, in parse
    loader.exec_module(new_module)
  File "<frozen importlib._bootstrap_external>", line 995, in exec_module
  File "<frozen importlib._bootstrap>", line 488, in _call_with_frames_removed
  File "/opt/airflow/dags/crawl_dag.py", line 4, in <module>
    from crawl.main import main  # Import the main function
    ^^^^^^^^^^^^^^^^^^^^^^^^^^^
  File "/opt/airflow/dags/crawl/main.py", line 1, in <module>
    from db.database import create_books_table, create_tables
ModuleNotFoundError: No module named 'db'
[2024-10-28T08:36:55.505+0000] {processor.py:927} WARNING - No viable dags retrieved from /opt/airflow/dags/crawl_dag.py
[2024-10-28T08:36:55.524+0000] {processor.py:208} INFO - Processing /opt/airflow/dags/crawl_dag.py took 0.032 seconds
[2024-10-28T08:37:25.793+0000] {processor.py:186} INFO - Started process (PID=121) to work on /opt/airflow/dags/crawl_dag.py
[2024-10-28T08:37:25.794+0000] {processor.py:914} INFO - Processing file /opt/airflow/dags/crawl_dag.py for tasks to queue
[2024-10-28T08:37:25.797+0000] {logging_mixin.py:190} INFO - [2024-10-28T08:37:25.796+0000] {dagbag.py:588} INFO - Filling up the DagBag from /opt/airflow/dags/crawl_dag.py
[2024-10-28T08:37:25.800+0000] {logging_mixin.py:190} INFO - [2024-10-28T08:37:25.799+0000] {dagbag.py:387} ERROR - Failed to import: /opt/airflow/dags/crawl_dag.py
Traceback (most recent call last):
  File "/home/airflow/.local/lib/python3.12/site-packages/airflow/models/dagbag.py", line 383, in parse
    loader.exec_module(new_module)
  File "<frozen importlib._bootstrap_external>", line 995, in exec_module
  File "<frozen importlib._bootstrap>", line 488, in _call_with_frames_removed
  File "/opt/airflow/dags/crawl_dag.py", line 4, in <module>
    from crawl.main import main  # Import the main function
    ^^^^^^^^^^^^^^^^^^^^^^^^^^^
  File "/opt/airflow/dags/crawl/main.py", line 1, in <module>
    from db.database import create_books_table, create_tables
ModuleNotFoundError: No module named 'db'
[2024-10-28T08:37:25.800+0000] {processor.py:927} WARNING - No viable dags retrieved from /opt/airflow/dags/crawl_dag.py
[2024-10-28T08:37:25.815+0000] {processor.py:208} INFO - Processing /opt/airflow/dags/crawl_dag.py took 0.027 seconds
[2024-10-28T08:37:56.059+0000] {processor.py:186} INFO - Started process (PID=129) to work on /opt/airflow/dags/crawl_dag.py
[2024-10-28T08:37:56.060+0000] {processor.py:914} INFO - Processing file /opt/airflow/dags/crawl_dag.py for tasks to queue
[2024-10-28T08:37:56.065+0000] {logging_mixin.py:190} INFO - [2024-10-28T08:37:56.064+0000] {dagbag.py:588} INFO - Filling up the DagBag from /opt/airflow/dags/crawl_dag.py
[2024-10-28T08:37:56.069+0000] {logging_mixin.py:190} INFO - [2024-10-28T08:37:56.068+0000] {dagbag.py:387} ERROR - Failed to import: /opt/airflow/dags/crawl_dag.py
Traceback (most recent call last):
  File "/home/airflow/.local/lib/python3.12/site-packages/airflow/models/dagbag.py", line 383, in parse
    loader.exec_module(new_module)
  File "<frozen importlib._bootstrap_external>", line 995, in exec_module
  File "<frozen importlib._bootstrap>", line 488, in _call_with_frames_removed
  File "/opt/airflow/dags/crawl_dag.py", line 4, in <module>
    from crawl.main import main  # Import the main function
    ^^^^^^^^^^^^^^^^^^^^^^^^^^^
  File "/opt/airflow/dags/crawl/main.py", line 1, in <module>
    from db.database import create_books_table, create_tables
ModuleNotFoundError: No module named 'db'
[2024-10-28T08:37:56.070+0000] {processor.py:927} WARNING - No viable dags retrieved from /opt/airflow/dags/crawl_dag.py
[2024-10-28T08:37:56.090+0000] {processor.py:208} INFO - Processing /opt/airflow/dags/crawl_dag.py took 0.037 seconds
[2024-10-28T08:38:26.401+0000] {processor.py:186} INFO - Started process (PID=137) to work on /opt/airflow/dags/crawl_dag.py
[2024-10-28T08:38:26.401+0000] {processor.py:914} INFO - Processing file /opt/airflow/dags/crawl_dag.py for tasks to queue
[2024-10-28T08:38:26.403+0000] {logging_mixin.py:190} INFO - [2024-10-28T08:38:26.403+0000] {dagbag.py:588} INFO - Filling up the DagBag from /opt/airflow/dags/crawl_dag.py
[2024-10-28T08:38:26.406+0000] {logging_mixin.py:190} INFO - [2024-10-28T08:38:26.405+0000] {dagbag.py:387} ERROR - Failed to import: /opt/airflow/dags/crawl_dag.py
Traceback (most recent call last):
  File "/home/airflow/.local/lib/python3.12/site-packages/airflow/models/dagbag.py", line 383, in parse
    loader.exec_module(new_module)
  File "<frozen importlib._bootstrap_external>", line 995, in exec_module
  File "<frozen importlib._bootstrap>", line 488, in _call_with_frames_removed
  File "/opt/airflow/dags/crawl_dag.py", line 4, in <module>
    from crawl.main import main  # Import the main function
    ^^^^^^^^^^^^^^^^^^^^^^^^^^^
  File "/opt/airflow/dags/crawl/main.py", line 1, in <module>
    from db.database import create_books_table, create_tables
ModuleNotFoundError: No module named 'db'
[2024-10-28T08:38:26.406+0000] {processor.py:927} WARNING - No viable dags retrieved from /opt/airflow/dags/crawl_dag.py
[2024-10-28T08:38:26.421+0000] {processor.py:208} INFO - Processing /opt/airflow/dags/crawl_dag.py took 0.025 seconds
[2024-10-28T08:38:56.733+0000] {processor.py:186} INFO - Started process (PID=145) to work on /opt/airflow/dags/crawl_dag.py
[2024-10-28T08:38:56.734+0000] {processor.py:914} INFO - Processing file /opt/airflow/dags/crawl_dag.py for tasks to queue
[2024-10-28T08:38:56.737+0000] {logging_mixin.py:190} INFO - [2024-10-28T08:38:56.737+0000] {dagbag.py:588} INFO - Filling up the DagBag from /opt/airflow/dags/crawl_dag.py
[2024-10-28T08:38:56.742+0000] {logging_mixin.py:190} INFO - [2024-10-28T08:38:56.741+0000] {dagbag.py:387} ERROR - Failed to import: /opt/airflow/dags/crawl_dag.py
Traceback (most recent call last):
  File "/home/airflow/.local/lib/python3.12/site-packages/airflow/models/dagbag.py", line 383, in parse
    loader.exec_module(new_module)
  File "<frozen importlib._bootstrap_external>", line 995, in exec_module
  File "<frozen importlib._bootstrap>", line 488, in _call_with_frames_removed
  File "/opt/airflow/dags/crawl_dag.py", line 4, in <module>
    from crawl.main import main  # Import the main function
    ^^^^^^^^^^^^^^^^^^^^^^^^^^^
  File "/opt/airflow/dags/crawl/main.py", line 1, in <module>
    from db.database import create_books_table, create_tables
ModuleNotFoundError: No module named 'db'
[2024-10-28T08:38:56.743+0000] {processor.py:927} WARNING - No viable dags retrieved from /opt/airflow/dags/crawl_dag.py
[2024-10-28T08:38:56.759+0000] {processor.py:208} INFO - Processing /opt/airflow/dags/crawl_dag.py took 0.037 seconds
[2024-10-28T08:39:27.061+0000] {processor.py:186} INFO - Started process (PID=153) to work on /opt/airflow/dags/crawl_dag.py
[2024-10-28T08:39:27.062+0000] {processor.py:914} INFO - Processing file /opt/airflow/dags/crawl_dag.py for tasks to queue
[2024-10-28T08:39:27.065+0000] {logging_mixin.py:190} INFO - [2024-10-28T08:39:27.065+0000] {dagbag.py:588} INFO - Filling up the DagBag from /opt/airflow/dags/crawl_dag.py
[2024-10-28T08:39:27.071+0000] {logging_mixin.py:190} INFO - [2024-10-28T08:39:27.069+0000] {dagbag.py:387} ERROR - Failed to import: /opt/airflow/dags/crawl_dag.py
Traceback (most recent call last):
  File "/home/airflow/.local/lib/python3.12/site-packages/airflow/models/dagbag.py", line 383, in parse
    loader.exec_module(new_module)
  File "<frozen importlib._bootstrap_external>", line 995, in exec_module
  File "<frozen importlib._bootstrap>", line 488, in _call_with_frames_removed
  File "/opt/airflow/dags/crawl_dag.py", line 4, in <module>
    from crawl.main import main  # Import the main function
    ^^^^^^^^^^^^^^^^^^^^^^^^^^^
  File "/opt/airflow/dags/crawl/main.py", line 1, in <module>
    from db.database import create_books_table, create_tables
ModuleNotFoundError: No module named 'db'
[2024-10-28T08:39:27.072+0000] {processor.py:927} WARNING - No viable dags retrieved from /opt/airflow/dags/crawl_dag.py
[2024-10-28T08:39:27.092+0000] {processor.py:208} INFO - Processing /opt/airflow/dags/crawl_dag.py took 0.045 seconds
[2024-10-28T08:39:57.329+0000] {processor.py:186} INFO - Started process (PID=161) to work on /opt/airflow/dags/crawl_dag.py
[2024-10-28T08:39:57.330+0000] {processor.py:914} INFO - Processing file /opt/airflow/dags/crawl_dag.py for tasks to queue
[2024-10-28T08:39:57.333+0000] {logging_mixin.py:190} INFO - [2024-10-28T08:39:57.332+0000] {dagbag.py:588} INFO - Filling up the DagBag from /opt/airflow/dags/crawl_dag.py
[2024-10-28T08:39:57.337+0000] {logging_mixin.py:190} INFO - [2024-10-28T08:39:57.336+0000] {dagbag.py:387} ERROR - Failed to import: /opt/airflow/dags/crawl_dag.py
Traceback (most recent call last):
  File "/home/airflow/.local/lib/python3.12/site-packages/airflow/models/dagbag.py", line 383, in parse
    loader.exec_module(new_module)
  File "<frozen importlib._bootstrap_external>", line 995, in exec_module
  File "<frozen importlib._bootstrap>", line 488, in _call_with_frames_removed
  File "/opt/airflow/dags/crawl_dag.py", line 4, in <module>
    from crawl.main import main  # Import the main function
    ^^^^^^^^^^^^^^^^^^^^^^^^^^^
  File "/opt/airflow/dags/crawl/main.py", line 1, in <module>
    from db.database import create_books_table, create_tables
ModuleNotFoundError: No module named 'db'
[2024-10-28T08:39:57.337+0000] {processor.py:927} WARNING - No viable dags retrieved from /opt/airflow/dags/crawl_dag.py
[2024-10-28T08:39:57.354+0000] {processor.py:208} INFO - Processing /opt/airflow/dags/crawl_dag.py took 0.030 seconds
[2024-10-28T08:40:27.648+0000] {processor.py:186} INFO - Started process (PID=169) to work on /opt/airflow/dags/crawl_dag.py
[2024-10-28T08:40:27.649+0000] {processor.py:914} INFO - Processing file /opt/airflow/dags/crawl_dag.py for tasks to queue
[2024-10-28T08:40:27.652+0000] {logging_mixin.py:190} INFO - [2024-10-28T08:40:27.651+0000] {dagbag.py:588} INFO - Filling up the DagBag from /opt/airflow/dags/crawl_dag.py
[2024-10-28T08:40:27.657+0000] {logging_mixin.py:190} INFO - [2024-10-28T08:40:27.656+0000] {dagbag.py:387} ERROR - Failed to import: /opt/airflow/dags/crawl_dag.py
Traceback (most recent call last):
  File "/home/airflow/.local/lib/python3.12/site-packages/airflow/models/dagbag.py", line 383, in parse
    loader.exec_module(new_module)
  File "<frozen importlib._bootstrap_external>", line 995, in exec_module
  File "<frozen importlib._bootstrap>", line 488, in _call_with_frames_removed
  File "/opt/airflow/dags/crawl_dag.py", line 4, in <module>
    from crawl.main import main  # Import the main function
    ^^^^^^^^^^^^^^^^^^^^^^^^^^^
  File "/opt/airflow/dags/crawl/main.py", line 1, in <module>
    from db.database import create_books_table, create_tables
ModuleNotFoundError: No module named 'db'
[2024-10-28T08:40:27.658+0000] {processor.py:927} WARNING - No viable dags retrieved from /opt/airflow/dags/crawl_dag.py
[2024-10-28T08:40:27.676+0000] {processor.py:208} INFO - Processing /opt/airflow/dags/crawl_dag.py took 0.038 seconds
[2024-10-28T08:40:57.993+0000] {processor.py:186} INFO - Started process (PID=177) to work on /opt/airflow/dags/crawl_dag.py
[2024-10-28T08:40:57.994+0000] {processor.py:914} INFO - Processing file /opt/airflow/dags/crawl_dag.py for tasks to queue
[2024-10-28T08:40:57.998+0000] {logging_mixin.py:190} INFO - [2024-10-28T08:40:57.997+0000] {dagbag.py:588} INFO - Filling up the DagBag from /opt/airflow/dags/crawl_dag.py
[2024-10-28T08:40:58.003+0000] {logging_mixin.py:190} INFO - [2024-10-28T08:40:58.002+0000] {dagbag.py:387} ERROR - Failed to import: /opt/airflow/dags/crawl_dag.py
Traceback (most recent call last):
  File "/home/airflow/.local/lib/python3.12/site-packages/airflow/models/dagbag.py", line 383, in parse
    loader.exec_module(new_module)
  File "<frozen importlib._bootstrap_external>", line 995, in exec_module
  File "<frozen importlib._bootstrap>", line 488, in _call_with_frames_removed
  File "/opt/airflow/dags/crawl_dag.py", line 4, in <module>
    from crawl.main import main  # Import the main function
    ^^^^^^^^^^^^^^^^^^^^^^^^^^^
  File "/opt/airflow/dags/crawl/main.py", line 1, in <module>
    from db.database import create_books_table, create_tables
ModuleNotFoundError: No module named 'db'
[2024-10-28T08:40:58.004+0000] {processor.py:927} WARNING - No viable dags retrieved from /opt/airflow/dags/crawl_dag.py
[2024-10-28T08:40:58.022+0000] {processor.py:208} INFO - Processing /opt/airflow/dags/crawl_dag.py took 0.040 seconds
[2024-10-28T08:41:28.268+0000] {processor.py:186} INFO - Started process (PID=185) to work on /opt/airflow/dags/crawl_dag.py
[2024-10-28T08:41:28.269+0000] {processor.py:914} INFO - Processing file /opt/airflow/dags/crawl_dag.py for tasks to queue
[2024-10-28T08:41:28.271+0000] {logging_mixin.py:190} INFO - [2024-10-28T08:41:28.271+0000] {dagbag.py:588} INFO - Filling up the DagBag from /opt/airflow/dags/crawl_dag.py
[2024-10-28T08:41:28.274+0000] {logging_mixin.py:190} INFO - [2024-10-28T08:41:28.273+0000] {dagbag.py:387} ERROR - Failed to import: /opt/airflow/dags/crawl_dag.py
Traceback (most recent call last):
  File "/home/airflow/.local/lib/python3.12/site-packages/airflow/models/dagbag.py", line 383, in parse
    loader.exec_module(new_module)
  File "<frozen importlib._bootstrap_external>", line 995, in exec_module
  File "<frozen importlib._bootstrap>", line 488, in _call_with_frames_removed
  File "/opt/airflow/dags/crawl_dag.py", line 4, in <module>
    from crawl.main import main  # Import the main function
    ^^^^^^^^^^^^^^^^^^^^^^^^^^^
  File "/opt/airflow/dags/crawl/main.py", line 1, in <module>
    from db.database import create_books_table, create_tables
ModuleNotFoundError: No module named 'db'
[2024-10-28T08:41:28.274+0000] {processor.py:927} WARNING - No viable dags retrieved from /opt/airflow/dags/crawl_dag.py
[2024-10-28T08:41:28.289+0000] {processor.py:208} INFO - Processing /opt/airflow/dags/crawl_dag.py took 0.026 seconds
[2024-10-28T08:41:58.613+0000] {processor.py:186} INFO - Started process (PID=193) to work on /opt/airflow/dags/crawl_dag.py
[2024-10-28T08:41:58.614+0000] {processor.py:914} INFO - Processing file /opt/airflow/dags/crawl_dag.py for tasks to queue
[2024-10-28T08:41:58.616+0000] {logging_mixin.py:190} INFO - [2024-10-28T08:41:58.615+0000] {dagbag.py:588} INFO - Filling up the DagBag from /opt/airflow/dags/crawl_dag.py
[2024-10-28T08:41:58.619+0000] {logging_mixin.py:190} INFO - [2024-10-28T08:41:58.618+0000] {dagbag.py:387} ERROR - Failed to import: /opt/airflow/dags/crawl_dag.py
Traceback (most recent call last):
  File "/home/airflow/.local/lib/python3.12/site-packages/airflow/models/dagbag.py", line 383, in parse
    loader.exec_module(new_module)
  File "<frozen importlib._bootstrap_external>", line 995, in exec_module
  File "<frozen importlib._bootstrap>", line 488, in _call_with_frames_removed
  File "/opt/airflow/dags/crawl_dag.py", line 4, in <module>
    from crawl.main import main  # Import the main function
    ^^^^^^^^^^^^^^^^^^^^^^^^^^^
  File "/opt/airflow/dags/crawl/main.py", line 1, in <module>
    from db.database import create_books_table, create_tables
ModuleNotFoundError: No module named 'db'
[2024-10-28T08:41:58.619+0000] {processor.py:927} WARNING - No viable dags retrieved from /opt/airflow/dags/crawl_dag.py
[2024-10-28T08:41:58.635+0000] {processor.py:208} INFO - Processing /opt/airflow/dags/crawl_dag.py took 0.027 seconds
[2024-10-28T08:42:28.897+0000] {processor.py:186} INFO - Started process (PID=201) to work on /opt/airflow/dags/crawl_dag.py
[2024-10-28T08:42:28.897+0000] {processor.py:914} INFO - Processing file /opt/airflow/dags/crawl_dag.py for tasks to queue
[2024-10-28T08:42:28.899+0000] {logging_mixin.py:190} INFO - [2024-10-28T08:42:28.899+0000] {dagbag.py:588} INFO - Filling up the DagBag from /opt/airflow/dags/crawl_dag.py
[2024-10-28T08:42:28.902+0000] {logging_mixin.py:190} INFO - [2024-10-28T08:42:28.901+0000] {dagbag.py:387} ERROR - Failed to import: /opt/airflow/dags/crawl_dag.py
Traceback (most recent call last):
  File "/home/airflow/.local/lib/python3.12/site-packages/airflow/models/dagbag.py", line 383, in parse
    loader.exec_module(new_module)
  File "<frozen importlib._bootstrap_external>", line 995, in exec_module
  File "<frozen importlib._bootstrap>", line 488, in _call_with_frames_removed
  File "/opt/airflow/dags/crawl_dag.py", line 4, in <module>
    from crawl.main import main  # Import the main function
    ^^^^^^^^^^^^^^^^^^^^^^^^^^^
  File "/opt/airflow/dags/crawl/main.py", line 1, in <module>
    from db.database import create_books_table, create_tables
ModuleNotFoundError: No module named 'db'
[2024-10-28T08:42:28.903+0000] {processor.py:927} WARNING - No viable dags retrieved from /opt/airflow/dags/crawl_dag.py
[2024-10-28T08:42:28.917+0000] {processor.py:208} INFO - Processing /opt/airflow/dags/crawl_dag.py took 0.026 seconds
[2024-10-28T08:42:59.165+0000] {processor.py:186} INFO - Started process (PID=209) to work on /opt/airflow/dags/crawl_dag.py
[2024-10-28T08:42:59.165+0000] {processor.py:914} INFO - Processing file /opt/airflow/dags/crawl_dag.py for tasks to queue
[2024-10-28T08:42:59.167+0000] {logging_mixin.py:190} INFO - [2024-10-28T08:42:59.167+0000] {dagbag.py:588} INFO - Filling up the DagBag from /opt/airflow/dags/crawl_dag.py
[2024-10-28T08:42:59.170+0000] {logging_mixin.py:190} INFO - [2024-10-28T08:42:59.169+0000] {dagbag.py:387} ERROR - Failed to import: /opt/airflow/dags/crawl_dag.py
Traceback (most recent call last):
  File "/home/airflow/.local/lib/python3.12/site-packages/airflow/models/dagbag.py", line 383, in parse
    loader.exec_module(new_module)
  File "<frozen importlib._bootstrap_external>", line 995, in exec_module
  File "<frozen importlib._bootstrap>", line 488, in _call_with_frames_removed
  File "/opt/airflow/dags/crawl_dag.py", line 4, in <module>
    from crawl.main import main  # Import the main function
    ^^^^^^^^^^^^^^^^^^^^^^^^^^^
  File "/opt/airflow/dags/crawl/main.py", line 1, in <module>
    from db.database import create_books_table, create_tables
ModuleNotFoundError: No module named 'db'
[2024-10-28T08:42:59.171+0000] {processor.py:927} WARNING - No viable dags retrieved from /opt/airflow/dags/crawl_dag.py
[2024-10-28T08:42:59.186+0000] {processor.py:208} INFO - Processing /opt/airflow/dags/crawl_dag.py took 0.025 seconds
[2024-10-28T08:43:29.485+0000] {processor.py:186} INFO - Started process (PID=217) to work on /opt/airflow/dags/crawl_dag.py
[2024-10-28T08:43:29.486+0000] {processor.py:914} INFO - Processing file /opt/airflow/dags/crawl_dag.py for tasks to queue
[2024-10-28T08:43:29.488+0000] {logging_mixin.py:190} INFO - [2024-10-28T08:43:29.487+0000] {dagbag.py:588} INFO - Filling up the DagBag from /opt/airflow/dags/crawl_dag.py
[2024-10-28T08:43:29.491+0000] {logging_mixin.py:190} INFO - [2024-10-28T08:43:29.490+0000] {dagbag.py:387} ERROR - Failed to import: /opt/airflow/dags/crawl_dag.py
Traceback (most recent call last):
  File "/home/airflow/.local/lib/python3.12/site-packages/airflow/models/dagbag.py", line 383, in parse
    loader.exec_module(new_module)
  File "<frozen importlib._bootstrap_external>", line 995, in exec_module
  File "<frozen importlib._bootstrap>", line 488, in _call_with_frames_removed
  File "/opt/airflow/dags/crawl_dag.py", line 4, in <module>
    from crawl.main import main  # Import the main function
    ^^^^^^^^^^^^^^^^^^^^^^^^^^^
  File "/opt/airflow/dags/crawl/main.py", line 1, in <module>
    from db.database import create_books_table, create_tables
ModuleNotFoundError: No module named 'db'
[2024-10-28T08:43:29.491+0000] {processor.py:927} WARNING - No viable dags retrieved from /opt/airflow/dags/crawl_dag.py
[2024-10-28T08:43:29.505+0000] {processor.py:208} INFO - Processing /opt/airflow/dags/crawl_dag.py took 0.025 seconds
[2024-10-28T08:43:59.756+0000] {processor.py:186} INFO - Started process (PID=225) to work on /opt/airflow/dags/crawl_dag.py
[2024-10-28T08:43:59.757+0000] {processor.py:914} INFO - Processing file /opt/airflow/dags/crawl_dag.py for tasks to queue
[2024-10-28T08:43:59.759+0000] {logging_mixin.py:190} INFO - [2024-10-28T08:43:59.759+0000] {dagbag.py:588} INFO - Filling up the DagBag from /opt/airflow/dags/crawl_dag.py
[2024-10-28T08:43:59.763+0000] {logging_mixin.py:190} INFO - [2024-10-28T08:43:59.762+0000] {dagbag.py:387} ERROR - Failed to import: /opt/airflow/dags/crawl_dag.py
Traceback (most recent call last):
  File "/home/airflow/.local/lib/python3.12/site-packages/airflow/models/dagbag.py", line 383, in parse
    loader.exec_module(new_module)
  File "<frozen importlib._bootstrap_external>", line 995, in exec_module
  File "<frozen importlib._bootstrap>", line 488, in _call_with_frames_removed
  File "/opt/airflow/dags/crawl_dag.py", line 4, in <module>
    from crawl.main import main  # Import the main function
    ^^^^^^^^^^^^^^^^^^^^^^^^^^^
  File "/opt/airflow/dags/crawl/main.py", line 1, in <module>
    from db.database import create_books_table, create_tables
ModuleNotFoundError: No module named 'db'
[2024-10-28T08:43:59.763+0000] {processor.py:927} WARNING - No viable dags retrieved from /opt/airflow/dags/crawl_dag.py
[2024-10-28T08:43:59.779+0000] {processor.py:208} INFO - Processing /opt/airflow/dags/crawl_dag.py took 0.027 seconds
[2024-10-28T08:44:30.078+0000] {processor.py:186} INFO - Started process (PID=233) to work on /opt/airflow/dags/crawl_dag.py
[2024-10-28T08:44:30.079+0000] {processor.py:914} INFO - Processing file /opt/airflow/dags/crawl_dag.py for tasks to queue
[2024-10-28T08:44:30.081+0000] {logging_mixin.py:190} INFO - [2024-10-28T08:44:30.081+0000] {dagbag.py:588} INFO - Filling up the DagBag from /opt/airflow/dags/crawl_dag.py
[2024-10-28T08:44:30.084+0000] {logging_mixin.py:190} INFO - [2024-10-28T08:44:30.084+0000] {dagbag.py:387} ERROR - Failed to import: /opt/airflow/dags/crawl_dag.py
Traceback (most recent call last):
  File "/home/airflow/.local/lib/python3.12/site-packages/airflow/models/dagbag.py", line 383, in parse
    loader.exec_module(new_module)
  File "<frozen importlib._bootstrap_external>", line 995, in exec_module
  File "<frozen importlib._bootstrap>", line 488, in _call_with_frames_removed
  File "/opt/airflow/dags/crawl_dag.py", line 4, in <module>
    from crawl.main import main  # Import the main function
    ^^^^^^^^^^^^^^^^^^^^^^^^^^^
  File "/opt/airflow/dags/crawl/main.py", line 1, in <module>
    from db.database import create_books_table, create_tables
ModuleNotFoundError: No module named 'db'
[2024-10-28T08:44:30.085+0000] {processor.py:927} WARNING - No viable dags retrieved from /opt/airflow/dags/crawl_dag.py
[2024-10-28T08:44:30.100+0000] {processor.py:208} INFO - Processing /opt/airflow/dags/crawl_dag.py took 0.026 seconds
[2024-10-28T08:45:00.348+0000] {processor.py:186} INFO - Started process (PID=241) to work on /opt/airflow/dags/crawl_dag.py
[2024-10-28T08:45:00.348+0000] {processor.py:914} INFO - Processing file /opt/airflow/dags/crawl_dag.py for tasks to queue
[2024-10-28T08:45:00.350+0000] {logging_mixin.py:190} INFO - [2024-10-28T08:45:00.350+0000] {dagbag.py:588} INFO - Filling up the DagBag from /opt/airflow/dags/crawl_dag.py
[2024-10-28T08:45:00.353+0000] {logging_mixin.py:190} INFO - [2024-10-28T08:45:00.352+0000] {dagbag.py:387} ERROR - Failed to import: /opt/airflow/dags/crawl_dag.py
Traceback (most recent call last):
  File "/home/airflow/.local/lib/python3.12/site-packages/airflow/models/dagbag.py", line 383, in parse
    loader.exec_module(new_module)
  File "<frozen importlib._bootstrap_external>", line 995, in exec_module
  File "<frozen importlib._bootstrap>", line 488, in _call_with_frames_removed
  File "/opt/airflow/dags/crawl_dag.py", line 4, in <module>
    from crawl.main import main  # Import the main function
    ^^^^^^^^^^^^^^^^^^^^^^^^^^^
  File "/opt/airflow/dags/crawl/main.py", line 1, in <module>
    from db.database import create_books_table, create_tables
ModuleNotFoundError: No module named 'db'
[2024-10-28T08:45:00.353+0000] {processor.py:927} WARNING - No viable dags retrieved from /opt/airflow/dags/crawl_dag.py
[2024-10-28T08:45:00.367+0000] {processor.py:208} INFO - Processing /opt/airflow/dags/crawl_dag.py took 0.025 seconds
[2024-10-28T08:45:30.662+0000] {processor.py:186} INFO - Started process (PID=249) to work on /opt/airflow/dags/crawl_dag.py
[2024-10-28T08:45:30.663+0000] {processor.py:914} INFO - Processing file /opt/airflow/dags/crawl_dag.py for tasks to queue
[2024-10-28T08:45:30.664+0000] {logging_mixin.py:190} INFO - [2024-10-28T08:45:30.664+0000] {dagbag.py:588} INFO - Filling up the DagBag from /opt/airflow/dags/crawl_dag.py
[2024-10-28T08:45:30.667+0000] {logging_mixin.py:190} INFO - [2024-10-28T08:45:30.667+0000] {dagbag.py:387} ERROR - Failed to import: /opt/airflow/dags/crawl_dag.py
Traceback (most recent call last):
  File "/home/airflow/.local/lib/python3.12/site-packages/airflow/models/dagbag.py", line 383, in parse
    loader.exec_module(new_module)
  File "<frozen importlib._bootstrap_external>", line 995, in exec_module
  File "<frozen importlib._bootstrap>", line 488, in _call_with_frames_removed
  File "/opt/airflow/dags/crawl_dag.py", line 4, in <module>
    from crawl.main import main  # Import the main function
    ^^^^^^^^^^^^^^^^^^^^^^^^^^^
  File "/opt/airflow/dags/crawl/main.py", line 1, in <module>
    from db.database import create_books_table, create_tables
ModuleNotFoundError: No module named 'db'
[2024-10-28T08:45:30.668+0000] {processor.py:927} WARNING - No viable dags retrieved from /opt/airflow/dags/crawl_dag.py
[2024-10-28T08:45:30.682+0000] {processor.py:208} INFO - Processing /opt/airflow/dags/crawl_dag.py took 0.025 seconds
[2024-10-28T08:46:00.967+0000] {processor.py:186} INFO - Started process (PID=257) to work on /opt/airflow/dags/crawl_dag.py
[2024-10-28T08:46:00.968+0000] {processor.py:914} INFO - Processing file /opt/airflow/dags/crawl_dag.py for tasks to queue
[2024-10-28T08:46:00.969+0000] {logging_mixin.py:190} INFO - [2024-10-28T08:46:00.969+0000] {dagbag.py:588} INFO - Filling up the DagBag from /opt/airflow/dags/crawl_dag.py
[2024-10-28T08:46:00.972+0000] {logging_mixin.py:190} INFO - [2024-10-28T08:46:00.971+0000] {dagbag.py:387} ERROR - Failed to import: /opt/airflow/dags/crawl_dag.py
Traceback (most recent call last):
  File "/home/airflow/.local/lib/python3.12/site-packages/airflow/models/dagbag.py", line 383, in parse
    loader.exec_module(new_module)
  File "<frozen importlib._bootstrap_external>", line 995, in exec_module
  File "<frozen importlib._bootstrap>", line 488, in _call_with_frames_removed
  File "/opt/airflow/dags/crawl_dag.py", line 4, in <module>
    from crawl.main import main  # Import the main function
    ^^^^^^^^^^^^^^^^^^^^^^^^^^^
  File "/opt/airflow/dags/crawl/main.py", line 1, in <module>
    from db.database import create_books_table, create_tables
ModuleNotFoundError: No module named 'db'
[2024-10-28T08:46:00.973+0000] {processor.py:927} WARNING - No viable dags retrieved from /opt/airflow/dags/crawl_dag.py
[2024-10-28T08:46:00.988+0000] {processor.py:208} INFO - Processing /opt/airflow/dags/crawl_dag.py took 0.026 seconds
[2024-10-28T08:46:31.257+0000] {processor.py:186} INFO - Started process (PID=265) to work on /opt/airflow/dags/crawl_dag.py
[2024-10-28T08:46:31.258+0000] {processor.py:914} INFO - Processing file /opt/airflow/dags/crawl_dag.py for tasks to queue
[2024-10-28T08:46:31.259+0000] {logging_mixin.py:190} INFO - [2024-10-28T08:46:31.259+0000] {dagbag.py:588} INFO - Filling up the DagBag from /opt/airflow/dags/crawl_dag.py
[2024-10-28T08:46:31.262+0000] {logging_mixin.py:190} INFO - [2024-10-28T08:46:31.261+0000] {dagbag.py:387} ERROR - Failed to import: /opt/airflow/dags/crawl_dag.py
Traceback (most recent call last):
  File "/home/airflow/.local/lib/python3.12/site-packages/airflow/models/dagbag.py", line 383, in parse
    loader.exec_module(new_module)
  File "<frozen importlib._bootstrap_external>", line 995, in exec_module
  File "<frozen importlib._bootstrap>", line 488, in _call_with_frames_removed
  File "/opt/airflow/dags/crawl_dag.py", line 4, in <module>
    from crawl.main import main  # Import the main function
    ^^^^^^^^^^^^^^^^^^^^^^^^^^^
  File "/opt/airflow/dags/crawl/main.py", line 1, in <module>
    from db.database import create_books_table, create_tables
ModuleNotFoundError: No module named 'db'
[2024-10-28T08:46:31.263+0000] {processor.py:927} WARNING - No viable dags retrieved from /opt/airflow/dags/crawl_dag.py
[2024-10-28T08:46:31.278+0000] {processor.py:208} INFO - Processing /opt/airflow/dags/crawl_dag.py took 0.026 seconds
[2024-10-28T08:47:01.618+0000] {processor.py:186} INFO - Started process (PID=273) to work on /opt/airflow/dags/crawl_dag.py
[2024-10-28T08:47:01.620+0000] {processor.py:914} INFO - Processing file /opt/airflow/dags/crawl_dag.py for tasks to queue
[2024-10-28T08:47:01.625+0000] {logging_mixin.py:190} INFO - [2024-10-28T08:47:01.625+0000] {dagbag.py:588} INFO - Filling up the DagBag from /opt/airflow/dags/crawl_dag.py
[2024-10-28T08:47:01.632+0000] {logging_mixin.py:190} INFO - [2024-10-28T08:47:01.630+0000] {dagbag.py:387} ERROR - Failed to import: /opt/airflow/dags/crawl_dag.py
Traceback (most recent call last):
  File "/home/airflow/.local/lib/python3.12/site-packages/airflow/models/dagbag.py", line 383, in parse
    loader.exec_module(new_module)
  File "<frozen importlib._bootstrap_external>", line 995, in exec_module
  File "<frozen importlib._bootstrap>", line 488, in _call_with_frames_removed
  File "/opt/airflow/dags/crawl_dag.py", line 4, in <module>
    from crawl.main import main  # Import the main function
    ^^^^^^^^^^^^^^^^^^^^^^^^^^^
  File "/opt/airflow/dags/crawl/main.py", line 1, in <module>
    from db.database import create_books_table, create_tables
ModuleNotFoundError: No module named 'db'
[2024-10-28T08:47:01.633+0000] {processor.py:927} WARNING - No viable dags retrieved from /opt/airflow/dags/crawl_dag.py
[2024-10-28T08:47:01.652+0000] {processor.py:208} INFO - Processing /opt/airflow/dags/crawl_dag.py took 0.051 seconds
[2024-10-28T08:47:31.908+0000] {processor.py:186} INFO - Started process (PID=281) to work on /opt/airflow/dags/crawl_dag.py
[2024-10-28T08:47:31.908+0000] {processor.py:914} INFO - Processing file /opt/airflow/dags/crawl_dag.py for tasks to queue
[2024-10-28T08:47:31.911+0000] {logging_mixin.py:190} INFO - [2024-10-28T08:47:31.910+0000] {dagbag.py:588} INFO - Filling up the DagBag from /opt/airflow/dags/crawl_dag.py
[2024-10-28T08:47:31.914+0000] {logging_mixin.py:190} INFO - [2024-10-28T08:47:31.913+0000] {dagbag.py:387} ERROR - Failed to import: /opt/airflow/dags/crawl_dag.py
Traceback (most recent call last):
  File "/home/airflow/.local/lib/python3.12/site-packages/airflow/models/dagbag.py", line 383, in parse
    loader.exec_module(new_module)
  File "<frozen importlib._bootstrap_external>", line 995, in exec_module
  File "<frozen importlib._bootstrap>", line 488, in _call_with_frames_removed
  File "/opt/airflow/dags/crawl_dag.py", line 4, in <module>
    from crawl.main import main  # Import the main function
    ^^^^^^^^^^^^^^^^^^^^^^^^^^^
  File "/opt/airflow/dags/crawl/main.py", line 1, in <module>
    from db.database import create_books_table, create_tables
ModuleNotFoundError: No module named 'db'
[2024-10-28T08:47:31.914+0000] {processor.py:927} WARNING - No viable dags retrieved from /opt/airflow/dags/crawl_dag.py
[2024-10-28T08:47:31.928+0000] {processor.py:208} INFO - Processing /opt/airflow/dags/crawl_dag.py took 0.026 seconds
[2024-10-28T08:48:02.192+0000] {processor.py:186} INFO - Started process (PID=289) to work on /opt/airflow/dags/crawl_dag.py
[2024-10-28T08:48:02.192+0000] {processor.py:914} INFO - Processing file /opt/airflow/dags/crawl_dag.py for tasks to queue
[2024-10-28T08:48:02.194+0000] {logging_mixin.py:190} INFO - [2024-10-28T08:48:02.194+0000] {dagbag.py:588} INFO - Filling up the DagBag from /opt/airflow/dags/crawl_dag.py
[2024-10-28T08:48:02.197+0000] {logging_mixin.py:190} INFO - [2024-10-28T08:48:02.196+0000] {dagbag.py:387} ERROR - Failed to import: /opt/airflow/dags/crawl_dag.py
Traceback (most recent call last):
  File "/home/airflow/.local/lib/python3.12/site-packages/airflow/models/dagbag.py", line 383, in parse
    loader.exec_module(new_module)
  File "<frozen importlib._bootstrap_external>", line 995, in exec_module
  File "<frozen importlib._bootstrap>", line 488, in _call_with_frames_removed
  File "/opt/airflow/dags/crawl_dag.py", line 4, in <module>
    from crawl.main import main  # Import the main function
    ^^^^^^^^^^^^^^^^^^^^^^^^^^^
  File "/opt/airflow/dags/crawl/main.py", line 1, in <module>
    from db.database import create_books_table, create_tables
ModuleNotFoundError: No module named 'db'
[2024-10-28T08:48:02.197+0000] {processor.py:927} WARNING - No viable dags retrieved from /opt/airflow/dags/crawl_dag.py
[2024-10-28T08:48:02.213+0000] {processor.py:208} INFO - Processing /opt/airflow/dags/crawl_dag.py took 0.026 seconds
[2024-10-28T08:48:32.488+0000] {processor.py:186} INFO - Started process (PID=297) to work on /opt/airflow/dags/crawl_dag.py
[2024-10-28T08:48:32.489+0000] {processor.py:914} INFO - Processing file /opt/airflow/dags/crawl_dag.py for tasks to queue
[2024-10-28T08:48:32.491+0000] {logging_mixin.py:190} INFO - [2024-10-28T08:48:32.490+0000] {dagbag.py:588} INFO - Filling up the DagBag from /opt/airflow/dags/crawl_dag.py
[2024-10-28T08:48:32.494+0000] {logging_mixin.py:190} INFO - [2024-10-28T08:48:32.493+0000] {dagbag.py:387} ERROR - Failed to import: /opt/airflow/dags/crawl_dag.py
Traceback (most recent call last):
  File "/home/airflow/.local/lib/python3.12/site-packages/airflow/models/dagbag.py", line 383, in parse
    loader.exec_module(new_module)
  File "<frozen importlib._bootstrap_external>", line 995, in exec_module
  File "<frozen importlib._bootstrap>", line 488, in _call_with_frames_removed
  File "/opt/airflow/dags/crawl_dag.py", line 4, in <module>
    from crawl.main import main  # Import the main function
    ^^^^^^^^^^^^^^^^^^^^^^^^^^^
  File "/opt/airflow/dags/crawl/main.py", line 1, in <module>
    from db.database import create_books_table, create_tables
ModuleNotFoundError: No module named 'db'
[2024-10-28T08:48:32.494+0000] {processor.py:927} WARNING - No viable dags retrieved from /opt/airflow/dags/crawl_dag.py
[2024-10-28T08:48:32.509+0000] {processor.py:208} INFO - Processing /opt/airflow/dags/crawl_dag.py took 0.026 seconds
[2024-10-28T08:49:02.784+0000] {processor.py:186} INFO - Started process (PID=305) to work on /opt/airflow/dags/crawl_dag.py
[2024-10-28T08:49:02.785+0000] {processor.py:914} INFO - Processing file /opt/airflow/dags/crawl_dag.py for tasks to queue
[2024-10-28T08:49:02.787+0000] {logging_mixin.py:190} INFO - [2024-10-28T08:49:02.787+0000] {dagbag.py:588} INFO - Filling up the DagBag from /opt/airflow/dags/crawl_dag.py
[2024-10-28T08:49:02.790+0000] {logging_mixin.py:190} INFO - [2024-10-28T08:49:02.789+0000] {dagbag.py:387} ERROR - Failed to import: /opt/airflow/dags/crawl_dag.py
Traceback (most recent call last):
  File "/home/airflow/.local/lib/python3.12/site-packages/airflow/models/dagbag.py", line 383, in parse
    loader.exec_module(new_module)
  File "<frozen importlib._bootstrap_external>", line 995, in exec_module
  File "<frozen importlib._bootstrap>", line 488, in _call_with_frames_removed
  File "/opt/airflow/dags/crawl_dag.py", line 4, in <module>
    from crawl.main import main  # Import the main function
    ^^^^^^^^^^^^^^^^^^^^^^^^^^^
  File "/opt/airflow/dags/crawl/main.py", line 1, in <module>
    from db.database import create_books_table, create_tables
ModuleNotFoundError: No module named 'db'
[2024-10-28T08:49:02.790+0000] {processor.py:927} WARNING - No viable dags retrieved from /opt/airflow/dags/crawl_dag.py
[2024-10-28T08:49:02.805+0000] {processor.py:208} INFO - Processing /opt/airflow/dags/crawl_dag.py took 0.025 seconds
[2024-10-28T08:49:33.084+0000] {processor.py:186} INFO - Started process (PID=313) to work on /opt/airflow/dags/crawl_dag.py
[2024-10-28T08:49:33.084+0000] {processor.py:914} INFO - Processing file /opt/airflow/dags/crawl_dag.py for tasks to queue
[2024-10-28T08:49:33.086+0000] {logging_mixin.py:190} INFO - [2024-10-28T08:49:33.086+0000] {dagbag.py:588} INFO - Filling up the DagBag from /opt/airflow/dags/crawl_dag.py
[2024-10-28T08:49:33.089+0000] {logging_mixin.py:190} INFO - [2024-10-28T08:49:33.088+0000] {dagbag.py:387} ERROR - Failed to import: /opt/airflow/dags/crawl_dag.py
Traceback (most recent call last):
  File "/home/airflow/.local/lib/python3.12/site-packages/airflow/models/dagbag.py", line 383, in parse
    loader.exec_module(new_module)
  File "<frozen importlib._bootstrap_external>", line 995, in exec_module
  File "<frozen importlib._bootstrap>", line 488, in _call_with_frames_removed
  File "/opt/airflow/dags/crawl_dag.py", line 4, in <module>
    from crawl.main import main  # Import the main function
    ^^^^^^^^^^^^^^^^^^^^^^^^^^^
  File "/opt/airflow/dags/crawl/main.py", line 1, in <module>
    from db.database import create_books_table, create_tables
ModuleNotFoundError: No module named 'db'
[2024-10-28T08:49:33.090+0000] {processor.py:927} WARNING - No viable dags retrieved from /opt/airflow/dags/crawl_dag.py
[2024-10-28T08:49:33.104+0000] {processor.py:208} INFO - Processing /opt/airflow/dags/crawl_dag.py took 0.025 seconds
[2024-10-28T08:50:03.386+0000] {processor.py:186} INFO - Started process (PID=321) to work on /opt/airflow/dags/crawl_dag.py
[2024-10-28T08:50:03.387+0000] {processor.py:914} INFO - Processing file /opt/airflow/dags/crawl_dag.py for tasks to queue
[2024-10-28T08:50:03.389+0000] {logging_mixin.py:190} INFO - [2024-10-28T08:50:03.389+0000] {dagbag.py:588} INFO - Filling up the DagBag from /opt/airflow/dags/crawl_dag.py
[2024-10-28T08:50:03.392+0000] {logging_mixin.py:190} INFO - [2024-10-28T08:50:03.391+0000] {dagbag.py:387} ERROR - Failed to import: /opt/airflow/dags/crawl_dag.py
Traceback (most recent call last):
  File "/home/airflow/.local/lib/python3.12/site-packages/airflow/models/dagbag.py", line 383, in parse
    loader.exec_module(new_module)
  File "<frozen importlib._bootstrap_external>", line 995, in exec_module
  File "<frozen importlib._bootstrap>", line 488, in _call_with_frames_removed
  File "/opt/airflow/dags/crawl_dag.py", line 4, in <module>
    from crawl.main import main  # Import the main function
    ^^^^^^^^^^^^^^^^^^^^^^^^^^^
  File "/opt/airflow/dags/crawl/main.py", line 1, in <module>
    from db.database import create_books_table, create_tables
ModuleNotFoundError: No module named 'db'
[2024-10-28T08:50:03.392+0000] {processor.py:927} WARNING - No viable dags retrieved from /opt/airflow/dags/crawl_dag.py
[2024-10-28T08:50:03.406+0000] {processor.py:208} INFO - Processing /opt/airflow/dags/crawl_dag.py took 0.025 seconds
[2024-10-28T08:50:33.697+0000] {processor.py:186} INFO - Started process (PID=329) to work on /opt/airflow/dags/crawl_dag.py
[2024-10-28T08:50:33.697+0000] {processor.py:914} INFO - Processing file /opt/airflow/dags/crawl_dag.py for tasks to queue
[2024-10-28T08:50:33.699+0000] {logging_mixin.py:190} INFO - [2024-10-28T08:50:33.699+0000] {dagbag.py:588} INFO - Filling up the DagBag from /opt/airflow/dags/crawl_dag.py
[2024-10-28T08:50:33.702+0000] {logging_mixin.py:190} INFO - [2024-10-28T08:50:33.702+0000] {dagbag.py:387} ERROR - Failed to import: /opt/airflow/dags/crawl_dag.py
Traceback (most recent call last):
  File "/home/airflow/.local/lib/python3.12/site-packages/airflow/models/dagbag.py", line 383, in parse
    loader.exec_module(new_module)
  File "<frozen importlib._bootstrap_external>", line 995, in exec_module
  File "<frozen importlib._bootstrap>", line 488, in _call_with_frames_removed
  File "/opt/airflow/dags/crawl_dag.py", line 4, in <module>
    from crawl.main import main  # Import the main function
    ^^^^^^^^^^^^^^^^^^^^^^^^^^^
  File "/opt/airflow/dags/crawl/main.py", line 1, in <module>
    from db.database import create_books_table, create_tables
ModuleNotFoundError: No module named 'db'
[2024-10-28T08:50:33.703+0000] {processor.py:927} WARNING - No viable dags retrieved from /opt/airflow/dags/crawl_dag.py
[2024-10-28T08:50:33.717+0000] {processor.py:208} INFO - Processing /opt/airflow/dags/crawl_dag.py took 0.025 seconds
[2024-10-28T08:51:04.007+0000] {processor.py:186} INFO - Started process (PID=337) to work on /opt/airflow/dags/crawl_dag.py
[2024-10-28T08:51:04.008+0000] {processor.py:914} INFO - Processing file /opt/airflow/dags/crawl_dag.py for tasks to queue
[2024-10-28T08:51:04.010+0000] {logging_mixin.py:190} INFO - [2024-10-28T08:51:04.009+0000] {dagbag.py:588} INFO - Filling up the DagBag from /opt/airflow/dags/crawl_dag.py
[2024-10-28T08:51:04.013+0000] {logging_mixin.py:190} INFO - [2024-10-28T08:51:04.012+0000] {dagbag.py:387} ERROR - Failed to import: /opt/airflow/dags/crawl_dag.py
Traceback (most recent call last):
  File "/home/airflow/.local/lib/python3.12/site-packages/airflow/models/dagbag.py", line 383, in parse
    loader.exec_module(new_module)
  File "<frozen importlib._bootstrap_external>", line 995, in exec_module
  File "<frozen importlib._bootstrap>", line 488, in _call_with_frames_removed
  File "/opt/airflow/dags/crawl_dag.py", line 4, in <module>
    from crawl.main import main  # Import the main function
    ^^^^^^^^^^^^^^^^^^^^^^^^^^^
  File "/opt/airflow/dags/crawl/main.py", line 1, in <module>
    from db.database import create_books_table, create_tables
ModuleNotFoundError: No module named 'db'
[2024-10-28T08:51:04.013+0000] {processor.py:927} WARNING - No viable dags retrieved from /opt/airflow/dags/crawl_dag.py
[2024-10-28T08:51:04.028+0000] {processor.py:208} INFO - Processing /opt/airflow/dags/crawl_dag.py took 0.026 seconds
[2024-10-28T08:51:34.325+0000] {processor.py:186} INFO - Started process (PID=345) to work on /opt/airflow/dags/crawl_dag.py
[2024-10-28T08:51:34.326+0000] {processor.py:914} INFO - Processing file /opt/airflow/dags/crawl_dag.py for tasks to queue
[2024-10-28T08:51:34.327+0000] {logging_mixin.py:190} INFO - [2024-10-28T08:51:34.327+0000] {dagbag.py:588} INFO - Filling up the DagBag from /opt/airflow/dags/crawl_dag.py
[2024-10-28T08:51:34.330+0000] {logging_mixin.py:190} INFO - [2024-10-28T08:51:34.329+0000] {dagbag.py:387} ERROR - Failed to import: /opt/airflow/dags/crawl_dag.py
Traceback (most recent call last):
  File "/home/airflow/.local/lib/python3.12/site-packages/airflow/models/dagbag.py", line 383, in parse
    loader.exec_module(new_module)
  File "<frozen importlib._bootstrap_external>", line 995, in exec_module
  File "<frozen importlib._bootstrap>", line 488, in _call_with_frames_removed
  File "/opt/airflow/dags/crawl_dag.py", line 4, in <module>
    from crawl.main import main  # Import the main function
    ^^^^^^^^^^^^^^^^^^^^^^^^^^^
  File "/opt/airflow/dags/crawl/main.py", line 1, in <module>
    from db.database import create_books_table, create_tables
ModuleNotFoundError: No module named 'db'
[2024-10-28T08:51:34.331+0000] {processor.py:927} WARNING - No viable dags retrieved from /opt/airflow/dags/crawl_dag.py
[2024-10-28T08:51:34.345+0000] {processor.py:208} INFO - Processing /opt/airflow/dags/crawl_dag.py took 0.025 seconds
[2024-10-28T08:52:04.591+0000] {processor.py:186} INFO - Started process (PID=359) to work on /opt/airflow/dags/crawl_dag.py
[2024-10-28T08:52:04.592+0000] {processor.py:914} INFO - Processing file /opt/airflow/dags/crawl_dag.py for tasks to queue
[2024-10-28T08:52:04.593+0000] {logging_mixin.py:190} INFO - [2024-10-28T08:52:04.593+0000] {dagbag.py:588} INFO - Filling up the DagBag from /opt/airflow/dags/crawl_dag.py
[2024-10-28T08:52:04.598+0000] {logging_mixin.py:190} INFO - [2024-10-28T08:52:04.597+0000] {dagbag.py:387} ERROR - Failed to import: /opt/airflow/dags/crawl_dag.py
Traceback (most recent call last):
  File "/home/airflow/.local/lib/python3.12/site-packages/airflow/models/dagbag.py", line 383, in parse
    loader.exec_module(new_module)
  File "<frozen importlib._bootstrap_external>", line 995, in exec_module
  File "<frozen importlib._bootstrap>", line 488, in _call_with_frames_removed
  File "/opt/airflow/dags/crawl_dag.py", line 4, in <module>
    from crawl.main import main  # Import the main function
    ^^^^^^^^^^^^^^^^^^^^^^^^^^^
  File "/opt/airflow/dags/crawl/main.py", line 1, in <module>
    from db.database import create_books_table, create_tables
ModuleNotFoundError: No module named 'db'
[2024-10-28T08:52:04.599+0000] {processor.py:927} WARNING - No viable dags retrieved from /opt/airflow/dags/crawl_dag.py
[2024-10-28T08:52:04.615+0000] {processor.py:208} INFO - Processing /opt/airflow/dags/crawl_dag.py took 0.031 seconds
[2024-10-28T08:52:34.918+0000] {processor.py:186} INFO - Started process (PID=367) to work on /opt/airflow/dags/crawl_dag.py
[2024-10-28T08:52:34.919+0000] {processor.py:914} INFO - Processing file /opt/airflow/dags/crawl_dag.py for tasks to queue
[2024-10-28T08:52:34.923+0000] {logging_mixin.py:190} INFO - [2024-10-28T08:52:34.922+0000] {dagbag.py:588} INFO - Filling up the DagBag from /opt/airflow/dags/crawl_dag.py
[2024-10-28T08:52:34.930+0000] {logging_mixin.py:190} INFO - [2024-10-28T08:52:34.929+0000] {dagbag.py:387} ERROR - Failed to import: /opt/airflow/dags/crawl_dag.py
Traceback (most recent call last):
  File "/home/airflow/.local/lib/python3.12/site-packages/airflow/models/dagbag.py", line 383, in parse
    loader.exec_module(new_module)
  File "<frozen importlib._bootstrap_external>", line 995, in exec_module
  File "<frozen importlib._bootstrap>", line 488, in _call_with_frames_removed
  File "/opt/airflow/dags/crawl_dag.py", line 4, in <module>
    from crawl.main import main  # Import the main function
    ^^^^^^^^^^^^^^^^^^^^^^^^^^^
  File "/opt/airflow/dags/crawl/main.py", line 1, in <module>
    from db.database import create_books_table, create_tables
ModuleNotFoundError: No module named 'db'
[2024-10-28T08:52:34.931+0000] {processor.py:927} WARNING - No viable dags retrieved from /opt/airflow/dags/crawl_dag.py
[2024-10-28T08:52:34.952+0000] {processor.py:208} INFO - Processing /opt/airflow/dags/crawl_dag.py took 0.048 seconds
[2024-10-28T08:53:05.147+0000] {processor.py:186} INFO - Started process (PID=375) to work on /opt/airflow/dags/crawl_dag.py
[2024-10-28T08:53:05.148+0000] {processor.py:914} INFO - Processing file /opt/airflow/dags/crawl_dag.py for tasks to queue
[2024-10-28T08:53:05.150+0000] {logging_mixin.py:190} INFO - [2024-10-28T08:53:05.150+0000] {dagbag.py:588} INFO - Filling up the DagBag from /opt/airflow/dags/crawl_dag.py
[2024-10-28T08:53:05.153+0000] {logging_mixin.py:190} INFO - [2024-10-28T08:53:05.152+0000] {dagbag.py:387} ERROR - Failed to import: /opt/airflow/dags/crawl_dag.py
Traceback (most recent call last):
  File "/home/airflow/.local/lib/python3.12/site-packages/airflow/models/dagbag.py", line 383, in parse
    loader.exec_module(new_module)
  File "<frozen importlib._bootstrap_external>", line 995, in exec_module
  File "<frozen importlib._bootstrap>", line 488, in _call_with_frames_removed
  File "/opt/airflow/dags/crawl_dag.py", line 4, in <module>
    from crawl.main import main  # Import the main function
    ^^^^^^^^^^^^^^^^^^^^^^^^^^^
  File "/opt/airflow/dags/crawl/main.py", line 1, in <module>
    from db.database import create_books_table, create_tables
ModuleNotFoundError: No module named 'db'
[2024-10-28T08:53:05.153+0000] {processor.py:927} WARNING - No viable dags retrieved from /opt/airflow/dags/crawl_dag.py
[2024-10-28T08:53:05.168+0000] {processor.py:208} INFO - Processing /opt/airflow/dags/crawl_dag.py took 0.026 seconds
[2024-10-28T08:53:35.452+0000] {processor.py:186} INFO - Started process (PID=383) to work on /opt/airflow/dags/crawl_dag.py
[2024-10-28T08:53:35.453+0000] {processor.py:914} INFO - Processing file /opt/airflow/dags/crawl_dag.py for tasks to queue
[2024-10-28T08:53:35.455+0000] {logging_mixin.py:190} INFO - [2024-10-28T08:53:35.455+0000] {dagbag.py:588} INFO - Filling up the DagBag from /opt/airflow/dags/crawl_dag.py
[2024-10-28T08:53:35.458+0000] {logging_mixin.py:190} INFO - [2024-10-28T08:53:35.457+0000] {dagbag.py:387} ERROR - Failed to import: /opt/airflow/dags/crawl_dag.py
Traceback (most recent call last):
  File "/home/airflow/.local/lib/python3.12/site-packages/airflow/models/dagbag.py", line 383, in parse
    loader.exec_module(new_module)
  File "<frozen importlib._bootstrap_external>", line 995, in exec_module
  File "<frozen importlib._bootstrap>", line 488, in _call_with_frames_removed
  File "/opt/airflow/dags/crawl_dag.py", line 4, in <module>
    from crawl.main import main  # Import the main function
    ^^^^^^^^^^^^^^^^^^^^^^^^^^^
  File "/opt/airflow/dags/crawl/main.py", line 1, in <module>
    from db.database import create_books_table, create_tables
ModuleNotFoundError: No module named 'db'
[2024-10-28T08:53:35.459+0000] {processor.py:927} WARNING - No viable dags retrieved from /opt/airflow/dags/crawl_dag.py
[2024-10-28T08:53:35.472+0000] {processor.py:208} INFO - Processing /opt/airflow/dags/crawl_dag.py took 0.025 seconds
[2024-10-28T08:54:05.760+0000] {processor.py:186} INFO - Started process (PID=391) to work on /opt/airflow/dags/crawl_dag.py
[2024-10-28T08:54:05.760+0000] {processor.py:914} INFO - Processing file /opt/airflow/dags/crawl_dag.py for tasks to queue
[2024-10-28T08:54:05.762+0000] {logging_mixin.py:190} INFO - [2024-10-28T08:54:05.762+0000] {dagbag.py:588} INFO - Filling up the DagBag from /opt/airflow/dags/crawl_dag.py
[2024-10-28T08:54:05.765+0000] {logging_mixin.py:190} INFO - [2024-10-28T08:54:05.764+0000] {dagbag.py:387} ERROR - Failed to import: /opt/airflow/dags/crawl_dag.py
Traceback (most recent call last):
  File "/home/airflow/.local/lib/python3.12/site-packages/airflow/models/dagbag.py", line 383, in parse
    loader.exec_module(new_module)
  File "<frozen importlib._bootstrap_external>", line 995, in exec_module
  File "<frozen importlib._bootstrap>", line 488, in _call_with_frames_removed
  File "/opt/airflow/dags/crawl_dag.py", line 4, in <module>
    from crawl.main import main  # Import the main function
    ^^^^^^^^^^^^^^^^^^^^^^^^^^^
  File "/opt/airflow/dags/crawl/main.py", line 1, in <module>
    from db.database import create_books_table, create_tables
ModuleNotFoundError: No module named 'db'
[2024-10-28T08:54:05.766+0000] {processor.py:927} WARNING - No viable dags retrieved from /opt/airflow/dags/crawl_dag.py
[2024-10-28T08:54:05.781+0000] {processor.py:208} INFO - Processing /opt/airflow/dags/crawl_dag.py took 0.027 seconds
[2024-10-28T08:54:36.054+0000] {processor.py:186} INFO - Started process (PID=399) to work on /opt/airflow/dags/crawl_dag.py
[2024-10-28T08:54:36.055+0000] {processor.py:914} INFO - Processing file /opt/airflow/dags/crawl_dag.py for tasks to queue
[2024-10-28T08:54:36.057+0000] {logging_mixin.py:190} INFO - [2024-10-28T08:54:36.057+0000] {dagbag.py:588} INFO - Filling up the DagBag from /opt/airflow/dags/crawl_dag.py
[2024-10-28T08:54:36.060+0000] {logging_mixin.py:190} INFO - [2024-10-28T08:54:36.059+0000] {dagbag.py:387} ERROR - Failed to import: /opt/airflow/dags/crawl_dag.py
Traceback (most recent call last):
  File "/home/airflow/.local/lib/python3.12/site-packages/airflow/models/dagbag.py", line 383, in parse
    loader.exec_module(new_module)
  File "<frozen importlib._bootstrap_external>", line 995, in exec_module
  File "<frozen importlib._bootstrap>", line 488, in _call_with_frames_removed
  File "/opt/airflow/dags/crawl_dag.py", line 4, in <module>
    from crawl.main import main  # Import the main function
    ^^^^^^^^^^^^^^^^^^^^^^^^^^^
  File "/opt/airflow/dags/crawl/main.py", line 1, in <module>
    from db.database import create_books_table, create_tables
ModuleNotFoundError: No module named 'db'
[2024-10-28T08:54:36.060+0000] {processor.py:927} WARNING - No viable dags retrieved from /opt/airflow/dags/crawl_dag.py
[2024-10-28T08:54:36.075+0000] {processor.py:208} INFO - Processing /opt/airflow/dags/crawl_dag.py took 0.026 seconds
[2024-10-28T08:55:06.376+0000] {processor.py:186} INFO - Started process (PID=407) to work on /opt/airflow/dags/crawl_dag.py
[2024-10-28T08:55:06.377+0000] {processor.py:914} INFO - Processing file /opt/airflow/dags/crawl_dag.py for tasks to queue
[2024-10-28T08:55:06.378+0000] {logging_mixin.py:190} INFO - [2024-10-28T08:55:06.378+0000] {dagbag.py:588} INFO - Filling up the DagBag from /opt/airflow/dags/crawl_dag.py
[2024-10-28T08:55:06.381+0000] {logging_mixin.py:190} INFO - [2024-10-28T08:55:06.380+0000] {dagbag.py:387} ERROR - Failed to import: /opt/airflow/dags/crawl_dag.py
Traceback (most recent call last):
  File "/home/airflow/.local/lib/python3.12/site-packages/airflow/models/dagbag.py", line 383, in parse
    loader.exec_module(new_module)
  File "<frozen importlib._bootstrap_external>", line 995, in exec_module
  File "<frozen importlib._bootstrap>", line 488, in _call_with_frames_removed
  File "/opt/airflow/dags/crawl_dag.py", line 4, in <module>
    from crawl.main import main  # Import the main function
    ^^^^^^^^^^^^^^^^^^^^^^^^^^^
  File "/opt/airflow/dags/crawl/main.py", line 1, in <module>
    from db.database import create_books_table, create_tables
ModuleNotFoundError: No module named 'db'
[2024-10-28T08:55:06.382+0000] {processor.py:927} WARNING - No viable dags retrieved from /opt/airflow/dags/crawl_dag.py
[2024-10-28T08:55:06.396+0000] {processor.py:208} INFO - Processing /opt/airflow/dags/crawl_dag.py took 0.026 seconds
[2024-10-28T08:55:36.706+0000] {processor.py:186} INFO - Started process (PID=415) to work on /opt/airflow/dags/crawl_dag.py
[2024-10-28T08:55:36.707+0000] {processor.py:914} INFO - Processing file /opt/airflow/dags/crawl_dag.py for tasks to queue
[2024-10-28T08:55:36.709+0000] {logging_mixin.py:190} INFO - [2024-10-28T08:55:36.708+0000] {dagbag.py:588} INFO - Filling up the DagBag from /opt/airflow/dags/crawl_dag.py
[2024-10-28T08:55:36.712+0000] {logging_mixin.py:190} INFO - [2024-10-28T08:55:36.711+0000] {dagbag.py:387} ERROR - Failed to import: /opt/airflow/dags/crawl_dag.py
Traceback (most recent call last):
  File "/home/airflow/.local/lib/python3.12/site-packages/airflow/models/dagbag.py", line 383, in parse
    loader.exec_module(new_module)
  File "<frozen importlib._bootstrap_external>", line 995, in exec_module
  File "<frozen importlib._bootstrap>", line 488, in _call_with_frames_removed
  File "/opt/airflow/dags/crawl_dag.py", line 4, in <module>
    from crawl.main import main  # Import the main function
    ^^^^^^^^^^^^^^^^^^^^^^^^^^^
  File "/opt/airflow/dags/crawl/main.py", line 1, in <module>
    from db.database import create_books_table, create_tables
ModuleNotFoundError: No module named 'db'
[2024-10-28T08:55:36.712+0000] {processor.py:927} WARNING - No viable dags retrieved from /opt/airflow/dags/crawl_dag.py
[2024-10-28T08:55:36.726+0000] {processor.py:208} INFO - Processing /opt/airflow/dags/crawl_dag.py took 0.025 seconds
[2024-10-28T08:56:07.029+0000] {processor.py:186} INFO - Started process (PID=423) to work on /opt/airflow/dags/crawl_dag.py
[2024-10-28T08:56:07.030+0000] {processor.py:914} INFO - Processing file /opt/airflow/dags/crawl_dag.py for tasks to queue
[2024-10-28T08:56:07.032+0000] {logging_mixin.py:190} INFO - [2024-10-28T08:56:07.032+0000] {dagbag.py:588} INFO - Filling up the DagBag from /opt/airflow/dags/crawl_dag.py
[2024-10-28T08:56:07.035+0000] {logging_mixin.py:190} INFO - [2024-10-28T08:56:07.034+0000] {dagbag.py:387} ERROR - Failed to import: /opt/airflow/dags/crawl_dag.py
Traceback (most recent call last):
  File "/home/airflow/.local/lib/python3.12/site-packages/airflow/models/dagbag.py", line 383, in parse
    loader.exec_module(new_module)
  File "<frozen importlib._bootstrap_external>", line 995, in exec_module
  File "<frozen importlib._bootstrap>", line 488, in _call_with_frames_removed
  File "/opt/airflow/dags/crawl_dag.py", line 4, in <module>
    from crawl.main import main  # Import the main function
    ^^^^^^^^^^^^^^^^^^^^^^^^^^^
  File "/opt/airflow/dags/crawl/main.py", line 1, in <module>
    from db.database import create_books_table, create_tables
ModuleNotFoundError: No module named 'db'
[2024-10-28T08:56:07.035+0000] {processor.py:927} WARNING - No viable dags retrieved from /opt/airflow/dags/crawl_dag.py
[2024-10-28T08:56:07.050+0000] {processor.py:208} INFO - Processing /opt/airflow/dags/crawl_dag.py took 0.026 seconds
[2024-10-28T09:03:53.284+0000] {processor.py:186} INFO - Started process (PID=425) to work on /opt/airflow/dags/crawl_dag.py
[2024-10-28T09:03:53.285+0000] {processor.py:914} INFO - Processing file /opt/airflow/dags/crawl_dag.py for tasks to queue
[2024-10-28T09:03:53.288+0000] {logging_mixin.py:190} INFO - [2024-10-28T09:03:53.287+0000] {dagbag.py:588} INFO - Filling up the DagBag from /opt/airflow/dags/crawl_dag.py
[2024-10-28T09:03:53.293+0000] {logging_mixin.py:190} INFO - [2024-10-28T09:03:53.292+0000] {dagbag.py:387} ERROR - Failed to import: /opt/airflow/dags/crawl_dag.py
Traceback (most recent call last):
  File "/home/airflow/.local/lib/python3.12/site-packages/airflow/models/dagbag.py", line 383, in parse
    loader.exec_module(new_module)
  File "<frozen importlib._bootstrap_external>", line 995, in exec_module
  File "<frozen importlib._bootstrap>", line 488, in _call_with_frames_removed
  File "/opt/airflow/dags/crawl_dag.py", line 4, in <module>
    from crawl.main import main  # Import the main function
    ^^^^^^^^^^^^^^^^^^^^^^^^^^^
  File "/opt/airflow/dags/crawl/main.py", line 1, in <module>
    from db.database import create_books_table, create_tables
ModuleNotFoundError: No module named 'db'
[2024-10-28T09:03:53.294+0000] {processor.py:927} WARNING - No viable dags retrieved from /opt/airflow/dags/crawl_dag.py
[2024-10-28T09:03:53.313+0000] {processor.py:208} INFO - Processing /opt/airflow/dags/crawl_dag.py took 0.038 seconds
[2024-10-28T09:04:23.553+0000] {processor.py:186} INFO - Started process (PID=433) to work on /opt/airflow/dags/crawl_dag.py
[2024-10-28T09:04:23.554+0000] {processor.py:914} INFO - Processing file /opt/airflow/dags/crawl_dag.py for tasks to queue
[2024-10-28T09:04:23.557+0000] {logging_mixin.py:190} INFO - [2024-10-28T09:04:23.556+0000] {dagbag.py:588} INFO - Filling up the DagBag from /opt/airflow/dags/crawl_dag.py
[2024-10-28T09:04:23.564+0000] {logging_mixin.py:190} INFO - [2024-10-28T09:04:23.561+0000] {dagbag.py:387} ERROR - Failed to import: /opt/airflow/dags/crawl_dag.py
Traceback (most recent call last):
  File "/home/airflow/.local/lib/python3.12/site-packages/airflow/models/dagbag.py", line 383, in parse
    loader.exec_module(new_module)
  File "<frozen importlib._bootstrap_external>", line 995, in exec_module
  File "<frozen importlib._bootstrap>", line 488, in _call_with_frames_removed
  File "/opt/airflow/dags/crawl_dag.py", line 4, in <module>
    from crawl.main import main  # Import the main function
    ^^^^^^^^^^^^^^^^^^^^^^^^^^^
  File "/opt/airflow/dags/crawl/main.py", line 1, in <module>
    from db.database import create_books_table, create_tables
ModuleNotFoundError: No module named 'db'
[2024-10-28T09:04:23.564+0000] {processor.py:927} WARNING - No viable dags retrieved from /opt/airflow/dags/crawl_dag.py
[2024-10-28T09:04:23.583+0000] {processor.py:208} INFO - Processing /opt/airflow/dags/crawl_dag.py took 0.044 seconds
[2024-10-28T09:04:53.879+0000] {processor.py:186} INFO - Started process (PID=441) to work on /opt/airflow/dags/crawl_dag.py
[2024-10-28T09:04:53.880+0000] {processor.py:914} INFO - Processing file /opt/airflow/dags/crawl_dag.py for tasks to queue
[2024-10-28T09:04:53.884+0000] {logging_mixin.py:190} INFO - [2024-10-28T09:04:53.883+0000] {dagbag.py:588} INFO - Filling up the DagBag from /opt/airflow/dags/crawl_dag.py
[2024-10-28T09:04:53.889+0000] {logging_mixin.py:190} INFO - [2024-10-28T09:04:53.888+0000] {dagbag.py:387} ERROR - Failed to import: /opt/airflow/dags/crawl_dag.py
Traceback (most recent call last):
  File "/home/airflow/.local/lib/python3.12/site-packages/airflow/models/dagbag.py", line 383, in parse
    loader.exec_module(new_module)
  File "<frozen importlib._bootstrap_external>", line 995, in exec_module
  File "<frozen importlib._bootstrap>", line 488, in _call_with_frames_removed
  File "/opt/airflow/dags/crawl_dag.py", line 4, in <module>
    from crawl.main import main  # Import the main function
    ^^^^^^^^^^^^^^^^^^^^^^^^^^^
  File "/opt/airflow/dags/crawl/main.py", line 1, in <module>
    from db.database import create_books_table, create_tables
ModuleNotFoundError: No module named 'db'
[2024-10-28T09:04:53.890+0000] {processor.py:927} WARNING - No viable dags retrieved from /opt/airflow/dags/crawl_dag.py
[2024-10-28T09:04:53.909+0000] {processor.py:208} INFO - Processing /opt/airflow/dags/crawl_dag.py took 0.043 seconds
[2024-10-28T09:05:24.211+0000] {processor.py:186} INFO - Started process (PID=449) to work on /opt/airflow/dags/crawl_dag.py
[2024-10-28T09:05:24.212+0000] {processor.py:914} INFO - Processing file /opt/airflow/dags/crawl_dag.py for tasks to queue
[2024-10-28T09:05:24.216+0000] {logging_mixin.py:190} INFO - [2024-10-28T09:05:24.216+0000] {dagbag.py:588} INFO - Filling up the DagBag from /opt/airflow/dags/crawl_dag.py
[2024-10-28T09:05:24.221+0000] {logging_mixin.py:190} INFO - [2024-10-28T09:05:24.220+0000] {dagbag.py:387} ERROR - Failed to import: /opt/airflow/dags/crawl_dag.py
Traceback (most recent call last):
  File "/home/airflow/.local/lib/python3.12/site-packages/airflow/models/dagbag.py", line 383, in parse
    loader.exec_module(new_module)
  File "<frozen importlib._bootstrap_external>", line 995, in exec_module
  File "<frozen importlib._bootstrap>", line 488, in _call_with_frames_removed
  File "/opt/airflow/dags/crawl_dag.py", line 4, in <module>
    from crawl.main import main  # Import the main function
    ^^^^^^^^^^^^^^^^^^^^^^^^^^^
  File "/opt/airflow/dags/crawl/main.py", line 1, in <module>
    from db.database import create_books_table, create_tables
ModuleNotFoundError: No module named 'db'
[2024-10-28T09:05:24.222+0000] {processor.py:927} WARNING - No viable dags retrieved from /opt/airflow/dags/crawl_dag.py
[2024-10-28T09:05:24.240+0000] {processor.py:208} INFO - Processing /opt/airflow/dags/crawl_dag.py took 0.041 seconds
[2024-10-28T09:05:54.517+0000] {processor.py:186} INFO - Started process (PID=457) to work on /opt/airflow/dags/crawl_dag.py
[2024-10-28T09:05:54.518+0000] {processor.py:914} INFO - Processing file /opt/airflow/dags/crawl_dag.py for tasks to queue
[2024-10-28T09:05:54.520+0000] {logging_mixin.py:190} INFO - [2024-10-28T09:05:54.520+0000] {dagbag.py:588} INFO - Filling up the DagBag from /opt/airflow/dags/crawl_dag.py
[2024-10-28T09:05:54.524+0000] {logging_mixin.py:190} INFO - [2024-10-28T09:05:54.523+0000] {dagbag.py:387} ERROR - Failed to import: /opt/airflow/dags/crawl_dag.py
Traceback (most recent call last):
  File "/home/airflow/.local/lib/python3.12/site-packages/airflow/models/dagbag.py", line 383, in parse
    loader.exec_module(new_module)
  File "<frozen importlib._bootstrap_external>", line 995, in exec_module
  File "<frozen importlib._bootstrap>", line 488, in _call_with_frames_removed
  File "/opt/airflow/dags/crawl_dag.py", line 4, in <module>
    from crawl.main import main  # Import the main function
    ^^^^^^^^^^^^^^^^^^^^^^^^^^^
  File "/opt/airflow/dags/crawl/main.py", line 1, in <module>
    from db.database import create_books_table, create_tables
ModuleNotFoundError: No module named 'db'
[2024-10-28T09:05:54.525+0000] {processor.py:927} WARNING - No viable dags retrieved from /opt/airflow/dags/crawl_dag.py
[2024-10-28T09:05:54.542+0000] {processor.py:208} INFO - Processing /opt/airflow/dags/crawl_dag.py took 0.030 seconds
[2024-10-28T09:06:24.799+0000] {processor.py:186} INFO - Started process (PID=465) to work on /opt/airflow/dags/crawl_dag.py
[2024-10-28T09:06:24.800+0000] {processor.py:914} INFO - Processing file /opt/airflow/dags/crawl_dag.py for tasks to queue
[2024-10-28T09:06:24.802+0000] {logging_mixin.py:190} INFO - [2024-10-28T09:06:24.802+0000] {dagbag.py:588} INFO - Filling up the DagBag from /opt/airflow/dags/crawl_dag.py
[2024-10-28T09:06:24.806+0000] {logging_mixin.py:190} INFO - [2024-10-28T09:06:24.805+0000] {dagbag.py:387} ERROR - Failed to import: /opt/airflow/dags/crawl_dag.py
Traceback (most recent call last):
  File "/home/airflow/.local/lib/python3.12/site-packages/airflow/models/dagbag.py", line 383, in parse
    loader.exec_module(new_module)
  File "<frozen importlib._bootstrap_external>", line 995, in exec_module
  File "<frozen importlib._bootstrap>", line 488, in _call_with_frames_removed
  File "/opt/airflow/dags/crawl_dag.py", line 4, in <module>
    from crawl.main import main  # Import the main function
    ^^^^^^^^^^^^^^^^^^^^^^^^^^^
  File "/opt/airflow/dags/crawl/main.py", line 1, in <module>
    from db.database import create_books_table, create_tables
ModuleNotFoundError: No module named 'db'
[2024-10-28T09:06:24.806+0000] {processor.py:927} WARNING - No viable dags retrieved from /opt/airflow/dags/crawl_dag.py
[2024-10-28T09:06:24.823+0000] {processor.py:208} INFO - Processing /opt/airflow/dags/crawl_dag.py took 0.029 seconds
[2024-10-28T09:06:55.085+0000] {processor.py:186} INFO - Started process (PID=473) to work on /opt/airflow/dags/crawl_dag.py
[2024-10-28T09:06:55.086+0000] {processor.py:914} INFO - Processing file /opt/airflow/dags/crawl_dag.py for tasks to queue
[2024-10-28T09:06:55.088+0000] {logging_mixin.py:190} INFO - [2024-10-28T09:06:55.088+0000] {dagbag.py:588} INFO - Filling up the DagBag from /opt/airflow/dags/crawl_dag.py
[2024-10-28T09:06:55.092+0000] {logging_mixin.py:190} INFO - [2024-10-28T09:06:55.091+0000] {dagbag.py:387} ERROR - Failed to import: /opt/airflow/dags/crawl_dag.py
Traceback (most recent call last):
  File "/home/airflow/.local/lib/python3.12/site-packages/airflow/models/dagbag.py", line 383, in parse
    loader.exec_module(new_module)
  File "<frozen importlib._bootstrap_external>", line 995, in exec_module
  File "<frozen importlib._bootstrap>", line 488, in _call_with_frames_removed
  File "/opt/airflow/dags/crawl_dag.py", line 4, in <module>
    from crawl.main import main  # Import the main function
    ^^^^^^^^^^^^^^^^^^^^^^^^^^^
  File "/opt/airflow/dags/crawl/main.py", line 1, in <module>
    from db.database import create_books_table, create_tables
ModuleNotFoundError: No module named 'db'
[2024-10-28T09:06:55.093+0000] {processor.py:927} WARNING - No viable dags retrieved from /opt/airflow/dags/crawl_dag.py
[2024-10-28T09:06:55.111+0000] {processor.py:208} INFO - Processing /opt/airflow/dags/crawl_dag.py took 0.033 seconds
[2024-10-28T09:07:25.304+0000] {processor.py:186} INFO - Started process (PID=481) to work on /opt/airflow/dags/crawl_dag.py
[2024-10-28T09:07:25.305+0000] {processor.py:914} INFO - Processing file /opt/airflow/dags/crawl_dag.py for tasks to queue
[2024-10-28T09:07:25.307+0000] {logging_mixin.py:190} INFO - [2024-10-28T09:07:25.307+0000] {dagbag.py:588} INFO - Filling up the DagBag from /opt/airflow/dags/crawl_dag.py
[2024-10-28T09:07:25.311+0000] {logging_mixin.py:190} INFO - [2024-10-28T09:07:25.309+0000] {dagbag.py:387} ERROR - Failed to import: /opt/airflow/dags/crawl_dag.py
Traceback (most recent call last):
  File "/home/airflow/.local/lib/python3.12/site-packages/airflow/models/dagbag.py", line 383, in parse
    loader.exec_module(new_module)
  File "<frozen importlib._bootstrap_external>", line 995, in exec_module
  File "<frozen importlib._bootstrap>", line 488, in _call_with_frames_removed
  File "/opt/airflow/dags/crawl_dag.py", line 4, in <module>
    from crawl.main import main  # Import the main function
    ^^^^^^^^^^^^^^^^^^^^^^^^^^^
  File "/opt/airflow/dags/crawl/main.py", line 1, in <module>
    from db.database import create_books_table, create_tables
ModuleNotFoundError: No module named 'db'
[2024-10-28T09:07:25.311+0000] {processor.py:927} WARNING - No viable dags retrieved from /opt/airflow/dags/crawl_dag.py
[2024-10-28T09:07:25.329+0000] {processor.py:208} INFO - Processing /opt/airflow/dags/crawl_dag.py took 0.030 seconds
[2024-10-28T09:07:55.599+0000] {processor.py:186} INFO - Started process (PID=495) to work on /opt/airflow/dags/crawl_dag.py
[2024-10-28T09:07:55.600+0000] {processor.py:914} INFO - Processing file /opt/airflow/dags/crawl_dag.py for tasks to queue
[2024-10-28T09:07:55.602+0000] {logging_mixin.py:190} INFO - [2024-10-28T09:07:55.602+0000] {dagbag.py:588} INFO - Filling up the DagBag from /opt/airflow/dags/crawl_dag.py
[2024-10-28T09:07:55.605+0000] {logging_mixin.py:190} INFO - [2024-10-28T09:07:55.604+0000] {dagbag.py:387} ERROR - Failed to import: /opt/airflow/dags/crawl_dag.py
Traceback (most recent call last):
  File "/home/airflow/.local/lib/python3.12/site-packages/airflow/models/dagbag.py", line 383, in parse
    loader.exec_module(new_module)
  File "<frozen importlib._bootstrap_external>", line 995, in exec_module
  File "<frozen importlib._bootstrap>", line 488, in _call_with_frames_removed
  File "/opt/airflow/dags/crawl_dag.py", line 4, in <module>
    from crawl.main import main  # Import the main function
    ^^^^^^^^^^^^^^^^^^^^^^^^^^^
  File "/opt/airflow/dags/crawl/main.py", line 1, in <module>
    from db.database import create_books_table, create_tables
ModuleNotFoundError: No module named 'db'
[2024-10-28T09:07:55.606+0000] {processor.py:927} WARNING - No viable dags retrieved from /opt/airflow/dags/crawl_dag.py
[2024-10-28T09:07:55.624+0000] {processor.py:208} INFO - Processing /opt/airflow/dags/crawl_dag.py took 0.031 seconds
[2024-10-28T09:10:56.006+0000] {processor.py:186} INFO - Started process (PID=34) to work on /opt/airflow/dags/crawl_dag.py
[2024-10-28T09:10:56.007+0000] {processor.py:914} INFO - Processing file /opt/airflow/dags/crawl_dag.py for tasks to queue
[2024-10-28T09:10:56.009+0000] {logging_mixin.py:190} INFO - [2024-10-28T09:10:56.009+0000] {dagbag.py:588} INFO - Filling up the DagBag from /opt/airflow/dags/crawl_dag.py
[2024-10-28T09:10:56.041+0000] {processor.py:925} INFO - DAG(s) 'crawl_dag' retrieved from /opt/airflow/dags/crawl_dag.py
[2024-10-28T09:10:56.262+0000] {logging_mixin.py:190} INFO - [2024-10-28T09:10:56.261+0000] {override.py:1900} INFO - Created Permission View: can read on DAG:crawl_dag
[2024-10-28T09:10:56.272+0000] {logging_mixin.py:190} INFO - [2024-10-28T09:10:56.271+0000] {override.py:1900} INFO - Created Permission View: can delete on DAG:crawl_dag
[2024-10-28T09:10:56.277+0000] {logging_mixin.py:190} INFO - [2024-10-28T09:10:56.277+0000] {override.py:1900} INFO - Created Permission View: can edit on DAG:crawl_dag
[2024-10-28T09:10:56.285+0000] {logging_mixin.py:190} INFO - [2024-10-28T09:10:56.284+0000] {override.py:1900} INFO - Created Permission View: can read on DAG Run:crawl_dag
[2024-10-28T09:10:56.292+0000] {logging_mixin.py:190} INFO - [2024-10-28T09:10:56.291+0000] {override.py:1900} INFO - Created Permission View: can delete on DAG Run:crawl_dag
[2024-10-28T09:10:56.298+0000] {logging_mixin.py:190} INFO - [2024-10-28T09:10:56.298+0000] {override.py:1900} INFO - Created Permission View: can create on DAG Run:crawl_dag
[2024-10-28T09:10:56.305+0000] {logging_mixin.py:190} INFO - [2024-10-28T09:10:56.304+0000] {override.py:1900} INFO - Created Permission View: menu access on DAG Run:crawl_dag
[2024-10-28T09:10:56.305+0000] {logging_mixin.py:190} INFO - [2024-10-28T09:10:56.305+0000] {dag.py:3239} INFO - Sync 1 DAGs
[2024-10-28T09:10:56.318+0000] {logging_mixin.py:190} INFO - [2024-10-28T09:10:56.317+0000] {dag.py:3262} INFO - Creating ORM DAG for crawl_dag
[2024-10-28T09:10:56.318+0000] {logging_mixin.py:190} INFO - [2024-10-28T09:10:56.318+0000] {dag.py:4180} INFO - Setting next_dagrun for crawl_dag to None, run_after=None
[2024-10-28T09:10:56.332+0000] {processor.py:208} INFO - Processing /opt/airflow/dags/crawl_dag.py took 0.333 seconds
[2024-10-28T09:11:26.366+0000] {processor.py:186} INFO - Started process (PID=43) to work on /opt/airflow/dags/crawl_dag.py
[2024-10-28T09:11:26.367+0000] {processor.py:914} INFO - Processing file /opt/airflow/dags/crawl_dag.py for tasks to queue
[2024-10-28T09:11:26.368+0000] {logging_mixin.py:190} INFO - [2024-10-28T09:11:26.368+0000] {dagbag.py:588} INFO - Filling up the DagBag from /opt/airflow/dags/crawl_dag.py
[2024-10-28T09:11:26.381+0000] {processor.py:925} INFO - DAG(s) 'crawl_dag' retrieved from /opt/airflow/dags/crawl_dag.py
[2024-10-28T09:11:26.403+0000] {logging_mixin.py:190} INFO - [2024-10-28T09:11:26.402+0000] {dag.py:3239} INFO - Sync 1 DAGs
[2024-10-28T09:11:26.414+0000] {logging_mixin.py:190} INFO - [2024-10-28T09:11:26.414+0000] {dag.py:4180} INFO - Setting next_dagrun for crawl_dag to None, run_after=None
[2024-10-28T09:11:26.427+0000] {processor.py:208} INFO - Processing /opt/airflow/dags/crawl_dag.py took 0.066 seconds
[2024-10-28T09:11:56.586+0000] {processor.py:186} INFO - Started process (PID=50) to work on /opt/airflow/dags/crawl_dag.py
[2024-10-28T09:11:56.642+0000] {processor.py:914} INFO - Processing file /opt/airflow/dags/crawl_dag.py for tasks to queue
[2024-10-28T09:11:56.656+0000] {logging_mixin.py:190} INFO - [2024-10-28T09:11:56.655+0000] {dagbag.py:588} INFO - Filling up the DagBag from /opt/airflow/dags/crawl_dag.py
[2024-10-28T09:11:56.689+0000] {processor.py:925} INFO - DAG(s) 'crawl_dag' retrieved from /opt/airflow/dags/crawl_dag.py
[2024-10-28T09:11:56.711+0000] {logging_mixin.py:190} INFO - [2024-10-28T09:11:56.711+0000] {dag.py:3239} INFO - Sync 1 DAGs
[2024-10-28T09:11:56.723+0000] {logging_mixin.py:190} INFO - [2024-10-28T09:11:56.723+0000] {dag.py:4180} INFO - Setting next_dagrun for crawl_dag to None, run_after=None
[2024-10-28T09:11:56.737+0000] {processor.py:208} INFO - Processing /opt/airflow/dags/crawl_dag.py took 0.156 seconds
[2024-10-28T09:12:26.982+0000] {processor.py:186} INFO - Started process (PID=58) to work on /opt/airflow/dags/crawl_dag.py
[2024-10-28T09:12:26.983+0000] {processor.py:914} INFO - Processing file /opt/airflow/dags/crawl_dag.py for tasks to queue
[2024-10-28T09:12:26.985+0000] {logging_mixin.py:190} INFO - [2024-10-28T09:12:26.984+0000] {dagbag.py:588} INFO - Filling up the DagBag from /opt/airflow/dags/crawl_dag.py
[2024-10-28T09:12:26.998+0000] {processor.py:925} INFO - DAG(s) 'crawl_dag' retrieved from /opt/airflow/dags/crawl_dag.py
[2024-10-28T09:12:27.018+0000] {logging_mixin.py:190} INFO - [2024-10-28T09:12:27.017+0000] {dag.py:3239} INFO - Sync 1 DAGs
[2024-10-28T09:12:27.029+0000] {logging_mixin.py:190} INFO - [2024-10-28T09:12:27.029+0000] {dag.py:4180} INFO - Setting next_dagrun for crawl_dag to None, run_after=None
[2024-10-28T09:12:27.042+0000] {processor.py:208} INFO - Processing /opt/airflow/dags/crawl_dag.py took 0.066 seconds
[2024-10-28T09:12:57.323+0000] {processor.py:186} INFO - Started process (PID=66) to work on /opt/airflow/dags/crawl_dag.py
[2024-10-28T09:12:57.324+0000] {processor.py:914} INFO - Processing file /opt/airflow/dags/crawl_dag.py for tasks to queue
[2024-10-28T09:12:57.327+0000] {logging_mixin.py:190} INFO - [2024-10-28T09:12:57.327+0000] {dagbag.py:588} INFO - Filling up the DagBag from /opt/airflow/dags/crawl_dag.py
[2024-10-28T09:12:57.343+0000] {processor.py:925} INFO - DAG(s) 'crawl_dag' retrieved from /opt/airflow/dags/crawl_dag.py
[2024-10-28T09:12:57.365+0000] {logging_mixin.py:190} INFO - [2024-10-28T09:12:57.364+0000] {dag.py:3239} INFO - Sync 1 DAGs
[2024-10-28T09:12:57.378+0000] {logging_mixin.py:190} INFO - [2024-10-28T09:12:57.377+0000] {dag.py:4180} INFO - Setting next_dagrun for crawl_dag to None, run_after=None
[2024-10-28T09:12:57.394+0000] {processor.py:208} INFO - Processing /opt/airflow/dags/crawl_dag.py took 0.081 seconds
[2024-10-28T09:13:27.659+0000] {processor.py:186} INFO - Started process (PID=74) to work on /opt/airflow/dags/crawl_dag.py
[2024-10-28T09:13:27.660+0000] {processor.py:914} INFO - Processing file /opt/airflow/dags/crawl_dag.py for tasks to queue
[2024-10-28T09:13:27.663+0000] {logging_mixin.py:190} INFO - [2024-10-28T09:13:27.663+0000] {dagbag.py:588} INFO - Filling up the DagBag from /opt/airflow/dags/crawl_dag.py
[2024-10-28T09:13:27.685+0000] {processor.py:925} INFO - DAG(s) 'crawl_dag' retrieved from /opt/airflow/dags/crawl_dag.py
[2024-10-28T09:13:27.709+0000] {logging_mixin.py:190} INFO - [2024-10-28T09:13:27.708+0000] {dag.py:3239} INFO - Sync 1 DAGs
[2024-10-28T09:13:27.722+0000] {logging_mixin.py:190} INFO - [2024-10-28T09:13:27.722+0000] {dag.py:4180} INFO - Setting next_dagrun for crawl_dag to None, run_after=None
[2024-10-28T09:13:27.737+0000] {processor.py:208} INFO - Processing /opt/airflow/dags/crawl_dag.py took 0.094 seconds
[2024-10-28T09:13:57.991+0000] {processor.py:186} INFO - Started process (PID=82) to work on /opt/airflow/dags/crawl_dag.py
[2024-10-28T09:13:57.996+0000] {processor.py:914} INFO - Processing file /opt/airflow/dags/crawl_dag.py for tasks to queue
[2024-10-28T09:13:57.999+0000] {logging_mixin.py:190} INFO - [2024-10-28T09:13:57.998+0000] {dagbag.py:588} INFO - Filling up the DagBag from /opt/airflow/dags/crawl_dag.py
[2024-10-28T09:13:58.017+0000] {processor.py:925} INFO - DAG(s) 'crawl_dag' retrieved from /opt/airflow/dags/crawl_dag.py
[2024-10-28T09:13:58.040+0000] {logging_mixin.py:190} INFO - [2024-10-28T09:13:58.039+0000] {dag.py:3239} INFO - Sync 1 DAGs
[2024-10-28T09:13:58.053+0000] {logging_mixin.py:190} INFO - [2024-10-28T09:13:58.053+0000] {dag.py:4180} INFO - Setting next_dagrun for crawl_dag to None, run_after=None
[2024-10-28T09:13:58.069+0000] {processor.py:208} INFO - Processing /opt/airflow/dags/crawl_dag.py took 0.089 seconds
[2024-10-28T09:14:28.326+0000] {processor.py:186} INFO - Started process (PID=90) to work on /opt/airflow/dags/crawl_dag.py
[2024-10-28T09:14:28.328+0000] {processor.py:914} INFO - Processing file /opt/airflow/dags/crawl_dag.py for tasks to queue
[2024-10-28T09:14:28.331+0000] {logging_mixin.py:190} INFO - [2024-10-28T09:14:28.331+0000] {dagbag.py:588} INFO - Filling up the DagBag from /opt/airflow/dags/crawl_dag.py
[2024-10-28T09:14:28.353+0000] {processor.py:925} INFO - DAG(s) 'crawl_dag' retrieved from /opt/airflow/dags/crawl_dag.py
[2024-10-28T09:14:28.377+0000] {logging_mixin.py:190} INFO - [2024-10-28T09:14:28.376+0000] {dag.py:3239} INFO - Sync 1 DAGs
[2024-10-28T09:14:28.390+0000] {logging_mixin.py:190} INFO - [2024-10-28T09:14:28.390+0000] {dag.py:4180} INFO - Setting next_dagrun for crawl_dag to None, run_after=None
[2024-10-28T09:14:28.410+0000] {processor.py:208} INFO - Processing /opt/airflow/dags/crawl_dag.py took 0.097 seconds
[2024-10-28T09:14:58.630+0000] {processor.py:186} INFO - Started process (PID=98) to work on /opt/airflow/dags/crawl_dag.py
[2024-10-28T09:14:58.632+0000] {processor.py:914} INFO - Processing file /opt/airflow/dags/crawl_dag.py for tasks to queue
[2024-10-28T09:14:58.633+0000] {logging_mixin.py:190} INFO - [2024-10-28T09:14:58.633+0000] {dagbag.py:588} INFO - Filling up the DagBag from /opt/airflow/dags/crawl_dag.py
[2024-10-28T09:14:58.648+0000] {processor.py:925} INFO - DAG(s) 'crawl_dag' retrieved from /opt/airflow/dags/crawl_dag.py
[2024-10-28T09:14:58.670+0000] {logging_mixin.py:190} INFO - [2024-10-28T09:14:58.669+0000] {dag.py:3239} INFO - Sync 1 DAGs
[2024-10-28T09:14:58.683+0000] {logging_mixin.py:190} INFO - [2024-10-28T09:14:58.682+0000] {dag.py:4180} INFO - Setting next_dagrun for crawl_dag to None, run_after=None
[2024-10-28T09:14:58.697+0000] {processor.py:208} INFO - Processing /opt/airflow/dags/crawl_dag.py took 0.074 seconds
[2024-10-28T09:15:28.950+0000] {processor.py:186} INFO - Started process (PID=106) to work on /opt/airflow/dags/crawl_dag.py
[2024-10-28T09:15:28.951+0000] {processor.py:914} INFO - Processing file /opt/airflow/dags/crawl_dag.py for tasks to queue
[2024-10-28T09:15:28.953+0000] {logging_mixin.py:190} INFO - [2024-10-28T09:15:28.952+0000] {dagbag.py:588} INFO - Filling up the DagBag from /opt/airflow/dags/crawl_dag.py
[2024-10-28T09:15:28.966+0000] {processor.py:925} INFO - DAG(s) 'crawl_dag' retrieved from /opt/airflow/dags/crawl_dag.py
[2024-10-28T09:15:28.986+0000] {logging_mixin.py:190} INFO - [2024-10-28T09:15:28.986+0000] {dag.py:3239} INFO - Sync 1 DAGs
[2024-10-28T09:15:28.998+0000] {logging_mixin.py:190} INFO - [2024-10-28T09:15:28.998+0000] {dag.py:4180} INFO - Setting next_dagrun for crawl_dag to None, run_after=None
[2024-10-28T09:15:29.019+0000] {processor.py:208} INFO - Processing /opt/airflow/dags/crawl_dag.py took 0.078 seconds
[2024-10-28T09:15:59.248+0000] {processor.py:186} INFO - Started process (PID=114) to work on /opt/airflow/dags/crawl_dag.py
[2024-10-28T09:15:59.249+0000] {processor.py:914} INFO - Processing file /opt/airflow/dags/crawl_dag.py for tasks to queue
[2024-10-28T09:15:59.251+0000] {logging_mixin.py:190} INFO - [2024-10-28T09:15:59.251+0000] {dagbag.py:588} INFO - Filling up the DagBag from /opt/airflow/dags/crawl_dag.py
[2024-10-28T09:15:59.267+0000] {processor.py:925} INFO - DAG(s) 'crawl_dag' retrieved from /opt/airflow/dags/crawl_dag.py
[2024-10-28T09:15:59.293+0000] {logging_mixin.py:190} INFO - [2024-10-28T09:15:59.293+0000] {dag.py:3239} INFO - Sync 1 DAGs
[2024-10-28T09:15:59.308+0000] {logging_mixin.py:190} INFO - [2024-10-28T09:15:59.308+0000] {dag.py:4180} INFO - Setting next_dagrun for crawl_dag to None, run_after=None
[2024-10-28T09:15:59.327+0000] {processor.py:208} INFO - Processing /opt/airflow/dags/crawl_dag.py took 0.086 seconds
[2024-10-28T09:16:29.555+0000] {processor.py:186} INFO - Started process (PID=122) to work on /opt/airflow/dags/crawl_dag.py
[2024-10-28T09:16:29.556+0000] {processor.py:914} INFO - Processing file /opt/airflow/dags/crawl_dag.py for tasks to queue
[2024-10-28T09:16:29.559+0000] {logging_mixin.py:190} INFO - [2024-10-28T09:16:29.558+0000] {dagbag.py:588} INFO - Filling up the DagBag from /opt/airflow/dags/crawl_dag.py
[2024-10-28T09:16:29.577+0000] {processor.py:925} INFO - DAG(s) 'crawl_dag' retrieved from /opt/airflow/dags/crawl_dag.py
[2024-10-28T09:16:29.601+0000] {logging_mixin.py:190} INFO - [2024-10-28T09:16:29.601+0000] {dag.py:3239} INFO - Sync 1 DAGs
[2024-10-28T09:16:29.731+0000] {logging_mixin.py:190} INFO - [2024-10-28T09:16:29.731+0000] {dag.py:4180} INFO - Setting next_dagrun for crawl_dag to None, run_after=None
[2024-10-28T09:16:29.745+0000] {processor.py:208} INFO - Processing /opt/airflow/dags/crawl_dag.py took 0.195 seconds
[2024-10-28T09:16:59.869+0000] {processor.py:186} INFO - Started process (PID=129) to work on /opt/airflow/dags/crawl_dag.py
[2024-10-28T09:16:59.870+0000] {processor.py:914} INFO - Processing file /opt/airflow/dags/crawl_dag.py for tasks to queue
[2024-10-28T09:16:59.873+0000] {logging_mixin.py:190} INFO - [2024-10-28T09:16:59.873+0000] {dagbag.py:588} INFO - Filling up the DagBag from /opt/airflow/dags/crawl_dag.py
[2024-10-28T09:16:59.893+0000] {processor.py:925} INFO - DAG(s) 'crawl_dag' retrieved from /opt/airflow/dags/crawl_dag.py
[2024-10-28T09:17:00.017+0000] {logging_mixin.py:190} INFO - [2024-10-28T09:16:59.913+0000] {dag.py:3239} INFO - Sync 1 DAGs
[2024-10-28T09:17:00.027+0000] {logging_mixin.py:190} INFO - [2024-10-28T09:17:00.027+0000] {dag.py:4180} INFO - Setting next_dagrun for crawl_dag to None, run_after=None
[2024-10-28T09:17:00.040+0000] {processor.py:208} INFO - Processing /opt/airflow/dags/crawl_dag.py took 0.183 seconds
[2024-10-28T09:17:30.194+0000] {processor.py:186} INFO - Started process (PID=137) to work on /opt/airflow/dags/crawl_dag.py
[2024-10-28T09:17:30.195+0000] {processor.py:914} INFO - Processing file /opt/airflow/dags/crawl_dag.py for tasks to queue
[2024-10-28T09:17:30.197+0000] {logging_mixin.py:190} INFO - [2024-10-28T09:17:30.197+0000] {dagbag.py:588} INFO - Filling up the DagBag from /opt/airflow/dags/crawl_dag.py
[2024-10-28T09:17:30.216+0000] {processor.py:925} INFO - DAG(s) 'crawl_dag' retrieved from /opt/airflow/dags/crawl_dag.py
[2024-10-28T09:17:30.237+0000] {logging_mixin.py:190} INFO - [2024-10-28T09:17:30.236+0000] {dag.py:3239} INFO - Sync 1 DAGs
[2024-10-28T09:17:30.249+0000] {logging_mixin.py:190} INFO - [2024-10-28T09:17:30.248+0000] {dag.py:4180} INFO - Setting next_dagrun for crawl_dag to None, run_after=None
[2024-10-28T09:17:30.263+0000] {processor.py:208} INFO - Processing /opt/airflow/dags/crawl_dag.py took 0.080 seconds
[2024-10-28T09:18:00.427+0000] {processor.py:186} INFO - Started process (PID=145) to work on /opt/airflow/dags/crawl_dag.py
[2024-10-28T09:18:00.428+0000] {processor.py:914} INFO - Processing file /opt/airflow/dags/crawl_dag.py for tasks to queue
[2024-10-28T09:18:00.430+0000] {logging_mixin.py:190} INFO - [2024-10-28T09:18:00.429+0000] {dagbag.py:588} INFO - Filling up the DagBag from /opt/airflow/dags/crawl_dag.py
[2024-10-28T09:18:00.446+0000] {processor.py:925} INFO - DAG(s) 'crawl_dag' retrieved from /opt/airflow/dags/crawl_dag.py
[2024-10-28T09:18:00.471+0000] {logging_mixin.py:190} INFO - [2024-10-28T09:18:00.470+0000] {dag.py:3239} INFO - Sync 1 DAGs
[2024-10-28T09:18:00.482+0000] {logging_mixin.py:190} INFO - [2024-10-28T09:18:00.482+0000] {dag.py:4180} INFO - Setting next_dagrun for crawl_dag to None, run_after=None
[2024-10-28T09:18:00.495+0000] {processor.py:208} INFO - Processing /opt/airflow/dags/crawl_dag.py took 0.073 seconds
[2024-10-28T09:18:30.719+0000] {processor.py:186} INFO - Started process (PID=153) to work on /opt/airflow/dags/crawl_dag.py
[2024-10-28T09:18:30.720+0000] {processor.py:914} INFO - Processing file /opt/airflow/dags/crawl_dag.py for tasks to queue
[2024-10-28T09:18:30.722+0000] {logging_mixin.py:190} INFO - [2024-10-28T09:18:30.722+0000] {dagbag.py:588} INFO - Filling up the DagBag from /opt/airflow/dags/crawl_dag.py
[2024-10-28T09:18:30.736+0000] {processor.py:925} INFO - DAG(s) 'crawl_dag' retrieved from /opt/airflow/dags/crawl_dag.py
[2024-10-28T09:18:30.755+0000] {logging_mixin.py:190} INFO - [2024-10-28T09:18:30.755+0000] {dag.py:3239} INFO - Sync 1 DAGs
[2024-10-28T09:18:30.766+0000] {logging_mixin.py:190} INFO - [2024-10-28T09:18:30.766+0000] {dag.py:4180} INFO - Setting next_dagrun for crawl_dag to None, run_after=None
[2024-10-28T09:18:30.780+0000] {processor.py:208} INFO - Processing /opt/airflow/dags/crawl_dag.py took 0.072 seconds
[2024-10-28T09:19:01.036+0000] {processor.py:186} INFO - Started process (PID=161) to work on /opt/airflow/dags/crawl_dag.py
[2024-10-28T09:19:01.037+0000] {processor.py:914} INFO - Processing file /opt/airflow/dags/crawl_dag.py for tasks to queue
[2024-10-28T09:19:01.040+0000] {logging_mixin.py:190} INFO - [2024-10-28T09:19:01.040+0000] {dagbag.py:588} INFO - Filling up the DagBag from /opt/airflow/dags/crawl_dag.py
[2024-10-28T09:19:01.057+0000] {processor.py:925} INFO - DAG(s) 'crawl_dag' retrieved from /opt/airflow/dags/crawl_dag.py
[2024-10-28T09:19:01.078+0000] {logging_mixin.py:190} INFO - [2024-10-28T09:19:01.077+0000] {dag.py:3239} INFO - Sync 1 DAGs
[2024-10-28T09:19:01.089+0000] {logging_mixin.py:190} INFO - [2024-10-28T09:19:01.089+0000] {dag.py:4180} INFO - Setting next_dagrun for crawl_dag to None, run_after=None
[2024-10-28T09:19:01.106+0000] {processor.py:208} INFO - Processing /opt/airflow/dags/crawl_dag.py took 0.082 seconds
[2024-10-28T09:19:31.341+0000] {processor.py:186} INFO - Started process (PID=169) to work on /opt/airflow/dags/crawl_dag.py
[2024-10-28T09:19:31.342+0000] {processor.py:914} INFO - Processing file /opt/airflow/dags/crawl_dag.py for tasks to queue
[2024-10-28T09:19:31.344+0000] {logging_mixin.py:190} INFO - [2024-10-28T09:19:31.344+0000] {dagbag.py:588} INFO - Filling up the DagBag from /opt/airflow/dags/crawl_dag.py
[2024-10-28T09:19:31.359+0000] {processor.py:925} INFO - DAG(s) 'crawl_dag' retrieved from /opt/airflow/dags/crawl_dag.py
[2024-10-28T09:19:31.381+0000] {logging_mixin.py:190} INFO - [2024-10-28T09:19:31.381+0000] {dag.py:3239} INFO - Sync 1 DAGs
[2024-10-28T09:19:31.510+0000] {logging_mixin.py:190} INFO - [2024-10-28T09:19:31.510+0000] {dag.py:4180} INFO - Setting next_dagrun for crawl_dag to None, run_after=None
[2024-10-28T09:19:31.524+0000] {processor.py:208} INFO - Processing /opt/airflow/dags/crawl_dag.py took 0.190 seconds
[2024-10-28T09:20:01.690+0000] {processor.py:186} INFO - Started process (PID=177) to work on /opt/airflow/dags/crawl_dag.py
[2024-10-28T09:20:01.691+0000] {processor.py:914} INFO - Processing file /opt/airflow/dags/crawl_dag.py for tasks to queue
[2024-10-28T09:20:01.693+0000] {logging_mixin.py:190} INFO - [2024-10-28T09:20:01.693+0000] {dagbag.py:588} INFO - Filling up the DagBag from /opt/airflow/dags/crawl_dag.py
[2024-10-28T09:20:01.711+0000] {processor.py:925} INFO - DAG(s) 'crawl_dag' retrieved from /opt/airflow/dags/crawl_dag.py
[2024-10-28T09:20:01.849+0000] {logging_mixin.py:190} INFO - [2024-10-28T09:20:01.732+0000] {dag.py:3239} INFO - Sync 1 DAGs
[2024-10-28T09:20:01.862+0000] {logging_mixin.py:190} INFO - [2024-10-28T09:20:01.862+0000] {dag.py:4180} INFO - Setting next_dagrun for crawl_dag to None, run_after=None
[2024-10-28T09:20:01.878+0000] {processor.py:208} INFO - Processing /opt/airflow/dags/crawl_dag.py took 0.199 seconds
[2024-10-28T09:20:32.041+0000] {processor.py:186} INFO - Started process (PID=185) to work on /opt/airflow/dags/crawl_dag.py
[2024-10-28T09:20:32.043+0000] {processor.py:914} INFO - Processing file /opt/airflow/dags/crawl_dag.py for tasks to queue
[2024-10-28T09:20:32.045+0000] {logging_mixin.py:190} INFO - [2024-10-28T09:20:32.045+0000] {dagbag.py:588} INFO - Filling up the DagBag from /opt/airflow/dags/crawl_dag.py
[2024-10-28T09:20:32.063+0000] {processor.py:925} INFO - DAG(s) 'crawl_dag' retrieved from /opt/airflow/dags/crawl_dag.py
[2024-10-28T09:20:32.085+0000] {logging_mixin.py:190} INFO - [2024-10-28T09:20:32.084+0000] {dag.py:3239} INFO - Sync 1 DAGs
[2024-10-28T09:20:32.096+0000] {logging_mixin.py:190} INFO - [2024-10-28T09:20:32.096+0000] {dag.py:4180} INFO - Setting next_dagrun for crawl_dag to None, run_after=None
[2024-10-28T09:20:32.111+0000] {processor.py:208} INFO - Processing /opt/airflow/dags/crawl_dag.py took 0.083 seconds
[2024-10-28T09:21:02.405+0000] {processor.py:186} INFO - Started process (PID=193) to work on /opt/airflow/dags/crawl_dag.py
[2024-10-28T09:21:02.406+0000] {processor.py:914} INFO - Processing file /opt/airflow/dags/crawl_dag.py for tasks to queue
[2024-10-28T09:21:02.409+0000] {logging_mixin.py:190} INFO - [2024-10-28T09:21:02.409+0000] {dagbag.py:588} INFO - Filling up the DagBag from /opt/airflow/dags/crawl_dag.py
[2024-10-28T09:21:02.426+0000] {processor.py:925} INFO - DAG(s) 'crawl_dag' retrieved from /opt/airflow/dags/crawl_dag.py
[2024-10-28T09:21:02.447+0000] {logging_mixin.py:190} INFO - [2024-10-28T09:21:02.446+0000] {dag.py:3239} INFO - Sync 1 DAGs
[2024-10-28T09:21:02.458+0000] {logging_mixin.py:190} INFO - [2024-10-28T09:21:02.458+0000] {dag.py:4180} INFO - Setting next_dagrun for crawl_dag to None, run_after=None
[2024-10-28T09:21:02.473+0000] {processor.py:208} INFO - Processing /opt/airflow/dags/crawl_dag.py took 0.079 seconds
[2024-10-28T09:21:32.694+0000] {processor.py:186} INFO - Started process (PID=201) to work on /opt/airflow/dags/crawl_dag.py
[2024-10-28T09:21:32.695+0000] {processor.py:914} INFO - Processing file /opt/airflow/dags/crawl_dag.py for tasks to queue
[2024-10-28T09:21:32.697+0000] {logging_mixin.py:190} INFO - [2024-10-28T09:21:32.697+0000] {dagbag.py:588} INFO - Filling up the DagBag from /opt/airflow/dags/crawl_dag.py
[2024-10-28T09:21:32.714+0000] {processor.py:925} INFO - DAG(s) 'crawl_dag' retrieved from /opt/airflow/dags/crawl_dag.py
[2024-10-28T09:21:32.737+0000] {logging_mixin.py:190} INFO - [2024-10-28T09:21:32.737+0000] {dag.py:3239} INFO - Sync 1 DAGs
[2024-10-28T09:21:32.750+0000] {logging_mixin.py:190} INFO - [2024-10-28T09:21:32.750+0000] {dag.py:4180} INFO - Setting next_dagrun for crawl_dag to None, run_after=None
[2024-10-28T09:21:32.766+0000] {processor.py:208} INFO - Processing /opt/airflow/dags/crawl_dag.py took 0.078 seconds
[2024-10-28T09:22:03.015+0000] {processor.py:186} INFO - Started process (PID=209) to work on /opt/airflow/dags/crawl_dag.py
[2024-10-28T09:22:03.016+0000] {processor.py:914} INFO - Processing file /opt/airflow/dags/crawl_dag.py for tasks to queue
[2024-10-28T09:22:03.019+0000] {logging_mixin.py:190} INFO - [2024-10-28T09:22:03.018+0000] {dagbag.py:588} INFO - Filling up the DagBag from /opt/airflow/dags/crawl_dag.py
[2024-10-28T09:22:03.034+0000] {processor.py:925} INFO - DAG(s) 'crawl_dag' retrieved from /opt/airflow/dags/crawl_dag.py
[2024-10-28T09:22:03.058+0000] {logging_mixin.py:190} INFO - [2024-10-28T09:22:03.057+0000] {dag.py:3239} INFO - Sync 1 DAGs
[2024-10-28T09:22:03.073+0000] {logging_mixin.py:190} INFO - [2024-10-28T09:22:03.073+0000] {dag.py:4180} INFO - Setting next_dagrun for crawl_dag to None, run_after=None
[2024-10-28T09:22:03.225+0000] {processor.py:208} INFO - Processing /opt/airflow/dags/crawl_dag.py took 0.219 seconds
[2024-10-28T09:22:33.324+0000] {processor.py:186} INFO - Started process (PID=217) to work on /opt/airflow/dags/crawl_dag.py
[2024-10-28T09:22:33.326+0000] {processor.py:914} INFO - Processing file /opt/airflow/dags/crawl_dag.py for tasks to queue
[2024-10-28T09:22:33.329+0000] {logging_mixin.py:190} INFO - [2024-10-28T09:22:33.329+0000] {dagbag.py:588} INFO - Filling up the DagBag from /opt/airflow/dags/crawl_dag.py
[2024-10-28T09:22:33.346+0000] {processor.py:925} INFO - DAG(s) 'crawl_dag' retrieved from /opt/airflow/dags/crawl_dag.py
[2024-10-28T09:22:33.371+0000] {logging_mixin.py:190} INFO - [2024-10-28T09:22:33.370+0000] {dag.py:3239} INFO - Sync 1 DAGs
[2024-10-28T09:22:33.486+0000] {logging_mixin.py:190} INFO - [2024-10-28T09:22:33.486+0000] {dag.py:4180} INFO - Setting next_dagrun for crawl_dag to None, run_after=None
[2024-10-28T09:22:33.499+0000] {processor.py:208} INFO - Processing /opt/airflow/dags/crawl_dag.py took 0.188 seconds
[2024-10-28T09:23:03.620+0000] {processor.py:186} INFO - Started process (PID=235) to work on /opt/airflow/dags/crawl_dag.py
[2024-10-28T09:23:03.621+0000] {processor.py:914} INFO - Processing file /opt/airflow/dags/crawl_dag.py for tasks to queue
[2024-10-28T09:23:03.623+0000] {logging_mixin.py:190} INFO - [2024-10-28T09:23:03.623+0000] {dagbag.py:588} INFO - Filling up the DagBag from /opt/airflow/dags/crawl_dag.py
[2024-10-28T09:23:03.638+0000] {processor.py:925} INFO - DAG(s) 'crawl_dag' retrieved from /opt/airflow/dags/crawl_dag.py
[2024-10-28T09:23:03.772+0000] {logging_mixin.py:190} INFO - [2024-10-28T09:23:03.771+0000] {dag.py:3239} INFO - Sync 1 DAGs
[2024-10-28T09:23:03.783+0000] {logging_mixin.py:190} INFO - [2024-10-28T09:23:03.783+0000] {dag.py:4180} INFO - Setting next_dagrun for crawl_dag to None, run_after=None
[2024-10-28T09:23:03.796+0000] {processor.py:208} INFO - Processing /opt/airflow/dags/crawl_dag.py took 0.181 seconds
[2024-10-28T09:23:33.924+0000] {processor.py:186} INFO - Started process (PID=244) to work on /opt/airflow/dags/crawl_dag.py
[2024-10-28T09:23:33.925+0000] {processor.py:914} INFO - Processing file /opt/airflow/dags/crawl_dag.py for tasks to queue
[2024-10-28T09:23:33.927+0000] {logging_mixin.py:190} INFO - [2024-10-28T09:23:33.926+0000] {dagbag.py:588} INFO - Filling up the DagBag from /opt/airflow/dags/crawl_dag.py
[2024-10-28T09:23:33.940+0000] {processor.py:925} INFO - DAG(s) 'crawl_dag' retrieved from /opt/airflow/dags/crawl_dag.py
[2024-10-28T09:23:33.961+0000] {logging_mixin.py:190} INFO - [2024-10-28T09:23:33.961+0000] {dag.py:3239} INFO - Sync 1 DAGs
[2024-10-28T09:23:33.973+0000] {logging_mixin.py:190} INFO - [2024-10-28T09:23:33.973+0000] {dag.py:4180} INFO - Setting next_dagrun for crawl_dag to None, run_after=None
[2024-10-28T09:23:33.988+0000] {processor.py:208} INFO - Processing /opt/airflow/dags/crawl_dag.py took 0.068 seconds
[2024-10-28T09:24:04.220+0000] {processor.py:186} INFO - Started process (PID=252) to work on /opt/airflow/dags/crawl_dag.py
[2024-10-28T09:24:04.221+0000] {processor.py:914} INFO - Processing file /opt/airflow/dags/crawl_dag.py for tasks to queue
[2024-10-28T09:24:04.223+0000] {logging_mixin.py:190} INFO - [2024-10-28T09:24:04.223+0000] {dagbag.py:588} INFO - Filling up the DagBag from /opt/airflow/dags/crawl_dag.py
[2024-10-28T09:24:04.239+0000] {processor.py:925} INFO - DAG(s) 'crawl_dag' retrieved from /opt/airflow/dags/crawl_dag.py
[2024-10-28T09:24:04.260+0000] {logging_mixin.py:190} INFO - [2024-10-28T09:24:04.259+0000] {dag.py:3239} INFO - Sync 1 DAGs
[2024-10-28T09:24:04.271+0000] {logging_mixin.py:190} INFO - [2024-10-28T09:24:04.271+0000] {dag.py:4180} INFO - Setting next_dagrun for crawl_dag to None, run_after=None
[2024-10-28T09:24:04.285+0000] {processor.py:208} INFO - Processing /opt/airflow/dags/crawl_dag.py took 0.069 seconds
[2024-10-28T09:24:34.522+0000] {processor.py:186} INFO - Started process (PID=260) to work on /opt/airflow/dags/crawl_dag.py
[2024-10-28T09:24:34.523+0000] {processor.py:914} INFO - Processing file /opt/airflow/dags/crawl_dag.py for tasks to queue
[2024-10-28T09:24:34.525+0000] {logging_mixin.py:190} INFO - [2024-10-28T09:24:34.524+0000] {dagbag.py:588} INFO - Filling up the DagBag from /opt/airflow/dags/crawl_dag.py
[2024-10-28T09:24:34.538+0000] {processor.py:925} INFO - DAG(s) 'crawl_dag' retrieved from /opt/airflow/dags/crawl_dag.py
[2024-10-28T09:24:34.557+0000] {logging_mixin.py:190} INFO - [2024-10-28T09:24:34.557+0000] {dag.py:3239} INFO - Sync 1 DAGs
[2024-10-28T09:24:34.568+0000] {logging_mixin.py:190} INFO - [2024-10-28T09:24:34.568+0000] {dag.py:4180} INFO - Setting next_dagrun for crawl_dag to None, run_after=None
[2024-10-28T09:24:34.582+0000] {processor.py:208} INFO - Processing /opt/airflow/dags/crawl_dag.py took 0.065 seconds
[2024-10-28T09:25:04.845+0000] {processor.py:186} INFO - Started process (PID=268) to work on /opt/airflow/dags/crawl_dag.py
[2024-10-28T09:25:04.846+0000] {processor.py:914} INFO - Processing file /opt/airflow/dags/crawl_dag.py for tasks to queue
[2024-10-28T09:25:04.849+0000] {logging_mixin.py:190} INFO - [2024-10-28T09:25:04.848+0000] {dagbag.py:588} INFO - Filling up the DagBag from /opt/airflow/dags/crawl_dag.py
[2024-10-28T09:25:04.866+0000] {processor.py:925} INFO - DAG(s) 'crawl_dag' retrieved from /opt/airflow/dags/crawl_dag.py
[2024-10-28T09:25:04.887+0000] {logging_mixin.py:190} INFO - [2024-10-28T09:25:04.887+0000] {dag.py:3239} INFO - Sync 1 DAGs
[2024-10-28T09:25:05.009+0000] {logging_mixin.py:190} INFO - [2024-10-28T09:25:05.008+0000] {dag.py:4180} INFO - Setting next_dagrun for crawl_dag to None, run_after=None
[2024-10-28T09:25:05.022+0000] {processor.py:208} INFO - Processing /opt/airflow/dags/crawl_dag.py took 0.187 seconds
[2024-10-28T09:25:35.173+0000] {processor.py:186} INFO - Started process (PID=276) to work on /opt/airflow/dags/crawl_dag.py
[2024-10-28T09:25:35.174+0000] {processor.py:914} INFO - Processing file /opt/airflow/dags/crawl_dag.py for tasks to queue
[2024-10-28T09:25:35.178+0000] {logging_mixin.py:190} INFO - [2024-10-28T09:25:35.177+0000] {dagbag.py:588} INFO - Filling up the DagBag from /opt/airflow/dags/crawl_dag.py
[2024-10-28T09:25:35.195+0000] {processor.py:925} INFO - DAG(s) 'crawl_dag' retrieved from /opt/airflow/dags/crawl_dag.py
[2024-10-28T09:25:35.320+0000] {logging_mixin.py:190} INFO - [2024-10-28T09:25:35.215+0000] {dag.py:3239} INFO - Sync 1 DAGs
[2024-10-28T09:25:35.330+0000] {logging_mixin.py:190} INFO - [2024-10-28T09:25:35.330+0000] {dag.py:4180} INFO - Setting next_dagrun for crawl_dag to None, run_after=None
[2024-10-28T09:25:35.341+0000] {processor.py:208} INFO - Processing /opt/airflow/dags/crawl_dag.py took 0.183 seconds
[2024-10-28T09:26:05.522+0000] {processor.py:186} INFO - Started process (PID=284) to work on /opt/airflow/dags/crawl_dag.py
[2024-10-28T09:26:05.523+0000] {processor.py:914} INFO - Processing file /opt/airflow/dags/crawl_dag.py for tasks to queue
[2024-10-28T09:26:05.526+0000] {logging_mixin.py:190} INFO - [2024-10-28T09:26:05.526+0000] {dagbag.py:588} INFO - Filling up the DagBag from /opt/airflow/dags/crawl_dag.py
[2024-10-28T09:26:05.544+0000] {processor.py:925} INFO - DAG(s) 'crawl_dag' retrieved from /opt/airflow/dags/crawl_dag.py
[2024-10-28T09:26:05.566+0000] {logging_mixin.py:190} INFO - [2024-10-28T09:26:05.565+0000] {dag.py:3239} INFO - Sync 1 DAGs
[2024-10-28T09:26:05.579+0000] {logging_mixin.py:190} INFO - [2024-10-28T09:26:05.578+0000] {dag.py:4180} INFO - Setting next_dagrun for crawl_dag to None, run_after=None
[2024-10-28T09:26:05.594+0000] {processor.py:208} INFO - Processing /opt/airflow/dags/crawl_dag.py took 0.082 seconds
[2024-10-28T09:26:35.791+0000] {processor.py:186} INFO - Started process (PID=291) to work on /opt/airflow/dags/crawl_dag.py
[2024-10-28T09:26:35.792+0000] {processor.py:914} INFO - Processing file /opt/airflow/dags/crawl_dag.py for tasks to queue
[2024-10-28T09:26:35.794+0000] {logging_mixin.py:190} INFO - [2024-10-28T09:26:35.794+0000] {dagbag.py:588} INFO - Filling up the DagBag from /opt/airflow/dags/crawl_dag.py
[2024-10-28T09:26:35.807+0000] {processor.py:925} INFO - DAG(s) 'crawl_dag' retrieved from /opt/airflow/dags/crawl_dag.py
[2024-10-28T09:26:35.827+0000] {logging_mixin.py:190} INFO - [2024-10-28T09:26:35.827+0000] {dag.py:3239} INFO - Sync 1 DAGs
[2024-10-28T09:26:35.838+0000] {logging_mixin.py:190} INFO - [2024-10-28T09:26:35.838+0000] {dag.py:4180} INFO - Setting next_dagrun for crawl_dag to None, run_after=None
[2024-10-28T09:26:35.853+0000] {processor.py:208} INFO - Processing /opt/airflow/dags/crawl_dag.py took 0.067 seconds
[2024-10-28T09:27:06.093+0000] {processor.py:186} INFO - Started process (PID=299) to work on /opt/airflow/dags/crawl_dag.py
[2024-10-28T09:27:06.095+0000] {processor.py:914} INFO - Processing file /opt/airflow/dags/crawl_dag.py for tasks to queue
[2024-10-28T09:27:06.098+0000] {logging_mixin.py:190} INFO - [2024-10-28T09:27:06.098+0000] {dagbag.py:588} INFO - Filling up the DagBag from /opt/airflow/dags/crawl_dag.py
[2024-10-28T09:27:06.118+0000] {processor.py:925} INFO - DAG(s) 'crawl_dag' retrieved from /opt/airflow/dags/crawl_dag.py
[2024-10-28T09:27:06.138+0000] {logging_mixin.py:190} INFO - [2024-10-28T09:27:06.138+0000] {dag.py:3239} INFO - Sync 1 DAGs
[2024-10-28T09:27:06.149+0000] {logging_mixin.py:190} INFO - [2024-10-28T09:27:06.149+0000] {dag.py:4180} INFO - Setting next_dagrun for crawl_dag to None, run_after=None
[2024-10-28T09:27:06.163+0000] {processor.py:208} INFO - Processing /opt/airflow/dags/crawl_dag.py took 0.081 seconds
[2024-10-28T09:27:36.374+0000] {processor.py:186} INFO - Started process (PID=307) to work on /opt/airflow/dags/crawl_dag.py
[2024-10-28T09:27:36.374+0000] {processor.py:914} INFO - Processing file /opt/airflow/dags/crawl_dag.py for tasks to queue
[2024-10-28T09:27:36.376+0000] {logging_mixin.py:190} INFO - [2024-10-28T09:27:36.376+0000] {dagbag.py:588} INFO - Filling up the DagBag from /opt/airflow/dags/crawl_dag.py
[2024-10-28T09:27:36.389+0000] {processor.py:925} INFO - DAG(s) 'crawl_dag' retrieved from /opt/airflow/dags/crawl_dag.py
[2024-10-28T09:27:36.409+0000] {logging_mixin.py:190} INFO - [2024-10-28T09:27:36.408+0000] {dag.py:3239} INFO - Sync 1 DAGs
[2024-10-28T09:27:36.421+0000] {logging_mixin.py:190} INFO - [2024-10-28T09:27:36.421+0000] {dag.py:4180} INFO - Setting next_dagrun for crawl_dag to None, run_after=None
[2024-10-28T09:27:36.548+0000] {processor.py:208} INFO - Processing /opt/airflow/dags/crawl_dag.py took 0.180 seconds
[2024-10-28T09:28:06.667+0000] {processor.py:186} INFO - Started process (PID=321) to work on /opt/airflow/dags/crawl_dag.py
[2024-10-28T09:28:06.667+0000] {processor.py:914} INFO - Processing file /opt/airflow/dags/crawl_dag.py for tasks to queue
[2024-10-28T09:28:06.669+0000] {logging_mixin.py:190} INFO - [2024-10-28T09:28:06.669+0000] {dagbag.py:588} INFO - Filling up the DagBag from /opt/airflow/dags/crawl_dag.py
[2024-10-28T09:28:06.685+0000] {processor.py:925} INFO - DAG(s) 'crawl_dag' retrieved from /opt/airflow/dags/crawl_dag.py
[2024-10-28T09:28:06.705+0000] {logging_mixin.py:190} INFO - [2024-10-28T09:28:06.705+0000] {dag.py:3239} INFO - Sync 1 DAGs
[2024-10-28T09:28:06.827+0000] {logging_mixin.py:190} INFO - [2024-10-28T09:28:06.827+0000] {dag.py:4180} INFO - Setting next_dagrun for crawl_dag to None, run_after=None
[2024-10-28T09:28:06.840+0000] {processor.py:208} INFO - Processing /opt/airflow/dags/crawl_dag.py took 0.178 seconds
[2024-10-28T09:28:36.978+0000] {processor.py:186} INFO - Started process (PID=329) to work on /opt/airflow/dags/crawl_dag.py
[2024-10-28T09:28:36.979+0000] {processor.py:914} INFO - Processing file /opt/airflow/dags/crawl_dag.py for tasks to queue
[2024-10-28T09:28:36.981+0000] {logging_mixin.py:190} INFO - [2024-10-28T09:28:36.980+0000] {dagbag.py:588} INFO - Filling up the DagBag from /opt/airflow/dags/crawl_dag.py
[2024-10-28T09:28:36.996+0000] {processor.py:925} INFO - DAG(s) 'crawl_dag' retrieved from /opt/airflow/dags/crawl_dag.py
[2024-10-28T09:28:37.140+0000] {logging_mixin.py:190} INFO - [2024-10-28T09:28:37.139+0000] {dag.py:3239} INFO - Sync 1 DAGs
[2024-10-28T09:28:37.150+0000] {logging_mixin.py:190} INFO - [2024-10-28T09:28:37.150+0000] {dag.py:4180} INFO - Setting next_dagrun for crawl_dag to None, run_after=None
[2024-10-28T09:28:37.162+0000] {processor.py:208} INFO - Processing /opt/airflow/dags/crawl_dag.py took 0.190 seconds
[2024-10-28T09:28:38.049+0000] {processor.py:186} INFO - Started process (PID=331) to work on /opt/airflow/dags/crawl_dag.py
[2024-10-28T09:28:38.049+0000] {processor.py:914} INFO - Processing file /opt/airflow/dags/crawl_dag.py for tasks to queue
[2024-10-28T09:28:38.051+0000] {logging_mixin.py:190} INFO - [2024-10-28T09:28:38.051+0000] {dagbag.py:588} INFO - Filling up the DagBag from /opt/airflow/dags/crawl_dag.py
[2024-10-28T09:28:38.061+0000] {logging_mixin.py:190} INFO - [2024-10-28T09:28:38.060+0000] {dagbag.py:387} ERROR - Failed to import: /opt/airflow/dags/crawl_dag.py
Traceback (most recent call last):
  File "/home/airflow/.local/lib/python3.12/site-packages/airflow/models/dagbag.py", line 383, in parse
    loader.exec_module(new_module)
  File "<frozen importlib._bootstrap_external>", line 995, in exec_module
  File "<frozen importlib._bootstrap>", line 488, in _call_with_frames_removed
  File "/opt/airflow/dags/crawl_dag.py", line 27, in <module>
    python_path = os.path.join(os.environ['AIRFLOW__CORE__DAGS_FOLDER'], 'crawl')
                               ~~~~~~~~~~^^^^^^^^^^^^^^^^^^^^^^^^^^^^^^
  File "<frozen os>", line 714, in __getitem__
KeyError: 'AIRFLOW__CORE__DAGS_FOLDER'
[2024-10-28T09:28:38.061+0000] {processor.py:927} WARNING - No viable dags retrieved from /opt/airflow/dags/crawl_dag.py
[2024-10-28T09:28:38.077+0000] {processor.py:208} INFO - Processing /opt/airflow/dags/crawl_dag.py took 0.033 seconds
[2024-10-28T09:29:08.341+0000] {processor.py:186} INFO - Started process (PID=339) to work on /opt/airflow/dags/crawl_dag.py
[2024-10-28T09:29:08.341+0000] {processor.py:914} INFO - Processing file /opt/airflow/dags/crawl_dag.py for tasks to queue
[2024-10-28T09:29:08.344+0000] {logging_mixin.py:190} INFO - [2024-10-28T09:29:08.343+0000] {dagbag.py:588} INFO - Filling up the DagBag from /opt/airflow/dags/crawl_dag.py
[2024-10-28T09:29:08.357+0000] {logging_mixin.py:190} INFO - [2024-10-28T09:29:08.355+0000] {dagbag.py:387} ERROR - Failed to import: /opt/airflow/dags/crawl_dag.py
Traceback (most recent call last):
  File "/home/airflow/.local/lib/python3.12/site-packages/airflow/models/dagbag.py", line 383, in parse
    loader.exec_module(new_module)
  File "<frozen importlib._bootstrap_external>", line 995, in exec_module
  File "<frozen importlib._bootstrap>", line 488, in _call_with_frames_removed
  File "/opt/airflow/dags/crawl_dag.py", line 27, in <module>
    python_path = os.path.join(os.environ['AIRFLOW__CORE__DAGS_FOLDER'], 'crawl')
                               ~~~~~~~~~~^^^^^^^^^^^^^^^^^^^^^^^^^^^^^^
  File "<frozen os>", line 714, in __getitem__
KeyError: 'AIRFLOW__CORE__DAGS_FOLDER'
[2024-10-28T09:29:08.357+0000] {processor.py:927} WARNING - No viable dags retrieved from /opt/airflow/dags/crawl_dag.py
[2024-10-28T09:29:08.375+0000] {processor.py:208} INFO - Processing /opt/airflow/dags/crawl_dag.py took 0.041 seconds
[2024-10-28T09:29:38.671+0000] {processor.py:186} INFO - Started process (PID=347) to work on /opt/airflow/dags/crawl_dag.py
[2024-10-28T09:29:38.672+0000] {processor.py:914} INFO - Processing file /opt/airflow/dags/crawl_dag.py for tasks to queue
[2024-10-28T09:29:38.674+0000] {logging_mixin.py:190} INFO - [2024-10-28T09:29:38.674+0000] {dagbag.py:588} INFO - Filling up the DagBag from /opt/airflow/dags/crawl_dag.py
[2024-10-28T09:29:38.685+0000] {logging_mixin.py:190} INFO - [2024-10-28T09:29:38.684+0000] {dagbag.py:387} ERROR - Failed to import: /opt/airflow/dags/crawl_dag.py
Traceback (most recent call last):
  File "/home/airflow/.local/lib/python3.12/site-packages/airflow/models/dagbag.py", line 383, in parse
    loader.exec_module(new_module)
  File "<frozen importlib._bootstrap_external>", line 995, in exec_module
  File "<frozen importlib._bootstrap>", line 488, in _call_with_frames_removed
  File "/opt/airflow/dags/crawl_dag.py", line 27, in <module>
    python_path = os.path.join(os.environ['AIRFLOW__CORE__DAGS_FOLDER'], 'crawl')
                               ~~~~~~~~~~^^^^^^^^^^^^^^^^^^^^^^^^^^^^^^
  File "<frozen os>", line 714, in __getitem__
KeyError: 'AIRFLOW__CORE__DAGS_FOLDER'
[2024-10-28T09:29:38.685+0000] {processor.py:927} WARNING - No viable dags retrieved from /opt/airflow/dags/crawl_dag.py
[2024-10-28T09:29:38.701+0000] {processor.py:208} INFO - Processing /opt/airflow/dags/crawl_dag.py took 0.035 seconds
[2024-10-28T09:30:04.938+0000] {processor.py:186} INFO - Started process (PID=348) to work on /opt/airflow/dags/crawl_dag.py
[2024-10-28T09:30:04.939+0000] {processor.py:914} INFO - Processing file /opt/airflow/dags/crawl_dag.py for tasks to queue
[2024-10-28T09:30:04.941+0000] {logging_mixin.py:190} INFO - [2024-10-28T09:30:04.941+0000] {dagbag.py:588} INFO - Filling up the DagBag from /opt/airflow/dags/crawl_dag.py
[2024-10-28T09:30:04.953+0000] {logging_mixin.py:190} INFO - [2024-10-28T09:30:04.951+0000] {dagbag.py:387} ERROR - Failed to import: /opt/airflow/dags/crawl_dag.py
Traceback (most recent call last):
  File "/home/airflow/.local/lib/python3.12/site-packages/airflow/models/dagbag.py", line 383, in parse
    loader.exec_module(new_module)
  File "<frozen importlib._bootstrap_external>", line 995, in exec_module
  File "<frozen importlib._bootstrap>", line 488, in _call_with_frames_removed
  File "/opt/airflow/dags/crawl_dag.py", line 30, in <module>
    run_crawl_task = PythonOperator(
                     ^^^^^^^^^^^^^^^
  File "/home/airflow/.local/lib/python3.12/site-packages/airflow/models/baseoperator.py", line 490, in apply_defaults
    result = func(self, **kwargs, default_args=default_args)
             ^^^^^^^^^^^^^^^^^^^^^^^^^^^^^^^^^^^^^^^^^^^^^^^
  File "/home/airflow/.local/lib/python3.12/site-packages/airflow/operators/python.py", line 222, in __init__
    super().__init__(**kwargs)
  File "/home/airflow/.local/lib/python3.12/site-packages/airflow/models/baseoperator.py", line 490, in apply_defaults
    result = func(self, **kwargs, default_args=default_args)
             ^^^^^^^^^^^^^^^^^^^^^^^^^^^^^^^^^^^^^^^^^^^^^^^
  File "/home/airflow/.local/lib/python3.12/site-packages/airflow/models/baseoperator.py", line 938, in __init__
    raise AirflowException(
airflow.exceptions.AirflowException: Invalid arguments were passed to PythonOperator (task_id: run_main_function). Invalid arguments were:
**kwargs: {'env_vars': {'PYTHONPATH': '/opt/airflow/dags/crawl'}}
[2024-10-28T09:30:04.953+0000] {processor.py:927} WARNING - No viable dags retrieved from /opt/airflow/dags/crawl_dag.py
[2024-10-28T09:30:04.968+0000] {processor.py:208} INFO - Processing /opt/airflow/dags/crawl_dag.py took 0.036 seconds
[2024-10-28T09:30:35.270+0000] {processor.py:186} INFO - Started process (PID=356) to work on /opt/airflow/dags/crawl_dag.py
[2024-10-28T09:30:35.272+0000] {processor.py:914} INFO - Processing file /opt/airflow/dags/crawl_dag.py for tasks to queue
[2024-10-28T09:30:35.274+0000] {logging_mixin.py:190} INFO - [2024-10-28T09:30:35.273+0000] {dagbag.py:588} INFO - Filling up the DagBag from /opt/airflow/dags/crawl_dag.py
[2024-10-28T09:30:35.292+0000] {logging_mixin.py:190} INFO - [2024-10-28T09:30:35.290+0000] {dagbag.py:387} ERROR - Failed to import: /opt/airflow/dags/crawl_dag.py
Traceback (most recent call last):
  File "/home/airflow/.local/lib/python3.12/site-packages/airflow/models/dagbag.py", line 383, in parse
    loader.exec_module(new_module)
  File "<frozen importlib._bootstrap_external>", line 995, in exec_module
  File "<frozen importlib._bootstrap>", line 488, in _call_with_frames_removed
  File "/opt/airflow/dags/crawl_dag.py", line 30, in <module>
    run_crawl_task = PythonOperator(
                     ^^^^^^^^^^^^^^^
  File "/home/airflow/.local/lib/python3.12/site-packages/airflow/models/baseoperator.py", line 490, in apply_defaults
    result = func(self, **kwargs, default_args=default_args)
             ^^^^^^^^^^^^^^^^^^^^^^^^^^^^^^^^^^^^^^^^^^^^^^^
  File "/home/airflow/.local/lib/python3.12/site-packages/airflow/operators/python.py", line 222, in __init__
    super().__init__(**kwargs)
  File "/home/airflow/.local/lib/python3.12/site-packages/airflow/models/baseoperator.py", line 490, in apply_defaults
    result = func(self, **kwargs, default_args=default_args)
             ^^^^^^^^^^^^^^^^^^^^^^^^^^^^^^^^^^^^^^^^^^^^^^^
  File "/home/airflow/.local/lib/python3.12/site-packages/airflow/models/baseoperator.py", line 938, in __init__
    raise AirflowException(
airflow.exceptions.AirflowException: Invalid arguments were passed to PythonOperator (task_id: run_main_function). Invalid arguments were:
**kwargs: {'env_vars': {'PYTHONPATH': '/opt/airflow/dags/crawl'}}
[2024-10-28T09:30:35.293+0000] {processor.py:927} WARNING - No viable dags retrieved from /opt/airflow/dags/crawl_dag.py
[2024-10-28T09:30:35.307+0000] {processor.py:208} INFO - Processing /opt/airflow/dags/crawl_dag.py took 0.053 seconds
[2024-10-28T09:31:05.558+0000] {processor.py:186} INFO - Started process (PID=364) to work on /opt/airflow/dags/crawl_dag.py
[2024-10-28T09:31:05.559+0000] {processor.py:914} INFO - Processing file /opt/airflow/dags/crawl_dag.py for tasks to queue
[2024-10-28T09:31:05.561+0000] {logging_mixin.py:190} INFO - [2024-10-28T09:31:05.560+0000] {dagbag.py:588} INFO - Filling up the DagBag from /opt/airflow/dags/crawl_dag.py
[2024-10-28T09:31:05.578+0000] {logging_mixin.py:190} INFO - [2024-10-28T09:31:05.576+0000] {dagbag.py:387} ERROR - Failed to import: /opt/airflow/dags/crawl_dag.py
Traceback (most recent call last):
  File "/home/airflow/.local/lib/python3.12/site-packages/airflow/models/dagbag.py", line 383, in parse
    loader.exec_module(new_module)
  File "<frozen importlib._bootstrap_external>", line 995, in exec_module
  File "<frozen importlib._bootstrap>", line 488, in _call_with_frames_removed
  File "/opt/airflow/dags/crawl_dag.py", line 30, in <module>
    run_crawl_task = PythonOperator(
                     ^^^^^^^^^^^^^^^
  File "/home/airflow/.local/lib/python3.12/site-packages/airflow/models/baseoperator.py", line 490, in apply_defaults
    result = func(self, **kwargs, default_args=default_args)
             ^^^^^^^^^^^^^^^^^^^^^^^^^^^^^^^^^^^^^^^^^^^^^^^
  File "/home/airflow/.local/lib/python3.12/site-packages/airflow/operators/python.py", line 222, in __init__
    super().__init__(**kwargs)
  File "/home/airflow/.local/lib/python3.12/site-packages/airflow/models/baseoperator.py", line 490, in apply_defaults
    result = func(self, **kwargs, default_args=default_args)
             ^^^^^^^^^^^^^^^^^^^^^^^^^^^^^^^^^^^^^^^^^^^^^^^
  File "/home/airflow/.local/lib/python3.12/site-packages/airflow/models/baseoperator.py", line 938, in __init__
    raise AirflowException(
airflow.exceptions.AirflowException: Invalid arguments were passed to PythonOperator (task_id: run_main_function). Invalid arguments were:
**kwargs: {'env_vars': {'PYTHONPATH': '/opt/airflow/dags/crawl'}}
[2024-10-28T09:31:05.579+0000] {processor.py:927} WARNING - No viable dags retrieved from /opt/airflow/dags/crawl_dag.py
[2024-10-28T09:31:05.592+0000] {processor.py:208} INFO - Processing /opt/airflow/dags/crawl_dag.py took 0.041 seconds
[2024-10-28T09:31:22.740+0000] {processor.py:186} INFO - Started process (PID=372) to work on /opt/airflow/dags/crawl_dag.py
[2024-10-28T09:31:22.740+0000] {processor.py:914} INFO - Processing file /opt/airflow/dags/crawl_dag.py for tasks to queue
[2024-10-28T09:31:22.741+0000] {logging_mixin.py:190} INFO - [2024-10-28T09:31:22.741+0000] {dagbag.py:588} INFO - Filling up the DagBag from /opt/airflow/dags/crawl_dag.py
[2024-10-28T09:31:22.757+0000] {logging_mixin.py:190} INFO - [2024-10-28T09:31:22.752+0000] {dagbag.py:387} ERROR - Failed to import: /opt/airflow/dags/crawl_dag.py
Traceback (most recent call last):
  File "/home/airflow/.local/lib/python3.12/site-packages/airflow/models/dagbag.py", line 383, in parse
    loader.exec_module(new_module)
  File "<frozen importlib._bootstrap_external>", line 995, in exec_module
  File "<frozen importlib._bootstrap>", line 488, in _call_with_frames_removed
  File "/opt/airflow/dags/crawl_dag.py", line 35, in <module>
    'PYTHONPATH': python_path,  # Set PYTHONPATH to include the crawl directory
                  ^^^^^^^^^^^
NameError: name 'python_path' is not defined
[2024-10-28T09:31:22.762+0000] {processor.py:927} WARNING - No viable dags retrieved from /opt/airflow/dags/crawl_dag.py
[2024-10-28T09:31:22.775+0000] {processor.py:208} INFO - Processing /opt/airflow/dags/crawl_dag.py took 0.040 seconds
[2024-10-28T09:31:53.042+0000] {processor.py:186} INFO - Started process (PID=380) to work on /opt/airflow/dags/crawl_dag.py
[2024-10-28T09:31:53.043+0000] {processor.py:914} INFO - Processing file /opt/airflow/dags/crawl_dag.py for tasks to queue
[2024-10-28T09:31:53.044+0000] {logging_mixin.py:190} INFO - [2024-10-28T09:31:53.044+0000] {dagbag.py:588} INFO - Filling up the DagBag from /opt/airflow/dags/crawl_dag.py
[2024-10-28T09:31:53.058+0000] {logging_mixin.py:190} INFO - [2024-10-28T09:31:53.053+0000] {dagbag.py:387} ERROR - Failed to import: /opt/airflow/dags/crawl_dag.py
Traceback (most recent call last):
  File "/home/airflow/.local/lib/python3.12/site-packages/airflow/models/dagbag.py", line 383, in parse
    loader.exec_module(new_module)
  File "<frozen importlib._bootstrap_external>", line 995, in exec_module
  File "<frozen importlib._bootstrap>", line 488, in _call_with_frames_removed
  File "/opt/airflow/dags/crawl_dag.py", line 35, in <module>
    'PYTHONPATH': python_path,  # Set PYTHONPATH to include the crawl directory
                  ^^^^^^^^^^^
NameError: name 'python_path' is not defined
[2024-10-28T09:31:53.062+0000] {processor.py:927} WARNING - No viable dags retrieved from /opt/airflow/dags/crawl_dag.py
[2024-10-28T09:31:53.075+0000] {processor.py:208} INFO - Processing /opt/airflow/dags/crawl_dag.py took 0.038 seconds
[2024-10-28T09:32:23.377+0000] {processor.py:186} INFO - Started process (PID=388) to work on /opt/airflow/dags/crawl_dag.py
[2024-10-28T09:32:23.378+0000] {processor.py:914} INFO - Processing file /opt/airflow/dags/crawl_dag.py for tasks to queue
[2024-10-28T09:32:23.379+0000] {logging_mixin.py:190} INFO - [2024-10-28T09:32:23.379+0000] {dagbag.py:588} INFO - Filling up the DagBag from /opt/airflow/dags/crawl_dag.py
[2024-10-28T09:32:23.393+0000] {logging_mixin.py:190} INFO - [2024-10-28T09:32:23.388+0000] {dagbag.py:387} ERROR - Failed to import: /opt/airflow/dags/crawl_dag.py
Traceback (most recent call last):
  File "/home/airflow/.local/lib/python3.12/site-packages/airflow/models/dagbag.py", line 383, in parse
    loader.exec_module(new_module)
  File "<frozen importlib._bootstrap_external>", line 995, in exec_module
  File "<frozen importlib._bootstrap>", line 488, in _call_with_frames_removed
  File "/opt/airflow/dags/crawl_dag.py", line 35, in <module>
    'PYTHONPATH': python_path,  # Set PYTHONPATH to include the crawl directory
                  ^^^^^^^^^^^
NameError: name 'python_path' is not defined
[2024-10-28T09:32:23.396+0000] {processor.py:927} WARNING - No viable dags retrieved from /opt/airflow/dags/crawl_dag.py
[2024-10-28T09:32:23.409+0000] {processor.py:208} INFO - Processing /opt/airflow/dags/crawl_dag.py took 0.037 seconds
[2024-10-28T09:32:53.674+0000] {processor.py:186} INFO - Started process (PID=405) to work on /opt/airflow/dags/crawl_dag.py
[2024-10-28T09:32:53.675+0000] {processor.py:914} INFO - Processing file /opt/airflow/dags/crawl_dag.py for tasks to queue
[2024-10-28T09:32:53.676+0000] {logging_mixin.py:190} INFO - [2024-10-28T09:32:53.676+0000] {dagbag.py:588} INFO - Filling up the DagBag from /opt/airflow/dags/crawl_dag.py
[2024-10-28T09:32:53.690+0000] {logging_mixin.py:190} INFO - [2024-10-28T09:32:53.686+0000] {dagbag.py:387} ERROR - Failed to import: /opt/airflow/dags/crawl_dag.py
Traceback (most recent call last):
  File "/home/airflow/.local/lib/python3.12/site-packages/airflow/models/dagbag.py", line 383, in parse
    loader.exec_module(new_module)
  File "<frozen importlib._bootstrap_external>", line 995, in exec_module
  File "<frozen importlib._bootstrap>", line 488, in _call_with_frames_removed
  File "/opt/airflow/dags/crawl_dag.py", line 35, in <module>
    'PYTHONPATH': python_path,  # Set PYTHONPATH to include the crawl directory
                  ^^^^^^^^^^^
NameError: name 'python_path' is not defined
[2024-10-28T09:32:53.694+0000] {processor.py:927} WARNING - No viable dags retrieved from /opt/airflow/dags/crawl_dag.py
[2024-10-28T09:32:53.709+0000] {processor.py:208} INFO - Processing /opt/airflow/dags/crawl_dag.py took 0.039 seconds
[2024-10-28T09:33:23.955+0000] {processor.py:186} INFO - Started process (PID=413) to work on /opt/airflow/dags/crawl_dag.py
[2024-10-28T09:33:23.956+0000] {processor.py:914} INFO - Processing file /opt/airflow/dags/crawl_dag.py for tasks to queue
[2024-10-28T09:33:23.958+0000] {logging_mixin.py:190} INFO - [2024-10-28T09:33:23.957+0000] {dagbag.py:588} INFO - Filling up the DagBag from /opt/airflow/dags/crawl_dag.py
[2024-10-28T09:33:23.978+0000] {logging_mixin.py:190} INFO - [2024-10-28T09:33:23.972+0000] {dagbag.py:387} ERROR - Failed to import: /opt/airflow/dags/crawl_dag.py
Traceback (most recent call last):
  File "/home/airflow/.local/lib/python3.12/site-packages/airflow/models/dagbag.py", line 383, in parse
    loader.exec_module(new_module)
  File "<frozen importlib._bootstrap_external>", line 995, in exec_module
  File "<frozen importlib._bootstrap>", line 488, in _call_with_frames_removed
  File "/opt/airflow/dags/crawl_dag.py", line 35, in <module>
    'PYTHONPATH': python_path,  # Set PYTHONPATH to include the crawl directory
                  ^^^^^^^^^^^
NameError: name 'python_path' is not defined
[2024-10-28T09:33:23.982+0000] {processor.py:927} WARNING - No viable dags retrieved from /opt/airflow/dags/crawl_dag.py
[2024-10-28T09:33:23.995+0000] {processor.py:208} INFO - Processing /opt/airflow/dags/crawl_dag.py took 0.047 seconds
[2024-10-28T09:33:43.201+0000] {processor.py:186} INFO - Started process (PID=421) to work on /opt/airflow/dags/crawl_dag.py
[2024-10-28T09:33:43.202+0000] {processor.py:914} INFO - Processing file /opt/airflow/dags/crawl_dag.py for tasks to queue
[2024-10-28T09:33:43.204+0000] {logging_mixin.py:190} INFO - [2024-10-28T09:33:43.204+0000] {dagbag.py:588} INFO - Filling up the DagBag from /opt/airflow/dags/crawl_dag.py
[2024-10-28T09:33:43.224+0000] {processor.py:925} INFO - DAG(s) 'crawl_dag' retrieved from /opt/airflow/dags/crawl_dag.py
[2024-10-28T09:33:43.444+0000] {logging_mixin.py:190} INFO - [2024-10-28T09:33:43.444+0000] {dag.py:3239} INFO - Sync 1 DAGs
[2024-10-28T09:33:43.454+0000] {logging_mixin.py:190} INFO - [2024-10-28T09:33:43.453+0000] {dag.py:4180} INFO - Setting next_dagrun for crawl_dag to None, run_after=None
[2024-10-28T09:33:43.469+0000] {processor.py:208} INFO - Processing /opt/airflow/dags/crawl_dag.py took 0.286 seconds
[2024-10-28T09:34:14.474+0000] {processor.py:186} INFO - Started process (PID=429) to work on /opt/airflow/dags/crawl_dag.py
[2024-10-28T09:34:14.475+0000] {processor.py:914} INFO - Processing file /opt/airflow/dags/crawl_dag.py for tasks to queue
[2024-10-28T09:34:14.477+0000] {logging_mixin.py:190} INFO - [2024-10-28T09:34:14.476+0000] {dagbag.py:588} INFO - Filling up the DagBag from /opt/airflow/dags/crawl_dag.py
[2024-10-28T09:34:14.499+0000] {processor.py:925} INFO - DAG(s) 'crawl_dag' retrieved from /opt/airflow/dags/crawl_dag.py
[2024-10-28T09:34:14.642+0000] {logging_mixin.py:190} INFO - [2024-10-28T09:34:14.641+0000] {dag.py:3239} INFO - Sync 1 DAGs
[2024-10-28T09:34:14.653+0000] {logging_mixin.py:190} INFO - [2024-10-28T09:34:14.653+0000] {dag.py:4180} INFO - Setting next_dagrun for crawl_dag to None, run_after=None
[2024-10-28T09:34:14.666+0000] {processor.py:208} INFO - Processing /opt/airflow/dags/crawl_dag.py took 0.202 seconds
[2024-10-28T09:34:44.804+0000] {processor.py:186} INFO - Started process (PID=437) to work on /opt/airflow/dags/crawl_dag.py
[2024-10-28T09:34:44.806+0000] {processor.py:914} INFO - Processing file /opt/airflow/dags/crawl_dag.py for tasks to queue
[2024-10-28T09:34:44.808+0000] {logging_mixin.py:190} INFO - [2024-10-28T09:34:44.808+0000] {dagbag.py:588} INFO - Filling up the DagBag from /opt/airflow/dags/crawl_dag.py
[2024-10-28T09:34:44.826+0000] {processor.py:925} INFO - DAG(s) 'crawl_dag' retrieved from /opt/airflow/dags/crawl_dag.py
[2024-10-28T09:34:44.847+0000] {logging_mixin.py:190} INFO - [2024-10-28T09:34:44.846+0000] {dag.py:3239} INFO - Sync 1 DAGs
[2024-10-28T09:34:44.859+0000] {logging_mixin.py:190} INFO - [2024-10-28T09:34:44.859+0000] {dag.py:4180} INFO - Setting next_dagrun for crawl_dag to None, run_after=None
[2024-10-28T09:34:44.874+0000] {processor.py:208} INFO - Processing /opt/airflow/dags/crawl_dag.py took 0.080 seconds
[2024-10-28T09:35:15.151+0000] {processor.py:186} INFO - Started process (PID=445) to work on /opt/airflow/dags/crawl_dag.py
[2024-10-28T09:35:15.153+0000] {processor.py:914} INFO - Processing file /opt/airflow/dags/crawl_dag.py for tasks to queue
[2024-10-28T09:35:15.154+0000] {logging_mixin.py:190} INFO - [2024-10-28T09:35:15.154+0000] {dagbag.py:588} INFO - Filling up the DagBag from /opt/airflow/dags/crawl_dag.py
[2024-10-28T09:35:15.175+0000] {processor.py:925} INFO - DAG(s) 'crawl_dag' retrieved from /opt/airflow/dags/crawl_dag.py
[2024-10-28T09:35:15.194+0000] {logging_mixin.py:190} INFO - [2024-10-28T09:35:15.194+0000] {dag.py:3239} INFO - Sync 1 DAGs
[2024-10-28T09:35:15.206+0000] {logging_mixin.py:190} INFO - [2024-10-28T09:35:15.206+0000] {dag.py:4180} INFO - Setting next_dagrun for crawl_dag to None, run_after=None
[2024-10-28T09:35:15.220+0000] {processor.py:208} INFO - Processing /opt/airflow/dags/crawl_dag.py took 0.085 seconds
[2024-10-28T09:35:45.486+0000] {processor.py:186} INFO - Started process (PID=453) to work on /opt/airflow/dags/crawl_dag.py
[2024-10-28T09:35:45.487+0000] {processor.py:914} INFO - Processing file /opt/airflow/dags/crawl_dag.py for tasks to queue
[2024-10-28T09:35:45.488+0000] {logging_mixin.py:190} INFO - [2024-10-28T09:35:45.488+0000] {dagbag.py:588} INFO - Filling up the DagBag from /opt/airflow/dags/crawl_dag.py
[2024-10-28T09:35:45.501+0000] {processor.py:925} INFO - DAG(s) 'crawl_dag' retrieved from /opt/airflow/dags/crawl_dag.py
[2024-10-28T09:35:45.520+0000] {logging_mixin.py:190} INFO - [2024-10-28T09:35:45.520+0000] {dag.py:3239} INFO - Sync 1 DAGs
[2024-10-28T09:35:45.533+0000] {logging_mixin.py:190} INFO - [2024-10-28T09:35:45.532+0000] {dag.py:4180} INFO - Setting next_dagrun for crawl_dag to None, run_after=None
[2024-10-28T09:35:45.547+0000] {processor.py:208} INFO - Processing /opt/airflow/dags/crawl_dag.py took 0.066 seconds
[2024-10-28T09:36:15.838+0000] {processor.py:186} INFO - Started process (PID=461) to work on /opt/airflow/dags/crawl_dag.py
[2024-10-28T09:36:15.840+0000] {processor.py:914} INFO - Processing file /opt/airflow/dags/crawl_dag.py for tasks to queue
[2024-10-28T09:36:15.842+0000] {logging_mixin.py:190} INFO - [2024-10-28T09:36:15.842+0000] {dagbag.py:588} INFO - Filling up the DagBag from /opt/airflow/dags/crawl_dag.py
[2024-10-28T09:36:15.866+0000] {processor.py:925} INFO - DAG(s) 'crawl_dag' retrieved from /opt/airflow/dags/crawl_dag.py
[2024-10-28T09:36:15.888+0000] {logging_mixin.py:190} INFO - [2024-10-28T09:36:15.888+0000] {dag.py:3239} INFO - Sync 1 DAGs
[2024-10-28T09:36:16.012+0000] {logging_mixin.py:190} INFO - [2024-10-28T09:36:16.012+0000] {dag.py:4180} INFO - Setting next_dagrun for crawl_dag to None, run_after=None
[2024-10-28T09:36:16.026+0000] {processor.py:208} INFO - Processing /opt/airflow/dags/crawl_dag.py took 0.209 seconds
[2024-10-28T09:36:46.152+0000] {processor.py:186} INFO - Started process (PID=469) to work on /opt/airflow/dags/crawl_dag.py
[2024-10-28T09:36:46.153+0000] {processor.py:914} INFO - Processing file /opt/airflow/dags/crawl_dag.py for tasks to queue
[2024-10-28T09:36:46.154+0000] {logging_mixin.py:190} INFO - [2024-10-28T09:36:46.153+0000] {dagbag.py:588} INFO - Filling up the DagBag from /opt/airflow/dags/crawl_dag.py
[2024-10-28T09:36:46.168+0000] {processor.py:925} INFO - DAG(s) 'crawl_dag' retrieved from /opt/airflow/dags/crawl_dag.py
[2024-10-28T09:36:46.188+0000] {logging_mixin.py:190} INFO - [2024-10-28T09:36:46.188+0000] {dag.py:3239} INFO - Sync 1 DAGs
[2024-10-28T09:36:46.311+0000] {logging_mixin.py:190} INFO - [2024-10-28T09:36:46.311+0000] {dag.py:4180} INFO - Setting next_dagrun for crawl_dag to None, run_after=None
[2024-10-28T09:36:46.324+0000] {processor.py:208} INFO - Processing /opt/airflow/dags/crawl_dag.py took 0.177 seconds
[2024-10-28T09:37:16.540+0000] {processor.py:186} INFO - Started process (PID=477) to work on /opt/airflow/dags/crawl_dag.py
[2024-10-28T09:37:16.541+0000] {processor.py:914} INFO - Processing file /opt/airflow/dags/crawl_dag.py for tasks to queue
[2024-10-28T09:37:16.543+0000] {logging_mixin.py:190} INFO - [2024-10-28T09:37:16.543+0000] {dagbag.py:588} INFO - Filling up the DagBag from /opt/airflow/dags/crawl_dag.py
[2024-10-28T09:37:16.566+0000] {processor.py:925} INFO - DAG(s) 'crawl_dag' retrieved from /opt/airflow/dags/crawl_dag.py
[2024-10-28T09:37:16.586+0000] {logging_mixin.py:190} INFO - [2024-10-28T09:37:16.586+0000] {dag.py:3239} INFO - Sync 1 DAGs
[2024-10-28T09:37:16.597+0000] {logging_mixin.py:190} INFO - [2024-10-28T09:37:16.597+0000] {dag.py:4180} INFO - Setting next_dagrun for crawl_dag to None, run_after=None
[2024-10-28T09:37:16.611+0000] {processor.py:208} INFO - Processing /opt/airflow/dags/crawl_dag.py took 0.084 seconds
[2024-10-28T09:37:46.899+0000] {processor.py:186} INFO - Started process (PID=485) to work on /opt/airflow/dags/crawl_dag.py
[2024-10-28T09:37:46.900+0000] {processor.py:914} INFO - Processing file /opt/airflow/dags/crawl_dag.py for tasks to queue
[2024-10-28T09:37:46.902+0000] {logging_mixin.py:190} INFO - [2024-10-28T09:37:46.901+0000] {dagbag.py:588} INFO - Filling up the DagBag from /opt/airflow/dags/crawl_dag.py
[2024-10-28T09:37:46.920+0000] {processor.py:925} INFO - DAG(s) 'crawl_dag' retrieved from /opt/airflow/dags/crawl_dag.py
[2024-10-28T09:37:46.942+0000] {logging_mixin.py:190} INFO - [2024-10-28T09:37:46.941+0000] {dag.py:3239} INFO - Sync 1 DAGs
[2024-10-28T09:37:46.954+0000] {logging_mixin.py:190} INFO - [2024-10-28T09:37:46.954+0000] {dag.py:4180} INFO - Setting next_dagrun for crawl_dag to None, run_after=None
[2024-10-28T09:37:46.970+0000] {processor.py:208} INFO - Processing /opt/airflow/dags/crawl_dag.py took 0.086 seconds
[2024-10-28T09:38:17.929+0000] {processor.py:186} INFO - Started process (PID=493) to work on /opt/airflow/dags/crawl_dag.py
[2024-10-28T09:38:17.930+0000] {processor.py:914} INFO - Processing file /opt/airflow/dags/crawl_dag.py for tasks to queue
[2024-10-28T09:38:17.931+0000] {logging_mixin.py:190} INFO - [2024-10-28T09:38:17.931+0000] {dagbag.py:588} INFO - Filling up the DagBag from /opt/airflow/dags/crawl_dag.py
[2024-10-28T09:38:17.946+0000] {processor.py:925} INFO - DAG(s) 'crawl_dag' retrieved from /opt/airflow/dags/crawl_dag.py
[2024-10-28T09:38:17.971+0000] {logging_mixin.py:190} INFO - [2024-10-28T09:38:17.970+0000] {dag.py:3239} INFO - Sync 1 DAGs
[2024-10-28T09:38:17.987+0000] {logging_mixin.py:190} INFO - [2024-10-28T09:38:17.986+0000] {dag.py:4180} INFO - Setting next_dagrun for crawl_dag to None, run_after=None
[2024-10-28T09:38:18.042+0000] {processor.py:208} INFO - Processing /opt/airflow/dags/crawl_dag.py took 0.118 seconds
[2024-10-28T09:38:48.232+0000] {processor.py:186} INFO - Started process (PID=501) to work on /opt/airflow/dags/crawl_dag.py
[2024-10-28T09:38:48.233+0000] {processor.py:914} INFO - Processing file /opt/airflow/dags/crawl_dag.py for tasks to queue
[2024-10-28T09:38:48.234+0000] {logging_mixin.py:190} INFO - [2024-10-28T09:38:48.234+0000] {dagbag.py:588} INFO - Filling up the DagBag from /opt/airflow/dags/crawl_dag.py
[2024-10-28T09:38:48.250+0000] {processor.py:925} INFO - DAG(s) 'crawl_dag' retrieved from /opt/airflow/dags/crawl_dag.py
[2024-10-28T09:38:48.273+0000] {logging_mixin.py:190} INFO - [2024-10-28T09:38:48.272+0000] {dag.py:3239} INFO - Sync 1 DAGs
[2024-10-28T09:38:48.286+0000] {logging_mixin.py:190} INFO - [2024-10-28T09:38:48.285+0000] {dag.py:4180} INFO - Setting next_dagrun for crawl_dag to None, run_after=None
[2024-10-28T09:38:48.303+0000] {processor.py:208} INFO - Processing /opt/airflow/dags/crawl_dag.py took 0.077 seconds
[2024-10-28T09:39:18.552+0000] {processor.py:186} INFO - Started process (PID=509) to work on /opt/airflow/dags/crawl_dag.py
[2024-10-28T09:39:18.554+0000] {processor.py:914} INFO - Processing file /opt/airflow/dags/crawl_dag.py for tasks to queue
[2024-10-28T09:39:18.557+0000] {logging_mixin.py:190} INFO - [2024-10-28T09:39:18.556+0000] {dagbag.py:588} INFO - Filling up the DagBag from /opt/airflow/dags/crawl_dag.py
[2024-10-28T09:39:18.577+0000] {processor.py:925} INFO - DAG(s) 'crawl_dag' retrieved from /opt/airflow/dags/crawl_dag.py
[2024-10-28T09:39:18.601+0000] {logging_mixin.py:190} INFO - [2024-10-28T09:39:18.600+0000] {dag.py:3239} INFO - Sync 1 DAGs
[2024-10-28T09:39:18.734+0000] {logging_mixin.py:190} INFO - [2024-10-28T09:39:18.733+0000] {dag.py:4180} INFO - Setting next_dagrun for crawl_dag to None, run_after=None
[2024-10-28T09:39:18.748+0000] {processor.py:208} INFO - Processing /opt/airflow/dags/crawl_dag.py took 0.212 seconds
[2024-10-28T09:39:48.822+0000] {processor.py:186} INFO - Started process (PID=517) to work on /opt/airflow/dags/crawl_dag.py
[2024-10-28T09:39:48.824+0000] {processor.py:914} INFO - Processing file /opt/airflow/dags/crawl_dag.py for tasks to queue
[2024-10-28T09:39:48.825+0000] {logging_mixin.py:190} INFO - [2024-10-28T09:39:48.825+0000] {dagbag.py:588} INFO - Filling up the DagBag from /opt/airflow/dags/crawl_dag.py
[2024-10-28T09:39:48.844+0000] {processor.py:925} INFO - DAG(s) 'crawl_dag' retrieved from /opt/airflow/dags/crawl_dag.py
[2024-10-28T09:39:48.864+0000] {logging_mixin.py:190} INFO - [2024-10-28T09:39:48.864+0000] {dag.py:3239} INFO - Sync 1 DAGs
[2024-10-28T09:39:48.989+0000] {logging_mixin.py:190} INFO - [2024-10-28T09:39:48.989+0000] {dag.py:4180} INFO - Setting next_dagrun for crawl_dag to None, run_after=None
[2024-10-28T09:39:49.002+0000] {processor.py:208} INFO - Processing /opt/airflow/dags/crawl_dag.py took 0.194 seconds
[2024-10-28T09:40:19.112+0000] {processor.py:186} INFO - Started process (PID=525) to work on /opt/airflow/dags/crawl_dag.py
[2024-10-28T09:40:19.113+0000] {processor.py:914} INFO - Processing file /opt/airflow/dags/crawl_dag.py for tasks to queue
[2024-10-28T09:40:19.115+0000] {logging_mixin.py:190} INFO - [2024-10-28T09:40:19.114+0000] {dagbag.py:588} INFO - Filling up the DagBag from /opt/airflow/dags/crawl_dag.py
[2024-10-28T09:40:19.134+0000] {processor.py:925} INFO - DAG(s) 'crawl_dag' retrieved from /opt/airflow/dags/crawl_dag.py
[2024-10-28T09:40:19.154+0000] {logging_mixin.py:190} INFO - [2024-10-28T09:40:19.154+0000] {dag.py:3239} INFO - Sync 1 DAGs
[2024-10-28T09:40:19.167+0000] {logging_mixin.py:190} INFO - [2024-10-28T09:40:19.167+0000] {dag.py:4180} INFO - Setting next_dagrun for crawl_dag to None, run_after=None
[2024-10-28T09:40:19.183+0000] {processor.py:208} INFO - Processing /opt/airflow/dags/crawl_dag.py took 0.082 seconds
[2024-10-28T09:40:49.357+0000] {processor.py:186} INFO - Started process (PID=533) to work on /opt/airflow/dags/crawl_dag.py
[2024-10-28T09:40:49.359+0000] {processor.py:914} INFO - Processing file /opt/airflow/dags/crawl_dag.py for tasks to queue
[2024-10-28T09:40:49.362+0000] {logging_mixin.py:190} INFO - [2024-10-28T09:40:49.361+0000] {dagbag.py:588} INFO - Filling up the DagBag from /opt/airflow/dags/crawl_dag.py
[2024-10-28T09:40:49.390+0000] {processor.py:925} INFO - DAG(s) 'crawl_dag' retrieved from /opt/airflow/dags/crawl_dag.py
[2024-10-28T09:40:49.416+0000] {logging_mixin.py:190} INFO - [2024-10-28T09:40:49.415+0000] {dag.py:3239} INFO - Sync 1 DAGs
[2024-10-28T09:40:49.430+0000] {logging_mixin.py:190} INFO - [2024-10-28T09:40:49.430+0000] {dag.py:4180} INFO - Setting next_dagrun for crawl_dag to None, run_after=None
[2024-10-28T09:40:49.449+0000] {processor.py:208} INFO - Processing /opt/airflow/dags/crawl_dag.py took 0.104 seconds
[2024-10-28T09:45:24.563+0000] {processor.py:186} INFO - Started process (PID=36) to work on /opt/airflow/dags/crawl_dag.py
[2024-10-28T09:45:24.564+0000] {processor.py:914} INFO - Processing file /opt/airflow/dags/crawl_dag.py for tasks to queue
[2024-10-28T09:45:24.567+0000] {logging_mixin.py:190} INFO - [2024-10-28T09:45:24.566+0000] {dagbag.py:588} INFO - Filling up the DagBag from /opt/airflow/dags/crawl_dag.py
[2024-10-28T09:45:24.595+0000] {processor.py:925} INFO - DAG(s) 'crawl_dag' retrieved from /opt/airflow/dags/crawl_dag.py
[2024-10-28T09:45:24.637+0000] {logging_mixin.py:190} INFO - [2024-10-28T09:45:24.636+0000] {dag.py:3239} INFO - Sync 1 DAGs
[2024-10-28T09:45:24.656+0000] {logging_mixin.py:190} INFO - [2024-10-28T09:45:24.656+0000] {dag.py:4180} INFO - Setting next_dagrun for crawl_dag to None, run_after=None
[2024-10-28T09:45:24.676+0000] {processor.py:208} INFO - Processing /opt/airflow/dags/crawl_dag.py took 0.120 seconds
[2024-10-28T09:45:54.848+0000] {processor.py:186} INFO - Started process (PID=44) to work on /opt/airflow/dags/crawl_dag.py
[2024-10-28T09:45:54.850+0000] {processor.py:914} INFO - Processing file /opt/airflow/dags/crawl_dag.py for tasks to queue
[2024-10-28T09:45:54.853+0000] {logging_mixin.py:190} INFO - [2024-10-28T09:45:54.853+0000] {dagbag.py:588} INFO - Filling up the DagBag from /opt/airflow/dags/crawl_dag.py
[2024-10-28T09:45:54.871+0000] {processor.py:925} INFO - DAG(s) 'crawl_dag' retrieved from /opt/airflow/dags/crawl_dag.py
[2024-10-28T09:45:54.894+0000] {logging_mixin.py:190} INFO - [2024-10-28T09:45:54.894+0000] {dag.py:3239} INFO - Sync 1 DAGs
[2024-10-28T09:45:54.906+0000] {logging_mixin.py:190} INFO - [2024-10-28T09:45:54.906+0000] {dag.py:4180} INFO - Setting next_dagrun for crawl_dag to None, run_after=None
[2024-10-28T09:45:54.922+0000] {processor.py:208} INFO - Processing /opt/airflow/dags/crawl_dag.py took 0.087 seconds
[2024-10-28T09:46:25.162+0000] {processor.py:186} INFO - Started process (PID=52) to work on /opt/airflow/dags/crawl_dag.py
[2024-10-28T09:46:25.163+0000] {processor.py:914} INFO - Processing file /opt/airflow/dags/crawl_dag.py for tasks to queue
[2024-10-28T09:46:25.168+0000] {logging_mixin.py:190} INFO - [2024-10-28T09:46:25.168+0000] {dagbag.py:588} INFO - Filling up the DagBag from /opt/airflow/dags/crawl_dag.py
[2024-10-28T09:46:25.182+0000] {processor.py:925} INFO - DAG(s) 'crawl_dag' retrieved from /opt/airflow/dags/crawl_dag.py
[2024-10-28T09:46:25.202+0000] {logging_mixin.py:190} INFO - [2024-10-28T09:46:25.202+0000] {dag.py:3239} INFO - Sync 1 DAGs
[2024-10-28T09:46:25.217+0000] {logging_mixin.py:190} INFO - [2024-10-28T09:46:25.217+0000] {dag.py:4180} INFO - Setting next_dagrun for crawl_dag to None, run_after=None
[2024-10-28T09:46:25.233+0000] {processor.py:208} INFO - Processing /opt/airflow/dags/crawl_dag.py took 0.079 seconds
[2024-10-28T09:46:55.498+0000] {processor.py:186} INFO - Started process (PID=60) to work on /opt/airflow/dags/crawl_dag.py
[2024-10-28T09:46:55.499+0000] {processor.py:914} INFO - Processing file /opt/airflow/dags/crawl_dag.py for tasks to queue
[2024-10-28T09:46:55.501+0000] {logging_mixin.py:190} INFO - [2024-10-28T09:46:55.501+0000] {dagbag.py:588} INFO - Filling up the DagBag from /opt/airflow/dags/crawl_dag.py
[2024-10-28T09:46:55.517+0000] {processor.py:925} INFO - DAG(s) 'crawl_dag' retrieved from /opt/airflow/dags/crawl_dag.py
[2024-10-28T09:46:55.541+0000] {logging_mixin.py:190} INFO - [2024-10-28T09:46:55.541+0000] {dag.py:3239} INFO - Sync 1 DAGs
[2024-10-28T09:46:55.554+0000] {logging_mixin.py:190} INFO - [2024-10-28T09:46:55.553+0000] {dag.py:4180} INFO - Setting next_dagrun for crawl_dag to None, run_after=None
[2024-10-28T09:46:55.570+0000] {processor.py:208} INFO - Processing /opt/airflow/dags/crawl_dag.py took 0.081 seconds
[2024-10-28T09:47:25.811+0000] {processor.py:186} INFO - Started process (PID=78) to work on /opt/airflow/dags/crawl_dag.py
[2024-10-28T09:47:25.811+0000] {processor.py:914} INFO - Processing file /opt/airflow/dags/crawl_dag.py for tasks to queue
[2024-10-28T09:47:25.813+0000] {logging_mixin.py:190} INFO - [2024-10-28T09:47:25.813+0000] {dagbag.py:588} INFO - Filling up the DagBag from /opt/airflow/dags/crawl_dag.py
[2024-10-28T09:47:25.826+0000] {processor.py:925} INFO - DAG(s) 'crawl_dag' retrieved from /opt/airflow/dags/crawl_dag.py
[2024-10-28T09:47:25.849+0000] {logging_mixin.py:190} INFO - [2024-10-28T09:47:25.848+0000] {dag.py:3239} INFO - Sync 1 DAGs
[2024-10-28T09:47:25.861+0000] {logging_mixin.py:190} INFO - [2024-10-28T09:47:25.861+0000] {dag.py:4180} INFO - Setting next_dagrun for crawl_dag to None, run_after=None
[2024-10-28T09:47:25.877+0000] {processor.py:208} INFO - Processing /opt/airflow/dags/crawl_dag.py took 0.071 seconds
[2024-10-28T09:47:56.176+0000] {processor.py:186} INFO - Started process (PID=87) to work on /opt/airflow/dags/crawl_dag.py
[2024-10-28T09:47:56.177+0000] {processor.py:914} INFO - Processing file /opt/airflow/dags/crawl_dag.py for tasks to queue
[2024-10-28T09:47:56.179+0000] {logging_mixin.py:190} INFO - [2024-10-28T09:47:56.179+0000] {dagbag.py:588} INFO - Filling up the DagBag from /opt/airflow/dags/crawl_dag.py
[2024-10-28T09:47:56.195+0000] {processor.py:925} INFO - DAG(s) 'crawl_dag' retrieved from /opt/airflow/dags/crawl_dag.py
[2024-10-28T09:47:56.217+0000] {logging_mixin.py:190} INFO - [2024-10-28T09:47:56.217+0000] {dag.py:3239} INFO - Sync 1 DAGs
[2024-10-28T09:47:56.230+0000] {logging_mixin.py:190} INFO - [2024-10-28T09:47:56.230+0000] {dag.py:4180} INFO - Setting next_dagrun for crawl_dag to None, run_after=None
[2024-10-28T09:47:56.246+0000] {processor.py:208} INFO - Processing /opt/airflow/dags/crawl_dag.py took 0.079 seconds
[2024-10-28T09:48:26.510+0000] {processor.py:186} INFO - Started process (PID=95) to work on /opt/airflow/dags/crawl_dag.py
[2024-10-28T09:48:26.511+0000] {processor.py:914} INFO - Processing file /opt/airflow/dags/crawl_dag.py for tasks to queue
[2024-10-28T09:48:26.513+0000] {logging_mixin.py:190} INFO - [2024-10-28T09:48:26.512+0000] {dagbag.py:588} INFO - Filling up the DagBag from /opt/airflow/dags/crawl_dag.py
[2024-10-28T09:48:26.528+0000] {processor.py:925} INFO - DAG(s) 'crawl_dag' retrieved from /opt/airflow/dags/crawl_dag.py
[2024-10-28T09:48:26.548+0000] {logging_mixin.py:190} INFO - [2024-10-28T09:48:26.547+0000] {dag.py:3239} INFO - Sync 1 DAGs
[2024-10-28T09:48:26.559+0000] {logging_mixin.py:190} INFO - [2024-10-28T09:48:26.559+0000] {dag.py:4180} INFO - Setting next_dagrun for crawl_dag to None, run_after=None
[2024-10-28T09:48:26.574+0000] {processor.py:208} INFO - Processing /opt/airflow/dags/crawl_dag.py took 0.071 seconds
[2024-10-28T09:48:56.789+0000] {processor.py:186} INFO - Started process (PID=103) to work on /opt/airflow/dags/crawl_dag.py
[2024-10-28T09:48:56.790+0000] {processor.py:914} INFO - Processing file /opt/airflow/dags/crawl_dag.py for tasks to queue
[2024-10-28T09:48:56.792+0000] {logging_mixin.py:190} INFO - [2024-10-28T09:48:56.792+0000] {dagbag.py:588} INFO - Filling up the DagBag from /opt/airflow/dags/crawl_dag.py
[2024-10-28T09:48:56.807+0000] {processor.py:925} INFO - DAG(s) 'crawl_dag' retrieved from /opt/airflow/dags/crawl_dag.py
[2024-10-28T09:48:56.828+0000] {logging_mixin.py:190} INFO - [2024-10-28T09:48:56.827+0000] {dag.py:3239} INFO - Sync 1 DAGs
[2024-10-28T09:48:56.839+0000] {logging_mixin.py:190} INFO - [2024-10-28T09:48:56.839+0000] {dag.py:4180} INFO - Setting next_dagrun for crawl_dag to None, run_after=None
[2024-10-28T09:48:56.854+0000] {processor.py:208} INFO - Processing /opt/airflow/dags/crawl_dag.py took 0.069 seconds
[2024-10-28T09:49:27.125+0000] {processor.py:186} INFO - Started process (PID=111) to work on /opt/airflow/dags/crawl_dag.py
[2024-10-28T09:49:27.126+0000] {processor.py:914} INFO - Processing file /opt/airflow/dags/crawl_dag.py for tasks to queue
[2024-10-28T09:49:27.127+0000] {logging_mixin.py:190} INFO - [2024-10-28T09:49:27.127+0000] {dagbag.py:588} INFO - Filling up the DagBag from /opt/airflow/dags/crawl_dag.py
[2024-10-28T09:49:27.141+0000] {processor.py:925} INFO - DAG(s) 'crawl_dag' retrieved from /opt/airflow/dags/crawl_dag.py
[2024-10-28T09:49:27.161+0000] {logging_mixin.py:190} INFO - [2024-10-28T09:49:27.161+0000] {dag.py:3239} INFO - Sync 1 DAGs
[2024-10-28T09:49:27.174+0000] {logging_mixin.py:190} INFO - [2024-10-28T09:49:27.173+0000] {dag.py:4180} INFO - Setting next_dagrun for crawl_dag to None, run_after=None
[2024-10-28T09:49:27.195+0000] {processor.py:208} INFO - Processing /opt/airflow/dags/crawl_dag.py took 0.075 seconds
[2024-10-28T09:49:57.456+0000] {processor.py:186} INFO - Started process (PID=119) to work on /opt/airflow/dags/crawl_dag.py
[2024-10-28T09:49:57.458+0000] {processor.py:914} INFO - Processing file /opt/airflow/dags/crawl_dag.py for tasks to queue
[2024-10-28T09:49:57.464+0000] {logging_mixin.py:190} INFO - [2024-10-28T09:49:57.464+0000] {dagbag.py:588} INFO - Filling up the DagBag from /opt/airflow/dags/crawl_dag.py
[2024-10-28T09:49:57.484+0000] {processor.py:925} INFO - DAG(s) 'crawl_dag' retrieved from /opt/airflow/dags/crawl_dag.py
[2024-10-28T09:49:57.505+0000] {logging_mixin.py:190} INFO - [2024-10-28T09:49:57.504+0000] {dag.py:3239} INFO - Sync 1 DAGs
[2024-10-28T09:49:57.516+0000] {logging_mixin.py:190} INFO - [2024-10-28T09:49:57.516+0000] {dag.py:4180} INFO - Setting next_dagrun for crawl_dag to None, run_after=None
[2024-10-28T09:49:57.530+0000] {processor.py:208} INFO - Processing /opt/airflow/dags/crawl_dag.py took 0.094 seconds
[2024-10-28T09:50:27.859+0000] {processor.py:186} INFO - Started process (PID=127) to work on /opt/airflow/dags/crawl_dag.py
[2024-10-28T09:50:27.860+0000] {processor.py:914} INFO - Processing file /opt/airflow/dags/crawl_dag.py for tasks to queue
[2024-10-28T09:50:27.862+0000] {logging_mixin.py:190} INFO - [2024-10-28T09:50:27.862+0000] {dagbag.py:588} INFO - Filling up the DagBag from /opt/airflow/dags/crawl_dag.py
[2024-10-28T09:50:27.877+0000] {processor.py:925} INFO - DAG(s) 'crawl_dag' retrieved from /opt/airflow/dags/crawl_dag.py
[2024-10-28T09:50:27.902+0000] {logging_mixin.py:190} INFO - [2024-10-28T09:50:27.901+0000] {dag.py:3239} INFO - Sync 1 DAGs
[2024-10-28T09:50:27.916+0000] {logging_mixin.py:190} INFO - [2024-10-28T09:50:27.915+0000] {dag.py:4180} INFO - Setting next_dagrun for crawl_dag to None, run_after=None
[2024-10-28T09:50:27.934+0000] {processor.py:208} INFO - Processing /opt/airflow/dags/crawl_dag.py took 0.080 seconds
[2024-10-28T09:50:58.138+0000] {processor.py:186} INFO - Started process (PID=135) to work on /opt/airflow/dags/crawl_dag.py
[2024-10-28T09:50:58.139+0000] {processor.py:914} INFO - Processing file /opt/airflow/dags/crawl_dag.py for tasks to queue
[2024-10-28T09:50:58.140+0000] {logging_mixin.py:190} INFO - [2024-10-28T09:50:58.140+0000] {dagbag.py:588} INFO - Filling up the DagBag from /opt/airflow/dags/crawl_dag.py
[2024-10-28T09:50:58.152+0000] {processor.py:925} INFO - DAG(s) 'crawl_dag' retrieved from /opt/airflow/dags/crawl_dag.py
[2024-10-28T09:50:58.172+0000] {logging_mixin.py:190} INFO - [2024-10-28T09:50:58.172+0000] {dag.py:3239} INFO - Sync 1 DAGs
[2024-10-28T09:50:58.293+0000] {logging_mixin.py:190} INFO - [2024-10-28T09:50:58.293+0000] {dag.py:4180} INFO - Setting next_dagrun for crawl_dag to None, run_after=None
[2024-10-28T09:50:58.306+0000] {processor.py:208} INFO - Processing /opt/airflow/dags/crawl_dag.py took 0.172 seconds
[2024-10-28T09:51:28.484+0000] {processor.py:186} INFO - Started process (PID=143) to work on /opt/airflow/dags/crawl_dag.py
[2024-10-28T09:51:28.485+0000] {processor.py:914} INFO - Processing file /opt/airflow/dags/crawl_dag.py for tasks to queue
[2024-10-28T09:51:28.487+0000] {logging_mixin.py:190} INFO - [2024-10-28T09:51:28.487+0000] {dagbag.py:588} INFO - Filling up the DagBag from /opt/airflow/dags/crawl_dag.py
[2024-10-28T09:51:28.502+0000] {processor.py:925} INFO - DAG(s) 'crawl_dag' retrieved from /opt/airflow/dags/crawl_dag.py
[2024-10-28T09:51:28.525+0000] {logging_mixin.py:190} INFO - [2024-10-28T09:51:28.525+0000] {dag.py:3239} INFO - Sync 1 DAGs
[2024-10-28T09:51:28.659+0000] {logging_mixin.py:190} INFO - [2024-10-28T09:51:28.659+0000] {dag.py:4180} INFO - Setting next_dagrun for crawl_dag to None, run_after=None
[2024-10-28T09:51:28.674+0000] {processor.py:208} INFO - Processing /opt/airflow/dags/crawl_dag.py took 0.197 seconds
[2024-10-28T09:51:58.788+0000] {processor.py:186} INFO - Started process (PID=151) to work on /opt/airflow/dags/crawl_dag.py
[2024-10-28T09:51:58.789+0000] {processor.py:914} INFO - Processing file /opt/airflow/dags/crawl_dag.py for tasks to queue
[2024-10-28T09:51:58.791+0000] {logging_mixin.py:190} INFO - [2024-10-28T09:51:58.791+0000] {dagbag.py:588} INFO - Filling up the DagBag from /opt/airflow/dags/crawl_dag.py
[2024-10-28T09:51:58.803+0000] {processor.py:925} INFO - DAG(s) 'crawl_dag' retrieved from /opt/airflow/dags/crawl_dag.py
[2024-10-28T09:51:58.823+0000] {logging_mixin.py:190} INFO - [2024-10-28T09:51:58.823+0000] {dag.py:3239} INFO - Sync 1 DAGs
[2024-10-28T09:51:58.835+0000] {logging_mixin.py:190} INFO - [2024-10-28T09:51:58.834+0000] {dag.py:4180} INFO - Setting next_dagrun for crawl_dag to None, run_after=None
[2024-10-28T09:51:58.847+0000] {processor.py:208} INFO - Processing /opt/airflow/dags/crawl_dag.py took 0.063 seconds
[2024-10-28T09:52:29.136+0000] {processor.py:186} INFO - Started process (PID=159) to work on /opt/airflow/dags/crawl_dag.py
[2024-10-28T09:52:29.137+0000] {processor.py:914} INFO - Processing file /opt/airflow/dags/crawl_dag.py for tasks to queue
[2024-10-28T09:52:29.139+0000] {logging_mixin.py:190} INFO - [2024-10-28T09:52:29.139+0000] {dagbag.py:588} INFO - Filling up the DagBag from /opt/airflow/dags/crawl_dag.py
[2024-10-28T09:52:29.153+0000] {processor.py:925} INFO - DAG(s) 'crawl_dag' retrieved from /opt/airflow/dags/crawl_dag.py
[2024-10-28T09:52:29.173+0000] {logging_mixin.py:190} INFO - [2024-10-28T09:52:29.172+0000] {dag.py:3239} INFO - Sync 1 DAGs
[2024-10-28T09:52:29.185+0000] {logging_mixin.py:190} INFO - [2024-10-28T09:52:29.185+0000] {dag.py:4180} INFO - Setting next_dagrun for crawl_dag to None, run_after=None
[2024-10-28T09:52:29.199+0000] {processor.py:208} INFO - Processing /opt/airflow/dags/crawl_dag.py took 0.071 seconds
[2024-10-28T09:52:59.492+0000] {processor.py:186} INFO - Started process (PID=167) to work on /opt/airflow/dags/crawl_dag.py
[2024-10-28T09:52:59.493+0000] {processor.py:914} INFO - Processing file /opt/airflow/dags/crawl_dag.py for tasks to queue
[2024-10-28T09:52:59.495+0000] {logging_mixin.py:190} INFO - [2024-10-28T09:52:59.495+0000] {dagbag.py:588} INFO - Filling up the DagBag from /opt/airflow/dags/crawl_dag.py
[2024-10-28T09:52:59.506+0000] {processor.py:925} INFO - DAG(s) 'crawl_dag' retrieved from /opt/airflow/dags/crawl_dag.py
[2024-10-28T09:52:59.525+0000] {logging_mixin.py:190} INFO - [2024-10-28T09:52:59.524+0000] {dag.py:3239} INFO - Sync 1 DAGs
[2024-10-28T09:52:59.536+0000] {logging_mixin.py:190} INFO - [2024-10-28T09:52:59.535+0000] {dag.py:4180} INFO - Setting next_dagrun for crawl_dag to None, run_after=None
[2024-10-28T09:52:59.549+0000] {processor.py:208} INFO - Processing /opt/airflow/dags/crawl_dag.py took 0.062 seconds
[2024-10-28T09:53:29.820+0000] {processor.py:186} INFO - Started process (PID=175) to work on /opt/airflow/dags/crawl_dag.py
[2024-10-28T09:53:29.821+0000] {processor.py:914} INFO - Processing file /opt/airflow/dags/crawl_dag.py for tasks to queue
[2024-10-28T09:53:29.823+0000] {logging_mixin.py:190} INFO - [2024-10-28T09:53:29.823+0000] {dagbag.py:588} INFO - Filling up the DagBag from /opt/airflow/dags/crawl_dag.py
[2024-10-28T09:53:29.835+0000] {processor.py:925} INFO - DAG(s) 'crawl_dag' retrieved from /opt/airflow/dags/crawl_dag.py
[2024-10-28T09:53:29.856+0000] {logging_mixin.py:190} INFO - [2024-10-28T09:53:29.855+0000] {dag.py:3239} INFO - Sync 1 DAGs
[2024-10-28T09:53:29.867+0000] {logging_mixin.py:190} INFO - [2024-10-28T09:53:29.866+0000] {dag.py:4180} INFO - Setting next_dagrun for crawl_dag to None, run_after=None
[2024-10-28T09:53:29.881+0000] {processor.py:208} INFO - Processing /opt/airflow/dags/crawl_dag.py took 0.066 seconds
[2024-10-28T09:54:00.153+0000] {processor.py:186} INFO - Started process (PID=183) to work on /opt/airflow/dags/crawl_dag.py
[2024-10-28T09:54:00.154+0000] {processor.py:914} INFO - Processing file /opt/airflow/dags/crawl_dag.py for tasks to queue
[2024-10-28T09:54:00.156+0000] {logging_mixin.py:190} INFO - [2024-10-28T09:54:00.155+0000] {dagbag.py:588} INFO - Filling up the DagBag from /opt/airflow/dags/crawl_dag.py
[2024-10-28T09:54:00.170+0000] {processor.py:925} INFO - DAG(s) 'crawl_dag' retrieved from /opt/airflow/dags/crawl_dag.py
[2024-10-28T09:54:00.194+0000] {logging_mixin.py:190} INFO - [2024-10-28T09:54:00.193+0000] {dag.py:3239} INFO - Sync 1 DAGs
[2024-10-28T09:54:00.343+0000] {logging_mixin.py:190} INFO - [2024-10-28T09:54:00.343+0000] {dag.py:4180} INFO - Setting next_dagrun for crawl_dag to None, run_after=None
[2024-10-28T09:54:00.357+0000] {processor.py:208} INFO - Processing /opt/airflow/dags/crawl_dag.py took 0.210 seconds
[2024-10-28T09:54:30.490+0000] {processor.py:186} INFO - Started process (PID=191) to work on /opt/airflow/dags/crawl_dag.py
[2024-10-28T09:54:30.491+0000] {processor.py:914} INFO - Processing file /opt/airflow/dags/crawl_dag.py for tasks to queue
[2024-10-28T09:54:30.494+0000] {logging_mixin.py:190} INFO - [2024-10-28T09:54:30.493+0000] {dagbag.py:588} INFO - Filling up the DagBag from /opt/airflow/dags/crawl_dag.py
[2024-10-28T09:54:30.510+0000] {processor.py:925} INFO - DAG(s) 'crawl_dag' retrieved from /opt/airflow/dags/crawl_dag.py
[2024-10-28T09:54:30.534+0000] {logging_mixin.py:190} INFO - [2024-10-28T09:54:30.533+0000] {dag.py:3239} INFO - Sync 1 DAGs
[2024-10-28T09:54:30.548+0000] {logging_mixin.py:190} INFO - [2024-10-28T09:54:30.548+0000] {dag.py:4180} INFO - Setting next_dagrun for crawl_dag to None, run_after=None
[2024-10-28T09:54:30.565+0000] {processor.py:208} INFO - Processing /opt/airflow/dags/crawl_dag.py took 0.085 seconds
[2024-10-28T09:55:00.811+0000] {processor.py:186} INFO - Started process (PID=199) to work on /opt/airflow/dags/crawl_dag.py
[2024-10-28T09:55:00.812+0000] {processor.py:914} INFO - Processing file /opt/airflow/dags/crawl_dag.py for tasks to queue
[2024-10-28T09:55:00.813+0000] {logging_mixin.py:190} INFO - [2024-10-28T09:55:00.813+0000] {dagbag.py:588} INFO - Filling up the DagBag from /opt/airflow/dags/crawl_dag.py
[2024-10-28T09:55:00.826+0000] {processor.py:925} INFO - DAG(s) 'crawl_dag' retrieved from /opt/airflow/dags/crawl_dag.py
[2024-10-28T09:55:00.846+0000] {logging_mixin.py:190} INFO - [2024-10-28T09:55:00.845+0000] {dag.py:3239} INFO - Sync 1 DAGs
[2024-10-28T09:55:00.858+0000] {logging_mixin.py:190} INFO - [2024-10-28T09:55:00.858+0000] {dag.py:4180} INFO - Setting next_dagrun for crawl_dag to None, run_after=None
[2024-10-28T09:55:00.872+0000] {processor.py:208} INFO - Processing /opt/airflow/dags/crawl_dag.py took 0.069 seconds
[2024-10-28T09:55:31.128+0000] {processor.py:186} INFO - Started process (PID=208) to work on /opt/airflow/dags/crawl_dag.py
[2024-10-28T09:55:31.129+0000] {processor.py:914} INFO - Processing file /opt/airflow/dags/crawl_dag.py for tasks to queue
[2024-10-28T09:55:31.131+0000] {logging_mixin.py:190} INFO - [2024-10-28T09:55:31.131+0000] {dagbag.py:588} INFO - Filling up the DagBag from /opt/airflow/dags/crawl_dag.py
[2024-10-28T09:55:31.149+0000] {processor.py:925} INFO - DAG(s) 'crawl_dag' retrieved from /opt/airflow/dags/crawl_dag.py
[2024-10-28T09:55:31.169+0000] {logging_mixin.py:190} INFO - [2024-10-28T09:55:31.169+0000] {dag.py:3239} INFO - Sync 1 DAGs
[2024-10-28T09:55:31.182+0000] {logging_mixin.py:190} INFO - [2024-10-28T09:55:31.182+0000] {dag.py:4180} INFO - Setting next_dagrun for crawl_dag to None, run_after=None
[2024-10-28T09:55:31.199+0000] {processor.py:208} INFO - Processing /opt/airflow/dags/crawl_dag.py took 0.078 seconds
[2024-10-28T09:56:01.391+0000] {processor.py:186} INFO - Started process (PID=216) to work on /opt/airflow/dags/crawl_dag.py
[2024-10-28T09:56:01.391+0000] {processor.py:914} INFO - Processing file /opt/airflow/dags/crawl_dag.py for tasks to queue
[2024-10-28T09:56:01.393+0000] {logging_mixin.py:190} INFO - [2024-10-28T09:56:01.393+0000] {dagbag.py:588} INFO - Filling up the DagBag from /opt/airflow/dags/crawl_dag.py
[2024-10-28T09:56:01.407+0000] {processor.py:925} INFO - DAG(s) 'crawl_dag' retrieved from /opt/airflow/dags/crawl_dag.py
[2024-10-28T09:56:01.431+0000] {logging_mixin.py:190} INFO - [2024-10-28T09:56:01.430+0000] {dag.py:3239} INFO - Sync 1 DAGs
[2024-10-28T09:56:01.444+0000] {logging_mixin.py:190} INFO - [2024-10-28T09:56:01.444+0000] {dag.py:4180} INFO - Setting next_dagrun for crawl_dag to None, run_after=None
[2024-10-28T09:56:01.462+0000] {processor.py:208} INFO - Processing /opt/airflow/dags/crawl_dag.py took 0.078 seconds
[2024-10-28T09:56:31.742+0000] {processor.py:186} INFO - Started process (PID=224) to work on /opt/airflow/dags/crawl_dag.py
[2024-10-28T09:56:31.743+0000] {processor.py:914} INFO - Processing file /opt/airflow/dags/crawl_dag.py for tasks to queue
[2024-10-28T09:56:31.746+0000] {logging_mixin.py:190} INFO - [2024-10-28T09:56:31.745+0000] {dagbag.py:588} INFO - Filling up the DagBag from /opt/airflow/dags/crawl_dag.py
[2024-10-28T09:56:31.763+0000] {processor.py:925} INFO - DAG(s) 'crawl_dag' retrieved from /opt/airflow/dags/crawl_dag.py
[2024-10-28T09:56:31.784+0000] {logging_mixin.py:190} INFO - [2024-10-28T09:56:31.784+0000] {dag.py:3239} INFO - Sync 1 DAGs
[2024-10-28T09:56:31.797+0000] {logging_mixin.py:190} INFO - [2024-10-28T09:56:31.796+0000] {dag.py:4180} INFO - Setting next_dagrun for crawl_dag to None, run_after=None
[2024-10-28T09:56:31.932+0000] {processor.py:208} INFO - Processing /opt/airflow/dags/crawl_dag.py took 0.199 seconds
[2024-10-28T09:56:44.917+0000] {processor.py:186} INFO - Started process (PID=231) to work on /opt/airflow/dags/crawl_dag.py
[2024-10-28T09:56:44.919+0000] {processor.py:914} INFO - Processing file /opt/airflow/dags/crawl_dag.py for tasks to queue
[2024-10-28T09:56:44.924+0000] {logging_mixin.py:190} INFO - [2024-10-28T09:56:44.923+0000] {dagbag.py:588} INFO - Filling up the DagBag from /opt/airflow/dags/crawl_dag.py
[2024-10-28T09:56:44.937+0000] {logging_mixin.py:190} INFO - [2024-10-28T09:56:44.937+0000] {crawl_dag.py:9} INFO - Current Working Directory: /opt/airflow
[2024-10-28T09:56:44.944+0000] {processor.py:925} INFO - DAG(s) 'crawl_dag' retrieved from /opt/airflow/dags/crawl_dag.py
[2024-10-28T09:56:44.966+0000] {logging_mixin.py:190} INFO - [2024-10-28T09:56:44.966+0000] {dag.py:3239} INFO - Sync 1 DAGs
[2024-10-28T09:56:45.094+0000] {logging_mixin.py:190} INFO - [2024-10-28T09:56:45.094+0000] {dag.py:4180} INFO - Setting next_dagrun for crawl_dag to None, run_after=None
[2024-10-28T09:56:45.111+0000] {processor.py:208} INFO - Processing /opt/airflow/dags/crawl_dag.py took 0.215 seconds
[2024-10-28T09:57:15.356+0000] {processor.py:186} INFO - Started process (PID=239) to work on /opt/airflow/dags/crawl_dag.py
[2024-10-28T09:57:15.357+0000] {processor.py:914} INFO - Processing file /opt/airflow/dags/crawl_dag.py for tasks to queue
[2024-10-28T09:57:15.363+0000] {logging_mixin.py:190} INFO - [2024-10-28T09:57:15.362+0000] {dagbag.py:588} INFO - Filling up the DagBag from /opt/airflow/dags/crawl_dag.py
[2024-10-28T09:57:15.378+0000] {logging_mixin.py:190} INFO - [2024-10-28T09:57:15.378+0000] {crawl_dag.py:9} INFO - Current Working Directory: /opt/airflow
[2024-10-28T09:57:15.387+0000] {processor.py:925} INFO - DAG(s) 'crawl_dag' retrieved from /opt/airflow/dags/crawl_dag.py
[2024-10-28T09:57:15.521+0000] {logging_mixin.py:190} INFO - [2024-10-28T09:57:15.408+0000] {dag.py:3239} INFO - Sync 1 DAGs
[2024-10-28T09:57:15.532+0000] {logging_mixin.py:190} INFO - [2024-10-28T09:57:15.531+0000] {dag.py:4180} INFO - Setting next_dagrun for crawl_dag to None, run_after=None
[2024-10-28T09:57:15.545+0000] {processor.py:208} INFO - Processing /opt/airflow/dags/crawl_dag.py took 0.202 seconds
[2024-10-28T09:57:45.659+0000] {processor.py:186} INFO - Started process (PID=247) to work on /opt/airflow/dags/crawl_dag.py
[2024-10-28T09:57:45.660+0000] {processor.py:914} INFO - Processing file /opt/airflow/dags/crawl_dag.py for tasks to queue
[2024-10-28T09:57:45.665+0000] {logging_mixin.py:190} INFO - [2024-10-28T09:57:45.665+0000] {dagbag.py:588} INFO - Filling up the DagBag from /opt/airflow/dags/crawl_dag.py
[2024-10-28T09:57:45.677+0000] {logging_mixin.py:190} INFO - [2024-10-28T09:57:45.676+0000] {crawl_dag.py:9} INFO - Current Working Directory: /opt/airflow
[2024-10-28T09:57:45.683+0000] {processor.py:925} INFO - DAG(s) 'crawl_dag' retrieved from /opt/airflow/dags/crawl_dag.py
[2024-10-28T09:57:45.703+0000] {logging_mixin.py:190} INFO - [2024-10-28T09:57:45.703+0000] {dag.py:3239} INFO - Sync 1 DAGs
[2024-10-28T09:57:45.715+0000] {logging_mixin.py:190} INFO - [2024-10-28T09:57:45.715+0000] {dag.py:4180} INFO - Setting next_dagrun for crawl_dag to None, run_after=None
[2024-10-28T09:57:45.728+0000] {processor.py:208} INFO - Processing /opt/airflow/dags/crawl_dag.py took 0.092 seconds
[2024-10-28T09:58:16.030+0000] {processor.py:186} INFO - Started process (PID=255) to work on /opt/airflow/dags/crawl_dag.py
[2024-10-28T09:58:16.031+0000] {processor.py:914} INFO - Processing file /opt/airflow/dags/crawl_dag.py for tasks to queue
[2024-10-28T09:58:16.034+0000] {logging_mixin.py:190} INFO - [2024-10-28T09:58:16.033+0000] {dagbag.py:588} INFO - Filling up the DagBag from /opt/airflow/dags/crawl_dag.py
[2024-10-28T09:58:16.044+0000] {logging_mixin.py:190} INFO - [2024-10-28T09:58:16.044+0000] {crawl_dag.py:9} INFO - Current Working Directory: /opt/airflow
[2024-10-28T09:58:16.051+0000] {processor.py:925} INFO - DAG(s) 'crawl_dag' retrieved from /opt/airflow/dags/crawl_dag.py
[2024-10-28T09:58:16.070+0000] {logging_mixin.py:190} INFO - [2024-10-28T09:58:16.070+0000] {dag.py:3239} INFO - Sync 1 DAGs
[2024-10-28T09:58:16.082+0000] {logging_mixin.py:190} INFO - [2024-10-28T09:58:16.081+0000] {dag.py:4180} INFO - Setting next_dagrun for crawl_dag to None, run_after=None
[2024-10-28T09:58:16.095+0000] {processor.py:208} INFO - Processing /opt/airflow/dags/crawl_dag.py took 0.075 seconds
[2024-10-28T09:58:46.295+0000] {processor.py:186} INFO - Started process (PID=263) to work on /opt/airflow/dags/crawl_dag.py
[2024-10-28T09:58:46.297+0000] {processor.py:914} INFO - Processing file /opt/airflow/dags/crawl_dag.py for tasks to queue
[2024-10-28T09:58:46.299+0000] {logging_mixin.py:190} INFO - [2024-10-28T09:58:46.299+0000] {dagbag.py:588} INFO - Filling up the DagBag from /opt/airflow/dags/crawl_dag.py
[2024-10-28T09:58:46.311+0000] {logging_mixin.py:190} INFO - [2024-10-28T09:58:46.310+0000] {crawl_dag.py:9} INFO - Current Working Directory: /opt/airflow
[2024-10-28T09:58:46.317+0000] {processor.py:925} INFO - DAG(s) 'crawl_dag' retrieved from /opt/airflow/dags/crawl_dag.py
[2024-10-28T09:58:46.339+0000] {logging_mixin.py:190} INFO - [2024-10-28T09:58:46.339+0000] {dag.py:3239} INFO - Sync 1 DAGs
[2024-10-28T09:58:46.353+0000] {logging_mixin.py:190} INFO - [2024-10-28T09:58:46.353+0000] {dag.py:4180} INFO - Setting next_dagrun for crawl_dag to None, run_after=None
[2024-10-28T09:58:46.369+0000] {processor.py:208} INFO - Processing /opt/airflow/dags/crawl_dag.py took 0.087 seconds
[2024-10-28T09:59:16.638+0000] {processor.py:186} INFO - Started process (PID=272) to work on /opt/airflow/dags/crawl_dag.py
[2024-10-28T09:59:16.640+0000] {processor.py:914} INFO - Processing file /opt/airflow/dags/crawl_dag.py for tasks to queue
[2024-10-28T09:59:16.644+0000] {logging_mixin.py:190} INFO - [2024-10-28T09:59:16.644+0000] {dagbag.py:588} INFO - Filling up the DagBag from /opt/airflow/dags/crawl_dag.py
[2024-10-28T09:59:16.660+0000] {logging_mixin.py:190} INFO - [2024-10-28T09:59:16.659+0000] {crawl_dag.py:9} INFO - Current Working Directory: /opt/airflow
[2024-10-28T09:59:16.666+0000] {processor.py:925} INFO - DAG(s) 'crawl_dag' retrieved from /opt/airflow/dags/crawl_dag.py
[2024-10-28T09:59:16.689+0000] {logging_mixin.py:190} INFO - [2024-10-28T09:59:16.689+0000] {dag.py:3239} INFO - Sync 1 DAGs
[2024-10-28T09:59:16.702+0000] {logging_mixin.py:190} INFO - [2024-10-28T09:59:16.702+0000] {dag.py:4180} INFO - Setting next_dagrun for crawl_dag to None, run_after=None
[2024-10-28T09:59:16.834+0000] {processor.py:208} INFO - Processing /opt/airflow/dags/crawl_dag.py took 0.212 seconds
[2024-10-28T09:59:46.901+0000] {processor.py:186} INFO - Started process (PID=280) to work on /opt/airflow/dags/crawl_dag.py
[2024-10-28T09:59:46.903+0000] {processor.py:914} INFO - Processing file /opt/airflow/dags/crawl_dag.py for tasks to queue
[2024-10-28T09:59:46.906+0000] {logging_mixin.py:190} INFO - [2024-10-28T09:59:46.906+0000] {dagbag.py:588} INFO - Filling up the DagBag from /opt/airflow/dags/crawl_dag.py
[2024-10-28T09:59:46.919+0000] {logging_mixin.py:190} INFO - [2024-10-28T09:59:46.919+0000] {crawl_dag.py:9} INFO - Current Working Directory: /opt/airflow
[2024-10-28T09:59:46.925+0000] {processor.py:925} INFO - DAG(s) 'crawl_dag' retrieved from /opt/airflow/dags/crawl_dag.py
[2024-10-28T09:59:46.946+0000] {logging_mixin.py:190} INFO - [2024-10-28T09:59:46.945+0000] {dag.py:3239} INFO - Sync 1 DAGs
[2024-10-28T09:59:47.069+0000] {logging_mixin.py:190} INFO - [2024-10-28T09:59:47.069+0000] {dag.py:4180} INFO - Setting next_dagrun for crawl_dag to None, run_after=None
[2024-10-28T09:59:47.085+0000] {processor.py:208} INFO - Processing /opt/airflow/dags/crawl_dag.py took 0.197 seconds
[2024-10-28T10:00:17.217+0000] {processor.py:186} INFO - Started process (PID=288) to work on /opt/airflow/dags/crawl_dag.py
[2024-10-28T10:00:17.218+0000] {processor.py:914} INFO - Processing file /opt/airflow/dags/crawl_dag.py for tasks to queue
[2024-10-28T10:00:17.220+0000] {logging_mixin.py:190} INFO - [2024-10-28T10:00:17.220+0000] {dagbag.py:588} INFO - Filling up the DagBag from /opt/airflow/dags/crawl_dag.py
[2024-10-28T10:00:17.227+0000] {logging_mixin.py:190} INFO - [2024-10-28T10:00:17.227+0000] {crawl_dag.py:9} INFO - Current Working Directory: /opt/airflow
[2024-10-28T10:00:17.233+0000] {processor.py:925} INFO - DAG(s) 'crawl_dag' retrieved from /opt/airflow/dags/crawl_dag.py
[2024-10-28T10:00:17.365+0000] {logging_mixin.py:190} INFO - [2024-10-28T10:00:17.365+0000] {dag.py:3239} INFO - Sync 1 DAGs
[2024-10-28T10:00:17.376+0000] {logging_mixin.py:190} INFO - [2024-10-28T10:00:17.376+0000] {dag.py:4180} INFO - Setting next_dagrun for crawl_dag to None, run_after=None
[2024-10-28T10:00:17.391+0000] {processor.py:208} INFO - Processing /opt/airflow/dags/crawl_dag.py took 0.179 seconds
[2024-10-28T10:00:47.605+0000] {processor.py:186} INFO - Started process (PID=296) to work on /opt/airflow/dags/crawl_dag.py
[2024-10-28T10:00:47.606+0000] {processor.py:914} INFO - Processing file /opt/airflow/dags/crawl_dag.py for tasks to queue
[2024-10-28T10:00:47.608+0000] {logging_mixin.py:190} INFO - [2024-10-28T10:00:47.608+0000] {dagbag.py:588} INFO - Filling up the DagBag from /opt/airflow/dags/crawl_dag.py
[2024-10-28T10:00:47.615+0000] {logging_mixin.py:190} INFO - [2024-10-28T10:00:47.615+0000] {crawl_dag.py:9} INFO - Current Working Directory: /opt/airflow
[2024-10-28T10:00:47.621+0000] {processor.py:925} INFO - DAG(s) 'crawl_dag' retrieved from /opt/airflow/dags/crawl_dag.py
[2024-10-28T10:00:47.644+0000] {logging_mixin.py:190} INFO - [2024-10-28T10:00:47.643+0000] {dag.py:3239} INFO - Sync 1 DAGs
[2024-10-28T10:00:47.657+0000] {logging_mixin.py:190} INFO - [2024-10-28T10:00:47.656+0000] {dag.py:4180} INFO - Setting next_dagrun for crawl_dag to None, run_after=None
[2024-10-28T10:00:47.673+0000] {processor.py:208} INFO - Processing /opt/airflow/dags/crawl_dag.py took 0.073 seconds
[2024-10-28T10:01:17.972+0000] {processor.py:186} INFO - Started process (PID=304) to work on /opt/airflow/dags/crawl_dag.py
[2024-10-28T10:01:17.974+0000] {processor.py:914} INFO - Processing file /opt/airflow/dags/crawl_dag.py for tasks to queue
[2024-10-28T10:01:17.975+0000] {logging_mixin.py:190} INFO - [2024-10-28T10:01:17.975+0000] {dagbag.py:588} INFO - Filling up the DagBag from /opt/airflow/dags/crawl_dag.py
[2024-10-28T10:01:17.983+0000] {logging_mixin.py:190} INFO - [2024-10-28T10:01:17.983+0000] {crawl_dag.py:9} INFO - Current Working Directory: /opt/airflow
[2024-10-28T10:01:17.989+0000] {processor.py:925} INFO - DAG(s) 'crawl_dag' retrieved from /opt/airflow/dags/crawl_dag.py
[2024-10-28T10:01:18.010+0000] {logging_mixin.py:190} INFO - [2024-10-28T10:01:18.009+0000] {dag.py:3239} INFO - Sync 1 DAGs
[2024-10-28T10:01:18.022+0000] {logging_mixin.py:190} INFO - [2024-10-28T10:01:18.022+0000] {dag.py:4180} INFO - Setting next_dagrun for crawl_dag to None, run_after=None
[2024-10-28T10:01:18.038+0000] {processor.py:208} INFO - Processing /opt/airflow/dags/crawl_dag.py took 0.072 seconds
[2024-10-28T10:01:38.184+0000] {processor.py:186} INFO - Started process (PID=311) to work on /opt/airflow/dags/crawl_dag.py
[2024-10-28T10:01:38.186+0000] {processor.py:914} INFO - Processing file /opt/airflow/dags/crawl_dag.py for tasks to queue
[2024-10-28T10:01:38.190+0000] {logging_mixin.py:190} INFO - [2024-10-28T10:01:38.189+0000] {dagbag.py:588} INFO - Filling up the DagBag from /opt/airflow/dags/crawl_dag.py
[2024-10-28T10:01:38.210+0000] {processor.py:925} INFO - DAG(s) 'crawl_dag' retrieved from /opt/airflow/dags/crawl_dag.py
[2024-10-28T10:01:38.233+0000] {logging_mixin.py:190} INFO - [2024-10-28T10:01:38.232+0000] {dag.py:3239} INFO - Sync 1 DAGs
[2024-10-28T10:01:38.246+0000] {logging_mixin.py:190} INFO - [2024-10-28T10:01:38.246+0000] {dag.py:4180} INFO - Setting next_dagrun for crawl_dag to None, run_after=None
[2024-10-28T10:01:38.267+0000] {processor.py:208} INFO - Processing /opt/airflow/dags/crawl_dag.py took 0.102 seconds
[2024-10-28T10:02:08.471+0000] {processor.py:186} INFO - Started process (PID=319) to work on /opt/airflow/dags/crawl_dag.py
[2024-10-28T10:02:08.473+0000] {processor.py:914} INFO - Processing file /opt/airflow/dags/crawl_dag.py for tasks to queue
[2024-10-28T10:02:08.475+0000] {logging_mixin.py:190} INFO - [2024-10-28T10:02:08.475+0000] {dagbag.py:588} INFO - Filling up the DagBag from /opt/airflow/dags/crawl_dag.py
[2024-10-28T10:02:08.493+0000] {processor.py:925} INFO - DAG(s) 'crawl_dag' retrieved from /opt/airflow/dags/crawl_dag.py
[2024-10-28T10:02:08.514+0000] {logging_mixin.py:190} INFO - [2024-10-28T10:02:08.513+0000] {dag.py:3239} INFO - Sync 1 DAGs
[2024-10-28T10:02:08.528+0000] {logging_mixin.py:190} INFO - [2024-10-28T10:02:08.528+0000] {dag.py:4180} INFO - Setting next_dagrun for crawl_dag to None, run_after=None
[2024-10-28T10:02:08.667+0000] {processor.py:208} INFO - Processing /opt/airflow/dags/crawl_dag.py took 0.205 seconds
[2024-10-28T10:02:38.784+0000] {processor.py:186} INFO - Started process (PID=327) to work on /opt/airflow/dags/crawl_dag.py
[2024-10-28T10:02:38.785+0000] {processor.py:914} INFO - Processing file /opt/airflow/dags/crawl_dag.py for tasks to queue
[2024-10-28T10:02:38.788+0000] {logging_mixin.py:190} INFO - [2024-10-28T10:02:38.788+0000] {dagbag.py:588} INFO - Filling up the DagBag from /opt/airflow/dags/crawl_dag.py
[2024-10-28T10:02:38.805+0000] {processor.py:925} INFO - DAG(s) 'crawl_dag' retrieved from /opt/airflow/dags/crawl_dag.py
[2024-10-28T10:02:38.824+0000] {logging_mixin.py:190} INFO - [2024-10-28T10:02:38.824+0000] {dag.py:3239} INFO - Sync 1 DAGs
[2024-10-28T10:02:38.948+0000] {logging_mixin.py:190} INFO - [2024-10-28T10:02:38.948+0000] {dag.py:4180} INFO - Setting next_dagrun for crawl_dag to None, run_after=None
[2024-10-28T10:02:38.962+0000] {processor.py:208} INFO - Processing /opt/airflow/dags/crawl_dag.py took 0.190 seconds
[2024-10-28T10:03:09.067+0000] {processor.py:186} INFO - Started process (PID=335) to work on /opt/airflow/dags/crawl_dag.py
[2024-10-28T10:03:09.069+0000] {processor.py:914} INFO - Processing file /opt/airflow/dags/crawl_dag.py for tasks to queue
[2024-10-28T10:03:09.074+0000] {logging_mixin.py:190} INFO - [2024-10-28T10:03:09.074+0000] {dagbag.py:588} INFO - Filling up the DagBag from /opt/airflow/dags/crawl_dag.py
[2024-10-28T10:03:09.093+0000] {processor.py:925} INFO - DAG(s) 'crawl_dag' retrieved from /opt/airflow/dags/crawl_dag.py
[2024-10-28T10:03:09.220+0000] {logging_mixin.py:190} INFO - [2024-10-28T10:03:09.220+0000] {dag.py:3239} INFO - Sync 1 DAGs
[2024-10-28T10:03:09.230+0000] {logging_mixin.py:190} INFO - [2024-10-28T10:03:09.230+0000] {dag.py:4180} INFO - Setting next_dagrun for crawl_dag to None, run_after=None
[2024-10-28T10:03:09.243+0000] {processor.py:208} INFO - Processing /opt/airflow/dags/crawl_dag.py took 0.197 seconds
[2024-10-28T10:03:39.368+0000] {processor.py:186} INFO - Started process (PID=342) to work on /opt/airflow/dags/crawl_dag.py
[2024-10-28T10:03:39.370+0000] {processor.py:914} INFO - Processing file /opt/airflow/dags/crawl_dag.py for tasks to queue
[2024-10-28T10:03:39.374+0000] {logging_mixin.py:190} INFO - [2024-10-28T10:03:39.373+0000] {dagbag.py:588} INFO - Filling up the DagBag from /opt/airflow/dags/crawl_dag.py
[2024-10-28T10:03:39.391+0000] {processor.py:925} INFO - DAG(s) 'crawl_dag' retrieved from /opt/airflow/dags/crawl_dag.py
[2024-10-28T10:03:39.410+0000] {logging_mixin.py:190} INFO - [2024-10-28T10:03:39.410+0000] {dag.py:3239} INFO - Sync 1 DAGs
[2024-10-28T10:03:39.422+0000] {logging_mixin.py:190} INFO - [2024-10-28T10:03:39.422+0000] {dag.py:4180} INFO - Setting next_dagrun for crawl_dag to None, run_after=None
[2024-10-28T10:03:39.435+0000] {processor.py:208} INFO - Processing /opt/airflow/dags/crawl_dag.py took 0.085 seconds
[2024-10-28T10:04:09.683+0000] {processor.py:186} INFO - Started process (PID=350) to work on /opt/airflow/dags/crawl_dag.py
[2024-10-28T10:04:09.685+0000] {processor.py:914} INFO - Processing file /opt/airflow/dags/crawl_dag.py for tasks to queue
[2024-10-28T10:04:09.688+0000] {logging_mixin.py:190} INFO - [2024-10-28T10:04:09.687+0000] {dagbag.py:588} INFO - Filling up the DagBag from /opt/airflow/dags/crawl_dag.py
[2024-10-28T10:04:09.704+0000] {processor.py:925} INFO - DAG(s) 'crawl_dag' retrieved from /opt/airflow/dags/crawl_dag.py
[2024-10-28T10:04:09.724+0000] {logging_mixin.py:190} INFO - [2024-10-28T10:04:09.723+0000] {dag.py:3239} INFO - Sync 1 DAGs
[2024-10-28T10:04:09.735+0000] {logging_mixin.py:190} INFO - [2024-10-28T10:04:09.735+0000] {dag.py:4180} INFO - Setting next_dagrun for crawl_dag to None, run_after=None
[2024-10-28T10:04:09.749+0000] {processor.py:208} INFO - Processing /opt/airflow/dags/crawl_dag.py took 0.078 seconds
[2024-10-28T10:04:39.901+0000] {processor.py:186} INFO - Started process (PID=358) to work on /opt/airflow/dags/crawl_dag.py
[2024-10-28T10:04:39.902+0000] {processor.py:914} INFO - Processing file /opt/airflow/dags/crawl_dag.py for tasks to queue
[2024-10-28T10:04:39.904+0000] {logging_mixin.py:190} INFO - [2024-10-28T10:04:39.904+0000] {dagbag.py:588} INFO - Filling up the DagBag from /opt/airflow/dags/crawl_dag.py
[2024-10-28T10:04:39.917+0000] {processor.py:925} INFO - DAG(s) 'crawl_dag' retrieved from /opt/airflow/dags/crawl_dag.py
[2024-10-28T10:04:39.937+0000] {logging_mixin.py:190} INFO - [2024-10-28T10:04:39.937+0000] {dag.py:3239} INFO - Sync 1 DAGs
[2024-10-28T10:04:39.949+0000] {logging_mixin.py:190} INFO - [2024-10-28T10:04:39.949+0000] {dag.py:4180} INFO - Setting next_dagrun for crawl_dag to None, run_after=None
[2024-10-28T10:04:39.965+0000] {processor.py:208} INFO - Processing /opt/airflow/dags/crawl_dag.py took 0.069 seconds
[2024-10-28T10:05:10.156+0000] {processor.py:186} INFO - Started process (PID=366) to work on /opt/airflow/dags/crawl_dag.py
[2024-10-28T10:05:10.157+0000] {processor.py:914} INFO - Processing file /opt/airflow/dags/crawl_dag.py for tasks to queue
[2024-10-28T10:05:10.162+0000] {logging_mixin.py:190} INFO - [2024-10-28T10:05:10.161+0000] {dagbag.py:588} INFO - Filling up the DagBag from /opt/airflow/dags/crawl_dag.py
[2024-10-28T10:05:10.183+0000] {processor.py:925} INFO - DAG(s) 'crawl_dag' retrieved from /opt/airflow/dags/crawl_dag.py
[2024-10-28T10:05:10.202+0000] {logging_mixin.py:190} INFO - [2024-10-28T10:05:10.202+0000] {dag.py:3239} INFO - Sync 1 DAGs
[2024-10-28T10:05:10.316+0000] {logging_mixin.py:190} INFO - [2024-10-28T10:05:10.316+0000] {dag.py:4180} INFO - Setting next_dagrun for crawl_dag to None, run_after=None
[2024-10-28T10:05:10.329+0000] {processor.py:208} INFO - Processing /opt/airflow/dags/crawl_dag.py took 0.190 seconds
[2024-10-28T10:05:40.399+0000] {processor.py:186} INFO - Started process (PID=374) to work on /opt/airflow/dags/crawl_dag.py
[2024-10-28T10:05:40.400+0000] {processor.py:914} INFO - Processing file /opt/airflow/dags/crawl_dag.py for tasks to queue
[2024-10-28T10:05:40.403+0000] {logging_mixin.py:190} INFO - [2024-10-28T10:05:40.402+0000] {dagbag.py:588} INFO - Filling up the DagBag from /opt/airflow/dags/crawl_dag.py
[2024-10-28T10:05:40.417+0000] {processor.py:925} INFO - DAG(s) 'crawl_dag' retrieved from /opt/airflow/dags/crawl_dag.py
[2024-10-28T10:05:40.574+0000] {logging_mixin.py:190} INFO - [2024-10-28T10:05:40.440+0000] {dag.py:3239} INFO - Sync 1 DAGs
[2024-10-28T10:05:40.585+0000] {logging_mixin.py:190} INFO - [2024-10-28T10:05:40.585+0000] {dag.py:4180} INFO - Setting next_dagrun for crawl_dag to None, run_after=None
[2024-10-28T10:05:40.602+0000] {processor.py:208} INFO - Processing /opt/airflow/dags/crawl_dag.py took 0.210 seconds
[2024-10-28T10:06:10.642+0000] {processor.py:186} INFO - Started process (PID=382) to work on /opt/airflow/dags/crawl_dag.py
[2024-10-28T10:06:10.643+0000] {processor.py:914} INFO - Processing file /opt/airflow/dags/crawl_dag.py for tasks to queue
[2024-10-28T10:06:10.645+0000] {logging_mixin.py:190} INFO - [2024-10-28T10:06:10.645+0000] {dagbag.py:588} INFO - Filling up the DagBag from /opt/airflow/dags/crawl_dag.py
[2024-10-28T10:06:10.658+0000] {processor.py:925} INFO - DAG(s) 'crawl_dag' retrieved from /opt/airflow/dags/crawl_dag.py
[2024-10-28T10:06:10.680+0000] {logging_mixin.py:190} INFO - [2024-10-28T10:06:10.680+0000] {dag.py:3239} INFO - Sync 1 DAGs
[2024-10-28T10:06:10.695+0000] {logging_mixin.py:190} INFO - [2024-10-28T10:06:10.695+0000] {dag.py:4180} INFO - Setting next_dagrun for crawl_dag to None, run_after=None
[2024-10-28T10:06:10.712+0000] {processor.py:208} INFO - Processing /opt/airflow/dags/crawl_dag.py took 0.076 seconds
[2024-10-28T13:25:24.991+0000] {processor.py:186} INFO - Started process (PID=34) to work on /opt/airflow/dags/crawl_dag.py
[2024-10-28T13:25:24.994+0000] {processor.py:914} INFO - Processing file /opt/airflow/dags/crawl_dag.py for tasks to queue
[2024-10-28T13:25:24.997+0000] {logging_mixin.py:190} INFO - [2024-10-28T13:25:24.996+0000] {dagbag.py:588} INFO - Filling up the DagBag from /opt/airflow/dags/crawl_dag.py
[2024-10-28T13:25:25.034+0000] {processor.py:925} INFO - DAG(s) 'crawl_dag' retrieved from /opt/airflow/dags/crawl_dag.py
[2024-10-28T13:25:25.068+0000] {logging_mixin.py:190} INFO - [2024-10-28T13:25:25.068+0000] {dag.py:3239} INFO - Sync 1 DAGs
[2024-10-28T13:25:25.087+0000] {logging_mixin.py:190} INFO - [2024-10-28T13:25:25.087+0000] {dag.py:4180} INFO - Setting next_dagrun for crawl_dag to None, run_after=None
[2024-10-28T13:25:25.110+0000] {processor.py:208} INFO - Processing /opt/airflow/dags/crawl_dag.py took 0.126 seconds
[2024-10-28T13:25:55.307+0000] {processor.py:186} INFO - Started process (PID=42) to work on /opt/airflow/dags/crawl_dag.py
[2024-10-28T13:25:55.308+0000] {processor.py:914} INFO - Processing file /opt/airflow/dags/crawl_dag.py for tasks to queue
[2024-10-28T13:25:55.310+0000] {logging_mixin.py:190} INFO - [2024-10-28T13:25:55.309+0000] {dagbag.py:588} INFO - Filling up the DagBag from /opt/airflow/dags/crawl_dag.py
[2024-10-28T13:25:55.322+0000] {processor.py:925} INFO - DAG(s) 'crawl_dag' retrieved from /opt/airflow/dags/crawl_dag.py
[2024-10-28T13:25:55.341+0000] {logging_mixin.py:190} INFO - [2024-10-28T13:25:55.341+0000] {dag.py:3239} INFO - Sync 1 DAGs
[2024-10-28T13:25:55.354+0000] {logging_mixin.py:190} INFO - [2024-10-28T13:25:55.354+0000] {dag.py:4180} INFO - Setting next_dagrun for crawl_dag to None, run_after=None
[2024-10-28T13:25:55.366+0000] {processor.py:208} INFO - Processing /opt/airflow/dags/crawl_dag.py took 0.064 seconds
[2024-10-28T13:26:25.638+0000] {processor.py:186} INFO - Started process (PID=50) to work on /opt/airflow/dags/crawl_dag.py
[2024-10-28T13:26:25.639+0000] {processor.py:914} INFO - Processing file /opt/airflow/dags/crawl_dag.py for tasks to queue
[2024-10-28T13:26:25.641+0000] {logging_mixin.py:190} INFO - [2024-10-28T13:26:25.641+0000] {dagbag.py:588} INFO - Filling up the DagBag from /opt/airflow/dags/crawl_dag.py
[2024-10-28T13:26:25.653+0000] {processor.py:925} INFO - DAG(s) 'crawl_dag' retrieved from /opt/airflow/dags/crawl_dag.py
[2024-10-28T13:26:25.673+0000] {logging_mixin.py:190} INFO - [2024-10-28T13:26:25.673+0000] {dag.py:3239} INFO - Sync 1 DAGs
[2024-10-28T13:26:25.685+0000] {logging_mixin.py:190} INFO - [2024-10-28T13:26:25.684+0000] {dag.py:4180} INFO - Setting next_dagrun for crawl_dag to None, run_after=None
[2024-10-28T13:26:25.699+0000] {processor.py:208} INFO - Processing /opt/airflow/dags/crawl_dag.py took 0.065 seconds
[2024-10-28T13:26:55.948+0000] {processor.py:186} INFO - Started process (PID=58) to work on /opt/airflow/dags/crawl_dag.py
[2024-10-28T13:26:55.949+0000] {processor.py:914} INFO - Processing file /opt/airflow/dags/crawl_dag.py for tasks to queue
[2024-10-28T13:26:55.950+0000] {logging_mixin.py:190} INFO - [2024-10-28T13:26:55.950+0000] {dagbag.py:588} INFO - Filling up the DagBag from /opt/airflow/dags/crawl_dag.py
[2024-10-28T13:26:55.963+0000] {processor.py:925} INFO - DAG(s) 'crawl_dag' retrieved from /opt/airflow/dags/crawl_dag.py
[2024-10-28T13:26:55.982+0000] {logging_mixin.py:190} INFO - [2024-10-28T13:26:55.982+0000] {dag.py:3239} INFO - Sync 1 DAGs
[2024-10-28T13:26:55.994+0000] {logging_mixin.py:190} INFO - [2024-10-28T13:26:55.993+0000] {dag.py:4180} INFO - Setting next_dagrun for crawl_dag to None, run_after=None
[2024-10-28T13:26:56.008+0000] {processor.py:208} INFO - Processing /opt/airflow/dags/crawl_dag.py took 0.065 seconds
[2024-10-28T13:27:26.285+0000] {processor.py:186} INFO - Started process (PID=66) to work on /opt/airflow/dags/crawl_dag.py
[2024-10-28T13:27:26.286+0000] {processor.py:914} INFO - Processing file /opt/airflow/dags/crawl_dag.py for tasks to queue
[2024-10-28T13:27:26.288+0000] {logging_mixin.py:190} INFO - [2024-10-28T13:27:26.288+0000] {dagbag.py:588} INFO - Filling up the DagBag from /opt/airflow/dags/crawl_dag.py
[2024-10-28T13:27:26.300+0000] {processor.py:925} INFO - DAG(s) 'crawl_dag' retrieved from /opt/airflow/dags/crawl_dag.py
[2024-10-28T13:27:26.319+0000] {logging_mixin.py:190} INFO - [2024-10-28T13:27:26.319+0000] {dag.py:3239} INFO - Sync 1 DAGs
[2024-10-28T13:27:26.330+0000] {logging_mixin.py:190} INFO - [2024-10-28T13:27:26.330+0000] {dag.py:4180} INFO - Setting next_dagrun for crawl_dag to None, run_after=None
[2024-10-28T13:27:26.344+0000] {processor.py:208} INFO - Processing /opt/airflow/dags/crawl_dag.py took 0.063 seconds
[2024-10-28T13:27:56.552+0000] {processor.py:186} INFO - Started process (PID=74) to work on /opt/airflow/dags/crawl_dag.py
[2024-10-28T13:27:56.552+0000] {processor.py:914} INFO - Processing file /opt/airflow/dags/crawl_dag.py for tasks to queue
[2024-10-28T13:27:56.554+0000] {logging_mixin.py:190} INFO - [2024-10-28T13:27:56.554+0000] {dagbag.py:588} INFO - Filling up the DagBag from /opt/airflow/dags/crawl_dag.py
[2024-10-28T13:27:56.566+0000] {processor.py:925} INFO - DAG(s) 'crawl_dag' retrieved from /opt/airflow/dags/crawl_dag.py
[2024-10-28T13:27:56.586+0000] {logging_mixin.py:190} INFO - [2024-10-28T13:27:56.586+0000] {dag.py:3239} INFO - Sync 1 DAGs
[2024-10-28T13:27:56.598+0000] {logging_mixin.py:190} INFO - [2024-10-28T13:27:56.597+0000] {dag.py:4180} INFO - Setting next_dagrun for crawl_dag to None, run_after=None
[2024-10-28T13:27:56.612+0000] {processor.py:208} INFO - Processing /opt/airflow/dags/crawl_dag.py took 0.065 seconds
[2024-10-28T13:28:56.244+0000] {processor.py:186} INFO - Started process (PID=82) to work on /opt/airflow/dags/crawl_dag.py
[2024-10-28T13:28:56.248+0000] {processor.py:914} INFO - Processing file /opt/airflow/dags/crawl_dag.py for tasks to queue
[2024-10-28T13:28:56.257+0000] {logging_mixin.py:190} INFO - [2024-10-28T13:28:56.256+0000] {dagbag.py:588} INFO - Filling up the DagBag from /opt/airflow/dags/crawl_dag.py
[2024-10-28T13:28:56.276+0000] {processor.py:925} INFO - DAG(s) 'crawl_dag' retrieved from /opt/airflow/dags/crawl_dag.py
[2024-10-28T13:28:56.307+0000] {logging_mixin.py:190} INFO - [2024-10-28T13:28:56.307+0000] {dag.py:3239} INFO - Sync 1 DAGs
[2024-10-28T13:28:56.331+0000] {logging_mixin.py:190} INFO - [2024-10-28T13:28:56.331+0000] {dag.py:4180} INFO - Setting next_dagrun for crawl_dag to None, run_after=None
[2024-10-28T13:28:56.355+0000] {processor.py:208} INFO - Processing /opt/airflow/dags/crawl_dag.py took 0.129 seconds
[2024-10-28T13:29:26.621+0000] {processor.py:186} INFO - Started process (PID=90) to work on /opt/airflow/dags/crawl_dag.py
[2024-10-28T13:29:26.621+0000] {processor.py:914} INFO - Processing file /opt/airflow/dags/crawl_dag.py for tasks to queue
[2024-10-28T13:29:26.623+0000] {logging_mixin.py:190} INFO - [2024-10-28T13:29:26.623+0000] {dagbag.py:588} INFO - Filling up the DagBag from /opt/airflow/dags/crawl_dag.py
[2024-10-28T13:29:26.635+0000] {processor.py:925} INFO - DAG(s) 'crawl_dag' retrieved from /opt/airflow/dags/crawl_dag.py
[2024-10-28T13:29:26.654+0000] {logging_mixin.py:190} INFO - [2024-10-28T13:29:26.654+0000] {dag.py:3239} INFO - Sync 1 DAGs
[2024-10-28T13:29:26.772+0000] {logging_mixin.py:190} INFO - [2024-10-28T13:29:26.772+0000] {dag.py:4180} INFO - Setting next_dagrun for crawl_dag to None, run_after=None
[2024-10-28T13:29:26.785+0000] {processor.py:208} INFO - Processing /opt/airflow/dags/crawl_dag.py took 0.169 seconds
[2024-10-28T13:29:56.957+0000] {processor.py:186} INFO - Started process (PID=98) to work on /opt/airflow/dags/crawl_dag.py
[2024-10-28T13:29:56.958+0000] {processor.py:914} INFO - Processing file /opt/airflow/dags/crawl_dag.py for tasks to queue
[2024-10-28T13:29:56.960+0000] {logging_mixin.py:190} INFO - [2024-10-28T13:29:56.959+0000] {dagbag.py:588} INFO - Filling up the DagBag from /opt/airflow/dags/crawl_dag.py
[2024-10-28T13:29:56.972+0000] {processor.py:925} INFO - DAG(s) 'crawl_dag' retrieved from /opt/airflow/dags/crawl_dag.py
[2024-10-28T13:29:56.992+0000] {logging_mixin.py:190} INFO - [2024-10-28T13:29:56.992+0000] {dag.py:3239} INFO - Sync 1 DAGs
[2024-10-28T13:29:57.103+0000] {logging_mixin.py:190} INFO - [2024-10-28T13:29:57.103+0000] {dag.py:4180} INFO - Setting next_dagrun for crawl_dag to None, run_after=None
[2024-10-28T13:29:57.116+0000] {processor.py:208} INFO - Processing /opt/airflow/dags/crawl_dag.py took 0.164 seconds
[2024-10-28T13:30:27.279+0000] {processor.py:186} INFO - Started process (PID=106) to work on /opt/airflow/dags/crawl_dag.py
[2024-10-28T13:30:27.279+0000] {processor.py:914} INFO - Processing file /opt/airflow/dags/crawl_dag.py for tasks to queue
[2024-10-28T13:30:27.281+0000] {logging_mixin.py:190} INFO - [2024-10-28T13:30:27.281+0000] {dagbag.py:588} INFO - Filling up the DagBag from /opt/airflow/dags/crawl_dag.py
[2024-10-28T13:30:27.293+0000] {processor.py:925} INFO - DAG(s) 'crawl_dag' retrieved from /opt/airflow/dags/crawl_dag.py
[2024-10-28T13:30:27.412+0000] {logging_mixin.py:190} INFO - [2024-10-28T13:30:27.412+0000] {dag.py:3239} INFO - Sync 1 DAGs
[2024-10-28T13:30:27.422+0000] {logging_mixin.py:190} INFO - [2024-10-28T13:30:27.422+0000] {dag.py:4180} INFO - Setting next_dagrun for crawl_dag to None, run_after=None
[2024-10-28T13:30:27.437+0000] {processor.py:208} INFO - Processing /opt/airflow/dags/crawl_dag.py took 0.163 seconds
[2024-10-28T13:30:57.698+0000] {processor.py:186} INFO - Started process (PID=114) to work on /opt/airflow/dags/crawl_dag.py
[2024-10-28T13:30:57.699+0000] {processor.py:914} INFO - Processing file /opt/airflow/dags/crawl_dag.py for tasks to queue
[2024-10-28T13:30:57.701+0000] {logging_mixin.py:190} INFO - [2024-10-28T13:30:57.700+0000] {dagbag.py:588} INFO - Filling up the DagBag from /opt/airflow/dags/crawl_dag.py
[2024-10-28T13:30:57.714+0000] {processor.py:925} INFO - DAG(s) 'crawl_dag' retrieved from /opt/airflow/dags/crawl_dag.py
[2024-10-28T13:30:57.737+0000] {logging_mixin.py:190} INFO - [2024-10-28T13:30:57.737+0000] {dag.py:3239} INFO - Sync 1 DAGs
[2024-10-28T13:30:57.750+0000] {logging_mixin.py:190} INFO - [2024-10-28T13:30:57.750+0000] {dag.py:4180} INFO - Setting next_dagrun for crawl_dag to None, run_after=None
[2024-10-28T13:30:57.765+0000] {processor.py:208} INFO - Processing /opt/airflow/dags/crawl_dag.py took 0.073 seconds
[2024-10-28T13:31:28.469+0000] {processor.py:186} INFO - Started process (PID=122) to work on /opt/airflow/dags/crawl_dag.py
[2024-10-28T13:31:28.469+0000] {processor.py:914} INFO - Processing file /opt/airflow/dags/crawl_dag.py for tasks to queue
[2024-10-28T13:31:28.471+0000] {logging_mixin.py:190} INFO - [2024-10-28T13:31:28.471+0000] {dagbag.py:588} INFO - Filling up the DagBag from /opt/airflow/dags/crawl_dag.py
[2024-10-28T13:31:28.484+0000] {processor.py:925} INFO - DAG(s) 'crawl_dag' retrieved from /opt/airflow/dags/crawl_dag.py
[2024-10-28T13:31:28.504+0000] {logging_mixin.py:190} INFO - [2024-10-28T13:31:28.503+0000] {dag.py:3239} INFO - Sync 1 DAGs
[2024-10-28T13:31:28.515+0000] {logging_mixin.py:190} INFO - [2024-10-28T13:31:28.515+0000] {dag.py:4180} INFO - Setting next_dagrun for crawl_dag to None, run_after=None
[2024-10-28T13:31:28.529+0000] {processor.py:208} INFO - Processing /opt/airflow/dags/crawl_dag.py took 0.065 seconds
[2024-10-28T13:31:58.816+0000] {processor.py:186} INFO - Started process (PID=130) to work on /opt/airflow/dags/crawl_dag.py
[2024-10-28T13:31:58.817+0000] {processor.py:914} INFO - Processing file /opt/airflow/dags/crawl_dag.py for tasks to queue
[2024-10-28T13:31:58.819+0000] {logging_mixin.py:190} INFO - [2024-10-28T13:31:58.819+0000] {dagbag.py:588} INFO - Filling up the DagBag from /opt/airflow/dags/crawl_dag.py
[2024-10-28T13:31:58.831+0000] {processor.py:925} INFO - DAG(s) 'crawl_dag' retrieved from /opt/airflow/dags/crawl_dag.py
[2024-10-28T13:31:58.851+0000] {logging_mixin.py:190} INFO - [2024-10-28T13:31:58.850+0000] {dag.py:3239} INFO - Sync 1 DAGs
[2024-10-28T13:31:58.863+0000] {logging_mixin.py:190} INFO - [2024-10-28T13:31:58.863+0000] {dag.py:4180} INFO - Setting next_dagrun for crawl_dag to None, run_after=None
[2024-10-28T13:31:58.876+0000] {processor.py:208} INFO - Processing /opt/airflow/dags/crawl_dag.py took 0.065 seconds
[2024-10-28T13:32:29.156+0000] {processor.py:186} INFO - Started process (PID=138) to work on /opt/airflow/dags/crawl_dag.py
[2024-10-28T13:32:29.156+0000] {processor.py:914} INFO - Processing file /opt/airflow/dags/crawl_dag.py for tasks to queue
[2024-10-28T13:32:29.158+0000] {logging_mixin.py:190} INFO - [2024-10-28T13:32:29.158+0000] {dagbag.py:588} INFO - Filling up the DagBag from /opt/airflow/dags/crawl_dag.py
[2024-10-28T13:32:29.170+0000] {processor.py:925} INFO - DAG(s) 'crawl_dag' retrieved from /opt/airflow/dags/crawl_dag.py
[2024-10-28T13:32:29.190+0000] {logging_mixin.py:190} INFO - [2024-10-28T13:32:29.189+0000] {dag.py:3239} INFO - Sync 1 DAGs
[2024-10-28T13:32:29.201+0000] {logging_mixin.py:190} INFO - [2024-10-28T13:32:29.201+0000] {dag.py:4180} INFO - Setting next_dagrun for crawl_dag to None, run_after=None
[2024-10-28T13:32:29.215+0000] {processor.py:208} INFO - Processing /opt/airflow/dags/crawl_dag.py took 0.064 seconds
[2024-10-28T13:32:59.503+0000] {processor.py:186} INFO - Started process (PID=146) to work on /opt/airflow/dags/crawl_dag.py
[2024-10-28T13:32:59.504+0000] {processor.py:914} INFO - Processing file /opt/airflow/dags/crawl_dag.py for tasks to queue
[2024-10-28T13:32:59.506+0000] {logging_mixin.py:190} INFO - [2024-10-28T13:32:59.505+0000] {dagbag.py:588} INFO - Filling up the DagBag from /opt/airflow/dags/crawl_dag.py
[2024-10-28T13:32:59.518+0000] {processor.py:925} INFO - DAG(s) 'crawl_dag' retrieved from /opt/airflow/dags/crawl_dag.py
[2024-10-28T13:32:59.538+0000] {logging_mixin.py:190} INFO - [2024-10-28T13:32:59.538+0000] {dag.py:3239} INFO - Sync 1 DAGs
[2024-10-28T13:32:59.550+0000] {logging_mixin.py:190} INFO - [2024-10-28T13:32:59.550+0000] {dag.py:4180} INFO - Setting next_dagrun for crawl_dag to None, run_after=None
[2024-10-28T13:32:59.563+0000] {processor.py:208} INFO - Processing /opt/airflow/dags/crawl_dag.py took 0.066 seconds
[2024-10-28T13:33:29.837+0000] {processor.py:186} INFO - Started process (PID=154) to work on /opt/airflow/dags/crawl_dag.py
[2024-10-28T13:33:29.837+0000] {processor.py:914} INFO - Processing file /opt/airflow/dags/crawl_dag.py for tasks to queue
[2024-10-28T13:33:29.839+0000] {logging_mixin.py:190} INFO - [2024-10-28T13:33:29.839+0000] {dagbag.py:588} INFO - Filling up the DagBag from /opt/airflow/dags/crawl_dag.py
[2024-10-28T13:33:29.851+0000] {processor.py:925} INFO - DAG(s) 'crawl_dag' retrieved from /opt/airflow/dags/crawl_dag.py
[2024-10-28T13:33:29.871+0000] {logging_mixin.py:190} INFO - [2024-10-28T13:33:29.871+0000] {dag.py:3239} INFO - Sync 1 DAGs
[2024-10-28T13:33:29.882+0000] {logging_mixin.py:190} INFO - [2024-10-28T13:33:29.882+0000] {dag.py:4180} INFO - Setting next_dagrun for crawl_dag to None, run_after=None
[2024-10-28T13:33:29.896+0000] {processor.py:208} INFO - Processing /opt/airflow/dags/crawl_dag.py took 0.065 seconds
[2024-10-28T13:34:00.166+0000] {processor.py:186} INFO - Started process (PID=162) to work on /opt/airflow/dags/crawl_dag.py
[2024-10-28T13:34:00.167+0000] {processor.py:914} INFO - Processing file /opt/airflow/dags/crawl_dag.py for tasks to queue
[2024-10-28T13:34:00.169+0000] {logging_mixin.py:190} INFO - [2024-10-28T13:34:00.169+0000] {dagbag.py:588} INFO - Filling up the DagBag from /opt/airflow/dags/crawl_dag.py
[2024-10-28T13:34:00.181+0000] {processor.py:925} INFO - DAG(s) 'crawl_dag' retrieved from /opt/airflow/dags/crawl_dag.py
[2024-10-28T13:34:00.200+0000] {logging_mixin.py:190} INFO - [2024-10-28T13:34:00.200+0000] {dag.py:3239} INFO - Sync 1 DAGs
[2024-10-28T13:34:00.211+0000] {logging_mixin.py:190} INFO - [2024-10-28T13:34:00.211+0000] {dag.py:4180} INFO - Setting next_dagrun for crawl_dag to None, run_after=None
[2024-10-28T13:34:00.228+0000] {processor.py:208} INFO - Processing /opt/airflow/dags/crawl_dag.py took 0.067 seconds
[2024-10-28T13:34:30.509+0000] {processor.py:186} INFO - Started process (PID=170) to work on /opt/airflow/dags/crawl_dag.py
[2024-10-28T13:34:30.509+0000] {processor.py:914} INFO - Processing file /opt/airflow/dags/crawl_dag.py for tasks to queue
[2024-10-28T13:34:30.511+0000] {logging_mixin.py:190} INFO - [2024-10-28T13:34:30.511+0000] {dagbag.py:588} INFO - Filling up the DagBag from /opt/airflow/dags/crawl_dag.py
[2024-10-28T13:34:30.523+0000] {processor.py:925} INFO - DAG(s) 'crawl_dag' retrieved from /opt/airflow/dags/crawl_dag.py
[2024-10-28T13:34:30.542+0000] {logging_mixin.py:190} INFO - [2024-10-28T13:34:30.542+0000] {dag.py:3239} INFO - Sync 1 DAGs
[2024-10-28T13:34:30.554+0000] {logging_mixin.py:190} INFO - [2024-10-28T13:34:30.553+0000] {dag.py:4180} INFO - Setting next_dagrun for crawl_dag to None, run_after=None
[2024-10-28T13:34:30.568+0000] {processor.py:208} INFO - Processing /opt/airflow/dags/crawl_dag.py took 0.065 seconds
[2024-10-28T13:35:00.838+0000] {processor.py:186} INFO - Started process (PID=178) to work on /opt/airflow/dags/crawl_dag.py
[2024-10-28T13:35:00.839+0000] {processor.py:914} INFO - Processing file /opt/airflow/dags/crawl_dag.py for tasks to queue
[2024-10-28T13:35:00.841+0000] {logging_mixin.py:190} INFO - [2024-10-28T13:35:00.841+0000] {dagbag.py:588} INFO - Filling up the DagBag from /opt/airflow/dags/crawl_dag.py
[2024-10-28T13:35:00.854+0000] {processor.py:925} INFO - DAG(s) 'crawl_dag' retrieved from /opt/airflow/dags/crawl_dag.py
[2024-10-28T13:35:00.875+0000] {logging_mixin.py:190} INFO - [2024-10-28T13:35:00.875+0000] {dag.py:3239} INFO - Sync 1 DAGs
[2024-10-28T13:35:00.888+0000] {logging_mixin.py:190} INFO - [2024-10-28T13:35:00.887+0000] {dag.py:4180} INFO - Setting next_dagrun for crawl_dag to None, run_after=None
[2024-10-28T13:35:00.902+0000] {processor.py:208} INFO - Processing /opt/airflow/dags/crawl_dag.py took 0.069 seconds
[2024-10-28T13:35:31.121+0000] {processor.py:186} INFO - Started process (PID=186) to work on /opt/airflow/dags/crawl_dag.py
[2024-10-28T13:35:31.121+0000] {processor.py:914} INFO - Processing file /opt/airflow/dags/crawl_dag.py for tasks to queue
[2024-10-28T13:35:31.123+0000] {logging_mixin.py:190} INFO - [2024-10-28T13:35:31.123+0000] {dagbag.py:588} INFO - Filling up the DagBag from /opt/airflow/dags/crawl_dag.py
[2024-10-28T13:35:31.135+0000] {processor.py:925} INFO - DAG(s) 'crawl_dag' retrieved from /opt/airflow/dags/crawl_dag.py
[2024-10-28T13:35:31.155+0000] {logging_mixin.py:190} INFO - [2024-10-28T13:35:31.154+0000] {dag.py:3239} INFO - Sync 1 DAGs
[2024-10-28T13:35:31.166+0000] {logging_mixin.py:190} INFO - [2024-10-28T13:35:31.166+0000] {dag.py:4180} INFO - Setting next_dagrun for crawl_dag to None, run_after=None
[2024-10-28T13:35:31.180+0000] {processor.py:208} INFO - Processing /opt/airflow/dags/crawl_dag.py took 0.064 seconds
[2024-10-28T13:36:01.426+0000] {processor.py:186} INFO - Started process (PID=194) to work on /opt/airflow/dags/crawl_dag.py
[2024-10-28T13:36:01.427+0000] {processor.py:914} INFO - Processing file /opt/airflow/dags/crawl_dag.py for tasks to queue
[2024-10-28T13:36:01.429+0000] {logging_mixin.py:190} INFO - [2024-10-28T13:36:01.429+0000] {dagbag.py:588} INFO - Filling up the DagBag from /opt/airflow/dags/crawl_dag.py
[2024-10-28T13:36:01.441+0000] {processor.py:925} INFO - DAG(s) 'crawl_dag' retrieved from /opt/airflow/dags/crawl_dag.py
[2024-10-28T13:36:01.460+0000] {logging_mixin.py:190} INFO - [2024-10-28T13:36:01.459+0000] {dag.py:3239} INFO - Sync 1 DAGs
[2024-10-28T13:36:01.471+0000] {logging_mixin.py:190} INFO - [2024-10-28T13:36:01.471+0000] {dag.py:4180} INFO - Setting next_dagrun for crawl_dag to None, run_after=None
[2024-10-28T13:36:01.486+0000] {processor.py:208} INFO - Processing /opt/airflow/dags/crawl_dag.py took 0.065 seconds
[2024-10-28T13:36:31.692+0000] {processor.py:186} INFO - Started process (PID=202) to work on /opt/airflow/dags/crawl_dag.py
[2024-10-28T13:36:31.692+0000] {processor.py:914} INFO - Processing file /opt/airflow/dags/crawl_dag.py for tasks to queue
[2024-10-28T13:36:31.695+0000] {logging_mixin.py:190} INFO - [2024-10-28T13:36:31.694+0000] {dagbag.py:588} INFO - Filling up the DagBag from /opt/airflow/dags/crawl_dag.py
[2024-10-28T13:36:31.706+0000] {processor.py:925} INFO - DAG(s) 'crawl_dag' retrieved from /opt/airflow/dags/crawl_dag.py
[2024-10-28T13:36:31.726+0000] {logging_mixin.py:190} INFO - [2024-10-28T13:36:31.725+0000] {dag.py:3239} INFO - Sync 1 DAGs
[2024-10-28T13:36:31.737+0000] {logging_mixin.py:190} INFO - [2024-10-28T13:36:31.736+0000] {dag.py:4180} INFO - Setting next_dagrun for crawl_dag to None, run_after=None
[2024-10-28T13:36:31.749+0000] {processor.py:208} INFO - Processing /opt/airflow/dags/crawl_dag.py took 0.062 seconds
[2024-10-28T13:37:01.991+0000] {processor.py:186} INFO - Started process (PID=210) to work on /opt/airflow/dags/crawl_dag.py
[2024-10-28T13:37:01.999+0000] {processor.py:914} INFO - Processing file /opt/airflow/dags/crawl_dag.py for tasks to queue
[2024-10-28T13:37:02.001+0000] {logging_mixin.py:190} INFO - [2024-10-28T13:37:02.001+0000] {dagbag.py:588} INFO - Filling up the DagBag from /opt/airflow/dags/crawl_dag.py
[2024-10-28T13:37:02.013+0000] {processor.py:925} INFO - DAG(s) 'crawl_dag' retrieved from /opt/airflow/dags/crawl_dag.py
[2024-10-28T13:37:02.032+0000] {logging_mixin.py:190} INFO - [2024-10-28T13:37:02.031+0000] {dag.py:3239} INFO - Sync 1 DAGs
[2024-10-28T13:37:02.043+0000] {logging_mixin.py:190} INFO - [2024-10-28T13:37:02.043+0000] {dag.py:4180} INFO - Setting next_dagrun for crawl_dag to None, run_after=None
[2024-10-28T13:37:02.056+0000] {processor.py:208} INFO - Processing /opt/airflow/dags/crawl_dag.py took 0.071 seconds
[2024-10-28T13:37:32.286+0000] {processor.py:186} INFO - Started process (PID=218) to work on /opt/airflow/dags/crawl_dag.py
[2024-10-28T13:37:32.287+0000] {processor.py:914} INFO - Processing file /opt/airflow/dags/crawl_dag.py for tasks to queue
[2024-10-28T13:37:32.290+0000] {logging_mixin.py:190} INFO - [2024-10-28T13:37:32.289+0000] {dagbag.py:588} INFO - Filling up the DagBag from /opt/airflow/dags/crawl_dag.py
[2024-10-28T13:37:32.305+0000] {processor.py:925} INFO - DAG(s) 'crawl_dag' retrieved from /opt/airflow/dags/crawl_dag.py
[2024-10-28T13:37:32.325+0000] {logging_mixin.py:190} INFO - [2024-10-28T13:37:32.325+0000] {dag.py:3239} INFO - Sync 1 DAGs
[2024-10-28T13:37:32.337+0000] {logging_mixin.py:190} INFO - [2024-10-28T13:37:32.336+0000] {dag.py:4180} INFO - Setting next_dagrun for crawl_dag to None, run_after=None
[2024-10-28T13:37:32.359+0000] {processor.py:208} INFO - Processing /opt/airflow/dags/crawl_dag.py took 0.088 seconds
[2024-10-28T13:38:02.569+0000] {processor.py:186} INFO - Started process (PID=226) to work on /opt/airflow/dags/crawl_dag.py
[2024-10-28T13:38:02.570+0000] {processor.py:914} INFO - Processing file /opt/airflow/dags/crawl_dag.py for tasks to queue
[2024-10-28T13:38:02.573+0000] {logging_mixin.py:190} INFO - [2024-10-28T13:38:02.572+0000] {dagbag.py:588} INFO - Filling up the DagBag from /opt/airflow/dags/crawl_dag.py
[2024-10-28T13:38:02.590+0000] {processor.py:925} INFO - DAG(s) 'crawl_dag' retrieved from /opt/airflow/dags/crawl_dag.py
[2024-10-28T13:38:02.612+0000] {logging_mixin.py:190} INFO - [2024-10-28T13:38:02.612+0000] {dag.py:3239} INFO - Sync 1 DAGs
[2024-10-28T13:38:02.626+0000] {logging_mixin.py:190} INFO - [2024-10-28T13:38:02.626+0000] {dag.py:4180} INFO - Setting next_dagrun for crawl_dag to None, run_after=None
[2024-10-28T13:38:02.644+0000] {processor.py:208} INFO - Processing /opt/airflow/dags/crawl_dag.py took 0.086 seconds
[2024-10-28T13:38:32.891+0000] {processor.py:186} INFO - Started process (PID=233) to work on /opt/airflow/dags/crawl_dag.py
[2024-10-28T13:38:32.892+0000] {processor.py:914} INFO - Processing file /opt/airflow/dags/crawl_dag.py for tasks to queue
[2024-10-28T13:38:32.895+0000] {logging_mixin.py:190} INFO - [2024-10-28T13:38:32.894+0000] {dagbag.py:588} INFO - Filling up the DagBag from /opt/airflow/dags/crawl_dag.py
[2024-10-28T13:38:32.911+0000] {processor.py:925} INFO - DAG(s) 'crawl_dag' retrieved from /opt/airflow/dags/crawl_dag.py
[2024-10-28T13:38:32.932+0000] {logging_mixin.py:190} INFO - [2024-10-28T13:38:32.931+0000] {dag.py:3239} INFO - Sync 1 DAGs
[2024-10-28T13:38:32.943+0000] {logging_mixin.py:190} INFO - [2024-10-28T13:38:32.943+0000] {dag.py:4180} INFO - Setting next_dagrun for crawl_dag to None, run_after=None
[2024-10-28T13:38:32.957+0000] {processor.py:208} INFO - Processing /opt/airflow/dags/crawl_dag.py took 0.079 seconds
[2024-10-28T13:39:03.162+0000] {processor.py:186} INFO - Started process (PID=241) to work on /opt/airflow/dags/crawl_dag.py
[2024-10-28T13:39:03.163+0000] {processor.py:914} INFO - Processing file /opt/airflow/dags/crawl_dag.py for tasks to queue
[2024-10-28T13:39:03.165+0000] {logging_mixin.py:190} INFO - [2024-10-28T13:39:03.164+0000] {dagbag.py:588} INFO - Filling up the DagBag from /opt/airflow/dags/crawl_dag.py
[2024-10-28T13:39:03.177+0000] {processor.py:925} INFO - DAG(s) 'crawl_dag' retrieved from /opt/airflow/dags/crawl_dag.py
[2024-10-28T13:39:03.199+0000] {logging_mixin.py:190} INFO - [2024-10-28T13:39:03.198+0000] {dag.py:3239} INFO - Sync 1 DAGs
[2024-10-28T13:39:03.212+0000] {logging_mixin.py:190} INFO - [2024-10-28T13:39:03.212+0000] {dag.py:4180} INFO - Setting next_dagrun for crawl_dag to None, run_after=None
[2024-10-28T13:39:03.226+0000] {processor.py:208} INFO - Processing /opt/airflow/dags/crawl_dag.py took 0.069 seconds
[2024-10-28T13:39:33.400+0000] {processor.py:186} INFO - Started process (PID=249) to work on /opt/airflow/dags/crawl_dag.py
[2024-10-28T13:39:33.401+0000] {processor.py:914} INFO - Processing file /opt/airflow/dags/crawl_dag.py for tasks to queue
[2024-10-28T13:39:33.405+0000] {logging_mixin.py:190} INFO - [2024-10-28T13:39:33.405+0000] {dagbag.py:588} INFO - Filling up the DagBag from /opt/airflow/dags/crawl_dag.py
[2024-10-28T13:39:33.422+0000] {processor.py:925} INFO - DAG(s) 'crawl_dag' retrieved from /opt/airflow/dags/crawl_dag.py
[2024-10-28T13:39:33.443+0000] {logging_mixin.py:190} INFO - [2024-10-28T13:39:33.442+0000] {dag.py:3239} INFO - Sync 1 DAGs
[2024-10-28T13:39:33.456+0000] {logging_mixin.py:190} INFO - [2024-10-28T13:39:33.456+0000] {dag.py:4180} INFO - Setting next_dagrun for crawl_dag to None, run_after=None
[2024-10-28T13:39:33.473+0000] {processor.py:208} INFO - Processing /opt/airflow/dags/crawl_dag.py took 0.085 seconds
[2024-10-28T13:40:03.724+0000] {processor.py:186} INFO - Started process (PID=257) to work on /opt/airflow/dags/crawl_dag.py
[2024-10-28T13:40:03.725+0000] {processor.py:914} INFO - Processing file /opt/airflow/dags/crawl_dag.py for tasks to queue
[2024-10-28T13:40:03.729+0000] {logging_mixin.py:190} INFO - [2024-10-28T13:40:03.729+0000] {dagbag.py:588} INFO - Filling up the DagBag from /opt/airflow/dags/crawl_dag.py
[2024-10-28T13:40:03.746+0000] {processor.py:925} INFO - DAG(s) 'crawl_dag' retrieved from /opt/airflow/dags/crawl_dag.py
[2024-10-28T13:40:03.766+0000] {logging_mixin.py:190} INFO - [2024-10-28T13:40:03.766+0000] {dag.py:3239} INFO - Sync 1 DAGs
[2024-10-28T13:40:03.778+0000] {logging_mixin.py:190} INFO - [2024-10-28T13:40:03.777+0000] {dag.py:4180} INFO - Setting next_dagrun for crawl_dag to None, run_after=None
[2024-10-28T13:40:03.791+0000] {processor.py:208} INFO - Processing /opt/airflow/dags/crawl_dag.py took 0.079 seconds
[2024-10-28T13:40:34.011+0000] {processor.py:186} INFO - Started process (PID=265) to work on /opt/airflow/dags/crawl_dag.py
[2024-10-28T13:40:34.012+0000] {processor.py:914} INFO - Processing file /opt/airflow/dags/crawl_dag.py for tasks to queue
[2024-10-28T13:40:34.015+0000] {logging_mixin.py:190} INFO - [2024-10-28T13:40:34.014+0000] {dagbag.py:588} INFO - Filling up the DagBag from /opt/airflow/dags/crawl_dag.py
[2024-10-28T13:40:34.029+0000] {processor.py:925} INFO - DAG(s) 'crawl_dag' retrieved from /opt/airflow/dags/crawl_dag.py
[2024-10-28T13:40:34.050+0000] {logging_mixin.py:190} INFO - [2024-10-28T13:40:34.050+0000] {dag.py:3239} INFO - Sync 1 DAGs
[2024-10-28T13:40:34.062+0000] {logging_mixin.py:190} INFO - [2024-10-28T13:40:34.062+0000] {dag.py:4180} INFO - Setting next_dagrun for crawl_dag to None, run_after=None
[2024-10-28T13:40:34.076+0000] {processor.py:208} INFO - Processing /opt/airflow/dags/crawl_dag.py took 0.074 seconds
[2024-10-28T13:41:04.317+0000] {processor.py:186} INFO - Started process (PID=273) to work on /opt/airflow/dags/crawl_dag.py
[2024-10-28T13:41:04.318+0000] {processor.py:914} INFO - Processing file /opt/airflow/dags/crawl_dag.py for tasks to queue
[2024-10-28T13:41:04.320+0000] {logging_mixin.py:190} INFO - [2024-10-28T13:41:04.320+0000] {dagbag.py:588} INFO - Filling up the DagBag from /opt/airflow/dags/crawl_dag.py
[2024-10-28T13:41:04.335+0000] {processor.py:925} INFO - DAG(s) 'crawl_dag' retrieved from /opt/airflow/dags/crawl_dag.py
[2024-10-28T13:41:04.356+0000] {logging_mixin.py:190} INFO - [2024-10-28T13:41:04.356+0000] {dag.py:3239} INFO - Sync 1 DAGs
[2024-10-28T13:41:04.369+0000] {logging_mixin.py:190} INFO - [2024-10-28T13:41:04.369+0000] {dag.py:4180} INFO - Setting next_dagrun for crawl_dag to None, run_after=None
[2024-10-28T13:41:04.385+0000] {processor.py:208} INFO - Processing /opt/airflow/dags/crawl_dag.py took 0.078 seconds
[2024-10-28T13:41:34.606+0000] {processor.py:186} INFO - Started process (PID=281) to work on /opt/airflow/dags/crawl_dag.py
[2024-10-28T13:41:34.606+0000] {processor.py:914} INFO - Processing file /opt/airflow/dags/crawl_dag.py for tasks to queue
[2024-10-28T13:41:34.608+0000] {logging_mixin.py:190} INFO - [2024-10-28T13:41:34.608+0000] {dagbag.py:588} INFO - Filling up the DagBag from /opt/airflow/dags/crawl_dag.py
[2024-10-28T13:41:34.624+0000] {processor.py:925} INFO - DAG(s) 'crawl_dag' retrieved from /opt/airflow/dags/crawl_dag.py
[2024-10-28T13:41:34.647+0000] {logging_mixin.py:190} INFO - [2024-10-28T13:41:34.647+0000] {dag.py:3239} INFO - Sync 1 DAGs
[2024-10-28T13:41:34.665+0000] {logging_mixin.py:190} INFO - [2024-10-28T13:41:34.665+0000] {dag.py:4180} INFO - Setting next_dagrun for crawl_dag to None, run_after=None
[2024-10-28T13:41:34.688+0000] {processor.py:208} INFO - Processing /opt/airflow/dags/crawl_dag.py took 0.089 seconds
[2024-10-28T13:42:04.885+0000] {processor.py:186} INFO - Started process (PID=289) to work on /opt/airflow/dags/crawl_dag.py
[2024-10-28T13:42:04.886+0000] {processor.py:914} INFO - Processing file /opt/airflow/dags/crawl_dag.py for tasks to queue
[2024-10-28T13:42:04.890+0000] {logging_mixin.py:190} INFO - [2024-10-28T13:42:04.890+0000] {dagbag.py:588} INFO - Filling up the DagBag from /opt/airflow/dags/crawl_dag.py
[2024-10-28T13:42:04.909+0000] {processor.py:925} INFO - DAG(s) 'crawl_dag' retrieved from /opt/airflow/dags/crawl_dag.py
[2024-10-28T13:42:04.930+0000] {logging_mixin.py:190} INFO - [2024-10-28T13:42:04.929+0000] {dag.py:3239} INFO - Sync 1 DAGs
[2024-10-28T13:42:04.942+0000] {logging_mixin.py:190} INFO - [2024-10-28T13:42:04.942+0000] {dag.py:4180} INFO - Setting next_dagrun for crawl_dag to None, run_after=None
[2024-10-28T13:42:04.961+0000] {processor.py:208} INFO - Processing /opt/airflow/dags/crawl_dag.py took 0.085 seconds
[2024-10-28T13:42:35.218+0000] {processor.py:186} INFO - Started process (PID=297) to work on /opt/airflow/dags/crawl_dag.py
[2024-10-28T13:42:35.219+0000] {processor.py:914} INFO - Processing file /opt/airflow/dags/crawl_dag.py for tasks to queue
[2024-10-28T13:42:35.222+0000] {logging_mixin.py:190} INFO - [2024-10-28T13:42:35.222+0000] {dagbag.py:588} INFO - Filling up the DagBag from /opt/airflow/dags/crawl_dag.py
[2024-10-28T13:42:35.236+0000] {processor.py:925} INFO - DAG(s) 'crawl_dag' retrieved from /opt/airflow/dags/crawl_dag.py
[2024-10-28T13:42:35.258+0000] {logging_mixin.py:190} INFO - [2024-10-28T13:42:35.257+0000] {dag.py:3239} INFO - Sync 1 DAGs
[2024-10-28T13:42:35.270+0000] {logging_mixin.py:190} INFO - [2024-10-28T13:42:35.270+0000] {dag.py:4180} INFO - Setting next_dagrun for crawl_dag to None, run_after=None
[2024-10-28T13:42:35.286+0000] {processor.py:208} INFO - Processing /opt/airflow/dags/crawl_dag.py took 0.082 seconds
[2024-10-28T13:43:05.531+0000] {processor.py:186} INFO - Started process (PID=305) to work on /opt/airflow/dags/crawl_dag.py
[2024-10-28T13:43:05.532+0000] {processor.py:914} INFO - Processing file /opt/airflow/dags/crawl_dag.py for tasks to queue
[2024-10-28T13:43:05.534+0000] {logging_mixin.py:190} INFO - [2024-10-28T13:43:05.534+0000] {dagbag.py:588} INFO - Filling up the DagBag from /opt/airflow/dags/crawl_dag.py
[2024-10-28T13:43:05.548+0000] {processor.py:925} INFO - DAG(s) 'crawl_dag' retrieved from /opt/airflow/dags/crawl_dag.py
[2024-10-28T13:43:05.571+0000] {logging_mixin.py:190} INFO - [2024-10-28T13:43:05.571+0000] {dag.py:3239} INFO - Sync 1 DAGs
[2024-10-28T13:43:05.585+0000] {logging_mixin.py:190} INFO - [2024-10-28T13:43:05.584+0000] {dag.py:4180} INFO - Setting next_dagrun for crawl_dag to None, run_after=None
[2024-10-28T13:43:05.602+0000] {processor.py:208} INFO - Processing /opt/airflow/dags/crawl_dag.py took 0.077 seconds
[2024-10-28T13:43:35.891+0000] {processor.py:186} INFO - Started process (PID=313) to work on /opt/airflow/dags/crawl_dag.py
[2024-10-28T13:43:35.892+0000] {processor.py:914} INFO - Processing file /opt/airflow/dags/crawl_dag.py for tasks to queue
[2024-10-28T13:43:35.894+0000] {logging_mixin.py:190} INFO - [2024-10-28T13:43:35.893+0000] {dagbag.py:588} INFO - Filling up the DagBag from /opt/airflow/dags/crawl_dag.py
[2024-10-28T13:43:35.907+0000] {processor.py:925} INFO - DAG(s) 'crawl_dag' retrieved from /opt/airflow/dags/crawl_dag.py
[2024-10-28T13:43:35.928+0000] {logging_mixin.py:190} INFO - [2024-10-28T13:43:35.928+0000] {dag.py:3239} INFO - Sync 1 DAGs
[2024-10-28T13:43:35.942+0000] {logging_mixin.py:190} INFO - [2024-10-28T13:43:35.942+0000] {dag.py:4180} INFO - Setting next_dagrun for crawl_dag to None, run_after=None
[2024-10-28T13:43:35.958+0000] {processor.py:208} INFO - Processing /opt/airflow/dags/crawl_dag.py took 0.076 seconds
[2024-10-28T13:44:06.170+0000] {processor.py:186} INFO - Started process (PID=321) to work on /opt/airflow/dags/crawl_dag.py
[2024-10-28T13:44:06.172+0000] {processor.py:914} INFO - Processing file /opt/airflow/dags/crawl_dag.py for tasks to queue
[2024-10-28T13:44:06.174+0000] {logging_mixin.py:190} INFO - [2024-10-28T13:44:06.174+0000] {dagbag.py:588} INFO - Filling up the DagBag from /opt/airflow/dags/crawl_dag.py
[2024-10-28T13:44:06.191+0000] {processor.py:925} INFO - DAG(s) 'crawl_dag' retrieved from /opt/airflow/dags/crawl_dag.py
[2024-10-28T13:44:06.214+0000] {logging_mixin.py:190} INFO - [2024-10-28T13:44:06.213+0000] {dag.py:3239} INFO - Sync 1 DAGs
[2024-10-28T13:44:06.227+0000] {logging_mixin.py:190} INFO - [2024-10-28T13:44:06.227+0000] {dag.py:4180} INFO - Setting next_dagrun for crawl_dag to None, run_after=None
[2024-10-28T13:44:06.245+0000] {processor.py:208} INFO - Processing /opt/airflow/dags/crawl_dag.py took 0.086 seconds
[2024-10-28T13:44:36.441+0000] {processor.py:186} INFO - Started process (PID=329) to work on /opt/airflow/dags/crawl_dag.py
[2024-10-28T13:44:36.441+0000] {processor.py:914} INFO - Processing file /opt/airflow/dags/crawl_dag.py for tasks to queue
[2024-10-28T13:44:36.443+0000] {logging_mixin.py:190} INFO - [2024-10-28T13:44:36.443+0000] {dagbag.py:588} INFO - Filling up the DagBag from /opt/airflow/dags/crawl_dag.py
[2024-10-28T13:44:36.458+0000] {processor.py:925} INFO - DAG(s) 'crawl_dag' retrieved from /opt/airflow/dags/crawl_dag.py
[2024-10-28T13:44:36.480+0000] {logging_mixin.py:190} INFO - [2024-10-28T13:44:36.480+0000] {dag.py:3239} INFO - Sync 1 DAGs
[2024-10-28T13:44:36.494+0000] {logging_mixin.py:190} INFO - [2024-10-28T13:44:36.493+0000] {dag.py:4180} INFO - Setting next_dagrun for crawl_dag to None, run_after=None
[2024-10-28T13:44:36.510+0000] {processor.py:208} INFO - Processing /opt/airflow/dags/crawl_dag.py took 0.075 seconds
[2024-10-28T13:45:06.743+0000] {processor.py:186} INFO - Started process (PID=337) to work on /opt/airflow/dags/crawl_dag.py
[2024-10-28T13:45:06.744+0000] {processor.py:914} INFO - Processing file /opt/airflow/dags/crawl_dag.py for tasks to queue
[2024-10-28T13:45:06.747+0000] {logging_mixin.py:190} INFO - [2024-10-28T13:45:06.746+0000] {dagbag.py:588} INFO - Filling up the DagBag from /opt/airflow/dags/crawl_dag.py
[2024-10-28T13:45:06.771+0000] {processor.py:925} INFO - DAG(s) 'crawl_dag' retrieved from /opt/airflow/dags/crawl_dag.py
[2024-10-28T13:45:06.803+0000] {logging_mixin.py:190} INFO - [2024-10-28T13:45:06.802+0000] {dag.py:3239} INFO - Sync 1 DAGs
[2024-10-28T13:45:06.815+0000] {logging_mixin.py:190} INFO - [2024-10-28T13:45:06.815+0000] {dag.py:4180} INFO - Setting next_dagrun for crawl_dag to None, run_after=None
[2024-10-28T13:45:06.838+0000] {processor.py:208} INFO - Processing /opt/airflow/dags/crawl_dag.py took 0.103 seconds
[2024-10-28T13:45:37.067+0000] {processor.py:186} INFO - Started process (PID=345) to work on /opt/airflow/dags/crawl_dag.py
[2024-10-28T13:45:37.068+0000] {processor.py:914} INFO - Processing file /opt/airflow/dags/crawl_dag.py for tasks to queue
[2024-10-28T13:45:37.072+0000] {logging_mixin.py:190} INFO - [2024-10-28T13:45:37.071+0000] {dagbag.py:588} INFO - Filling up the DagBag from /opt/airflow/dags/crawl_dag.py
[2024-10-28T13:45:37.088+0000] {processor.py:925} INFO - DAG(s) 'crawl_dag' retrieved from /opt/airflow/dags/crawl_dag.py
[2024-10-28T13:45:37.112+0000] {logging_mixin.py:190} INFO - [2024-10-28T13:45:37.112+0000] {dag.py:3239} INFO - Sync 1 DAGs
[2024-10-28T13:45:37.124+0000] {logging_mixin.py:190} INFO - [2024-10-28T13:45:37.124+0000] {dag.py:4180} INFO - Setting next_dagrun for crawl_dag to None, run_after=None
[2024-10-28T13:45:37.140+0000] {processor.py:208} INFO - Processing /opt/airflow/dags/crawl_dag.py took 0.086 seconds
[2024-10-28T13:46:07.414+0000] {processor.py:186} INFO - Started process (PID=353) to work on /opt/airflow/dags/crawl_dag.py
[2024-10-28T13:46:07.415+0000] {processor.py:914} INFO - Processing file /opt/airflow/dags/crawl_dag.py for tasks to queue
[2024-10-28T13:46:07.418+0000] {logging_mixin.py:190} INFO - [2024-10-28T13:46:07.418+0000] {dagbag.py:588} INFO - Filling up the DagBag from /opt/airflow/dags/crawl_dag.py
[2024-10-28T13:46:07.433+0000] {processor.py:925} INFO - DAG(s) 'crawl_dag' retrieved from /opt/airflow/dags/crawl_dag.py
[2024-10-28T13:46:07.454+0000] {logging_mixin.py:190} INFO - [2024-10-28T13:46:07.454+0000] {dag.py:3239} INFO - Sync 1 DAGs
[2024-10-28T13:46:07.467+0000] {logging_mixin.py:190} INFO - [2024-10-28T13:46:07.467+0000] {dag.py:4180} INFO - Setting next_dagrun for crawl_dag to None, run_after=None
[2024-10-28T13:46:07.481+0000] {processor.py:208} INFO - Processing /opt/airflow/dags/crawl_dag.py took 0.079 seconds
[2024-10-28T13:46:37.698+0000] {processor.py:186} INFO - Started process (PID=361) to work on /opt/airflow/dags/crawl_dag.py
[2024-10-28T13:46:37.699+0000] {processor.py:914} INFO - Processing file /opt/airflow/dags/crawl_dag.py for tasks to queue
[2024-10-28T13:46:37.702+0000] {logging_mixin.py:190} INFO - [2024-10-28T13:46:37.701+0000] {dagbag.py:588} INFO - Filling up the DagBag from /opt/airflow/dags/crawl_dag.py
[2024-10-28T13:46:37.718+0000] {processor.py:925} INFO - DAG(s) 'crawl_dag' retrieved from /opt/airflow/dags/crawl_dag.py
[2024-10-28T13:46:37.739+0000] {logging_mixin.py:190} INFO - [2024-10-28T13:46:37.738+0000] {dag.py:3239} INFO - Sync 1 DAGs
[2024-10-28T13:46:37.751+0000] {logging_mixin.py:190} INFO - [2024-10-28T13:46:37.751+0000] {dag.py:4180} INFO - Setting next_dagrun for crawl_dag to None, run_after=None
[2024-10-28T13:46:37.765+0000] {processor.py:208} INFO - Processing /opt/airflow/dags/crawl_dag.py took 0.079 seconds
[2024-10-28T13:47:08.023+0000] {processor.py:186} INFO - Started process (PID=378) to work on /opt/airflow/dags/crawl_dag.py
[2024-10-28T13:47:08.024+0000] {processor.py:914} INFO - Processing file /opt/airflow/dags/crawl_dag.py for tasks to queue
[2024-10-28T13:47:08.026+0000] {logging_mixin.py:190} INFO - [2024-10-28T13:47:08.026+0000] {dagbag.py:588} INFO - Filling up the DagBag from /opt/airflow/dags/crawl_dag.py
[2024-10-28T13:47:08.039+0000] {processor.py:925} INFO - DAG(s) 'crawl_dag' retrieved from /opt/airflow/dags/crawl_dag.py
[2024-10-28T13:47:08.059+0000] {logging_mixin.py:190} INFO - [2024-10-28T13:47:08.059+0000] {dag.py:3239} INFO - Sync 1 DAGs
[2024-10-28T13:47:08.071+0000] {logging_mixin.py:190} INFO - [2024-10-28T13:47:08.071+0000] {dag.py:4180} INFO - Setting next_dagrun for crawl_dag to None, run_after=None
[2024-10-28T13:47:08.086+0000] {processor.py:208} INFO - Processing /opt/airflow/dags/crawl_dag.py took 0.071 seconds
[2024-10-28T13:47:38.333+0000] {processor.py:186} INFO - Started process (PID=388) to work on /opt/airflow/dags/crawl_dag.py
[2024-10-28T13:47:38.334+0000] {processor.py:914} INFO - Processing file /opt/airflow/dags/crawl_dag.py for tasks to queue
[2024-10-28T13:47:38.337+0000] {logging_mixin.py:190} INFO - [2024-10-28T13:47:38.336+0000] {dagbag.py:588} INFO - Filling up the DagBag from /opt/airflow/dags/crawl_dag.py
[2024-10-28T13:47:38.352+0000] {processor.py:925} INFO - DAG(s) 'crawl_dag' retrieved from /opt/airflow/dags/crawl_dag.py
[2024-10-28T13:47:38.372+0000] {logging_mixin.py:190} INFO - [2024-10-28T13:47:38.372+0000] {dag.py:3239} INFO - Sync 1 DAGs
[2024-10-28T13:47:38.384+0000] {logging_mixin.py:190} INFO - [2024-10-28T13:47:38.383+0000] {dag.py:4180} INFO - Setting next_dagrun for crawl_dag to None, run_after=None
[2024-10-28T13:47:38.397+0000] {processor.py:208} INFO - Processing /opt/airflow/dags/crawl_dag.py took 0.074 seconds
[2024-10-28T13:48:08.673+0000] {processor.py:186} INFO - Started process (PID=397) to work on /opt/airflow/dags/crawl_dag.py
[2024-10-28T13:48:08.674+0000] {processor.py:914} INFO - Processing file /opt/airflow/dags/crawl_dag.py for tasks to queue
[2024-10-28T13:48:08.676+0000] {logging_mixin.py:190} INFO - [2024-10-28T13:48:08.675+0000] {dagbag.py:588} INFO - Filling up the DagBag from /opt/airflow/dags/crawl_dag.py
[2024-10-28T13:48:08.690+0000] {processor.py:925} INFO - DAG(s) 'crawl_dag' retrieved from /opt/airflow/dags/crawl_dag.py
[2024-10-28T13:48:08.710+0000] {logging_mixin.py:190} INFO - [2024-10-28T13:48:08.710+0000] {dag.py:3239} INFO - Sync 1 DAGs
[2024-10-28T13:48:08.724+0000] {logging_mixin.py:190} INFO - [2024-10-28T13:48:08.724+0000] {dag.py:4180} INFO - Setting next_dagrun for crawl_dag to None, run_after=None
[2024-10-28T13:48:08.740+0000] {processor.py:208} INFO - Processing /opt/airflow/dags/crawl_dag.py took 0.072 seconds
[2024-10-28T13:48:38.966+0000] {processor.py:186} INFO - Started process (PID=405) to work on /opt/airflow/dags/crawl_dag.py
[2024-10-28T13:48:38.967+0000] {processor.py:914} INFO - Processing file /opt/airflow/dags/crawl_dag.py for tasks to queue
[2024-10-28T13:48:38.969+0000] {logging_mixin.py:190} INFO - [2024-10-28T13:48:38.969+0000] {dagbag.py:588} INFO - Filling up the DagBag from /opt/airflow/dags/crawl_dag.py
[2024-10-28T13:48:38.982+0000] {processor.py:925} INFO - DAG(s) 'crawl_dag' retrieved from /opt/airflow/dags/crawl_dag.py
[2024-10-28T13:48:39.012+0000] {logging_mixin.py:190} INFO - [2024-10-28T13:48:39.011+0000] {dag.py:3239} INFO - Sync 1 DAGs
[2024-10-28T13:48:39.025+0000] {logging_mixin.py:190} INFO - [2024-10-28T13:48:39.025+0000] {dag.py:4180} INFO - Setting next_dagrun for crawl_dag to None, run_after=None
[2024-10-28T13:48:39.041+0000] {processor.py:208} INFO - Processing /opt/airflow/dags/crawl_dag.py took 0.081 seconds
[2024-10-28T13:49:09.265+0000] {processor.py:186} INFO - Started process (PID=413) to work on /opt/airflow/dags/crawl_dag.py
[2024-10-28T13:49:09.266+0000] {processor.py:914} INFO - Processing file /opt/airflow/dags/crawl_dag.py for tasks to queue
[2024-10-28T13:49:09.270+0000] {logging_mixin.py:190} INFO - [2024-10-28T13:49:09.269+0000] {dagbag.py:588} INFO - Filling up the DagBag from /opt/airflow/dags/crawl_dag.py
[2024-10-28T13:49:09.286+0000] {processor.py:925} INFO - DAG(s) 'crawl_dag' retrieved from /opt/airflow/dags/crawl_dag.py
[2024-10-28T13:49:09.306+0000] {logging_mixin.py:190} INFO - [2024-10-28T13:49:09.306+0000] {dag.py:3239} INFO - Sync 1 DAGs
[2024-10-28T13:49:09.320+0000] {logging_mixin.py:190} INFO - [2024-10-28T13:49:09.319+0000] {dag.py:4180} INFO - Setting next_dagrun for crawl_dag to None, run_after=None
[2024-10-28T13:49:09.333+0000] {processor.py:208} INFO - Processing /opt/airflow/dags/crawl_dag.py took 0.083 seconds
[2024-10-28T13:49:39.585+0000] {processor.py:186} INFO - Started process (PID=421) to work on /opt/airflow/dags/crawl_dag.py
[2024-10-28T13:49:39.586+0000] {processor.py:914} INFO - Processing file /opt/airflow/dags/crawl_dag.py for tasks to queue
[2024-10-28T13:49:39.589+0000] {logging_mixin.py:190} INFO - [2024-10-28T13:49:39.589+0000] {dagbag.py:588} INFO - Filling up the DagBag from /opt/airflow/dags/crawl_dag.py
[2024-10-28T13:49:39.608+0000] {processor.py:925} INFO - DAG(s) 'crawl_dag' retrieved from /opt/airflow/dags/crawl_dag.py
[2024-10-28T13:49:39.631+0000] {logging_mixin.py:190} INFO - [2024-10-28T13:49:39.630+0000] {dag.py:3239} INFO - Sync 1 DAGs
[2024-10-28T13:49:39.643+0000] {logging_mixin.py:190} INFO - [2024-10-28T13:49:39.643+0000] {dag.py:4180} INFO - Setting next_dagrun for crawl_dag to None, run_after=None
[2024-10-28T13:49:39.659+0000] {processor.py:208} INFO - Processing /opt/airflow/dags/crawl_dag.py took 0.085 seconds
[2024-10-28T13:50:09.931+0000] {processor.py:186} INFO - Started process (PID=430) to work on /opt/airflow/dags/crawl_dag.py
[2024-10-28T13:50:09.932+0000] {processor.py:914} INFO - Processing file /opt/airflow/dags/crawl_dag.py for tasks to queue
[2024-10-28T13:50:09.934+0000] {logging_mixin.py:190} INFO - [2024-10-28T13:50:09.934+0000] {dagbag.py:588} INFO - Filling up the DagBag from /opt/airflow/dags/crawl_dag.py
[2024-10-28T13:50:09.950+0000] {processor.py:925} INFO - DAG(s) 'crawl_dag' retrieved from /opt/airflow/dags/crawl_dag.py
[2024-10-28T13:50:09.971+0000] {logging_mixin.py:190} INFO - [2024-10-28T13:50:09.971+0000] {dag.py:3239} INFO - Sync 1 DAGs
[2024-10-28T13:50:09.983+0000] {logging_mixin.py:190} INFO - [2024-10-28T13:50:09.983+0000] {dag.py:4180} INFO - Setting next_dagrun for crawl_dag to None, run_after=None
[2024-10-28T13:50:09.998+0000] {processor.py:208} INFO - Processing /opt/airflow/dags/crawl_dag.py took 0.079 seconds
[2024-10-28T13:50:40.244+0000] {processor.py:186} INFO - Started process (PID=439) to work on /opt/airflow/dags/crawl_dag.py
[2024-10-28T13:50:40.245+0000] {processor.py:914} INFO - Processing file /opt/airflow/dags/crawl_dag.py for tasks to queue
[2024-10-28T13:50:40.247+0000] {logging_mixin.py:190} INFO - [2024-10-28T13:50:40.247+0000] {dagbag.py:588} INFO - Filling up the DagBag from /opt/airflow/dags/crawl_dag.py
[2024-10-28T13:50:40.262+0000] {processor.py:925} INFO - DAG(s) 'crawl_dag' retrieved from /opt/airflow/dags/crawl_dag.py
[2024-10-28T13:50:40.284+0000] {logging_mixin.py:190} INFO - [2024-10-28T13:50:40.284+0000] {dag.py:3239} INFO - Sync 1 DAGs
[2024-10-28T13:50:40.296+0000] {logging_mixin.py:190} INFO - [2024-10-28T13:50:40.296+0000] {dag.py:4180} INFO - Setting next_dagrun for crawl_dag to None, run_after=None
[2024-10-28T13:50:40.312+0000] {processor.py:208} INFO - Processing /opt/airflow/dags/crawl_dag.py took 0.077 seconds
[2024-10-28T13:51:10.588+0000] {processor.py:186} INFO - Started process (PID=447) to work on /opt/airflow/dags/crawl_dag.py
[2024-10-28T13:51:10.589+0000] {processor.py:914} INFO - Processing file /opt/airflow/dags/crawl_dag.py for tasks to queue
[2024-10-28T13:51:10.592+0000] {logging_mixin.py:190} INFO - [2024-10-28T13:51:10.592+0000] {dagbag.py:588} INFO - Filling up the DagBag from /opt/airflow/dags/crawl_dag.py
[2024-10-28T13:51:10.607+0000] {processor.py:925} INFO - DAG(s) 'crawl_dag' retrieved from /opt/airflow/dags/crawl_dag.py
[2024-10-28T13:51:10.627+0000] {logging_mixin.py:190} INFO - [2024-10-28T13:51:10.627+0000] {dag.py:3239} INFO - Sync 1 DAGs
[2024-10-28T13:51:10.640+0000] {logging_mixin.py:190} INFO - [2024-10-28T13:51:10.639+0000] {dag.py:4180} INFO - Setting next_dagrun for crawl_dag to None, run_after=None
[2024-10-28T13:51:10.655+0000] {processor.py:208} INFO - Processing /opt/airflow/dags/crawl_dag.py took 0.077 seconds
[2024-10-28T13:51:40.894+0000] {processor.py:186} INFO - Started process (PID=455) to work on /opt/airflow/dags/crawl_dag.py
[2024-10-28T13:51:40.895+0000] {processor.py:914} INFO - Processing file /opt/airflow/dags/crawl_dag.py for tasks to queue
[2024-10-28T13:51:40.898+0000] {logging_mixin.py:190} INFO - [2024-10-28T13:51:40.898+0000] {dagbag.py:588} INFO - Filling up the DagBag from /opt/airflow/dags/crawl_dag.py
[2024-10-28T13:51:40.914+0000] {processor.py:925} INFO - DAG(s) 'crawl_dag' retrieved from /opt/airflow/dags/crawl_dag.py
[2024-10-28T13:51:40.935+0000] {logging_mixin.py:190} INFO - [2024-10-28T13:51:40.935+0000] {dag.py:3239} INFO - Sync 1 DAGs
[2024-10-28T13:51:40.950+0000] {logging_mixin.py:190} INFO - [2024-10-28T13:51:40.950+0000] {dag.py:4180} INFO - Setting next_dagrun for crawl_dag to None, run_after=None
[2024-10-28T13:51:40.964+0000] {processor.py:208} INFO - Processing /opt/airflow/dags/crawl_dag.py took 0.080 seconds
